Country,Code,Year,Government expenditure on education (% of GDP)
Afghanistan,AFG,1971,1.16
Afghanistan,AFG,1972,1.12
Afghanistan,AFG,1973,1.43
Afghanistan,AFG,1975,1.30
Afghanistan,AFG,1979,1.74
Afghanistan,AFG,1980,1.84
Afghanistan,AFG,1981,1.91
Afghanistan,AFG,1982,1.73
Afghanistan,AFG,2010,3.48
Afghanistan,AFG,2011,3.46
Afghanistan,AFG,2013,3.45
Afghanistan,AFG,2014,3.70
Afghanistan,AFG,2015,3.26
Afghanistan,AFG,2016,3.51
Afghanistan,AFG,2017,3.37
Afghanistan,AFG,2018,3.20
Afghanistan,AFG,2019,3.21
Albania,ALB,1994,3.45
Albania,ALB,1995,3.81
Albania,ALB,1996,3.08
Albania,ALB,1997,3.38
Albania,ALB,1998,3.54
Albania,ALB,1999,3.59
Albania,ALB,2000,3.43
Albania,ALB,2001,3.46
Albania,ALB,2002,3.12
Albania,ALB,2003,3.14
Albania,ALB,2004,3.23
Albania,ALB,2005,3.28
Albania,ALB,2006,3.19
Albania,ALB,2007,3.28
Albania,ALB,2013,3.54
Albania,ALB,2015,3.44
Albania,ALB,2016,3.96
Albania,ALB,2017,3.61
Albania,ALB,2019,3.95
Algeria,DZA,1979,7.18
Algeria,DZA,1980,6.60
Algeria,DZA,2008,4.34
Algeria,DZA,2016,7.34
Algeria,DZA,2017,6.51
Algeria,DZA,2018,5.87
Algeria,DZA,2019,6.10
American Samoa,ASM,2006,14.72
Andorra,AND,1997,3.71
Andorra,AND,2002,1.66
Andorra,AND,2004,1.54
Andorra,AND,2005,1.64
Andorra,AND,2006,2.24
Andorra,AND,2007,2.10
Andorra,AND,2008,2.87
Andorra,AND,2009,3.14
Andorra,AND,2010,2.98
Andorra,AND,2011,2.99
Andorra,AND,2013,2.51
Andorra,AND,2014,3.07
Andorra,AND,2015,3.28
Andorra,AND,2016,3.24
Andorra,AND,2017,3.22
Andorra,AND,2018,3.25
Andorra,AND,2019,3.15
Angola,AGO,1985,4.09
Angola,AGO,1986,5.72
Angola,AGO,1987,5.06
Angola,AGO,1998,2.57
Angola,AGO,2000,2.61
Angola,AGO,2005,2.12
Angola,AGO,2006,2.28
Angola,AGO,2010,3.42
Angola,AGO,2011,3.24
Angola,AGO,2012,3.28
Angola,AGO,2013,3.87
Angola,AGO,2014,2.93
Angola,AGO,2015,3.49
Angola,AGO,2016,2.75
Angola,AGO,2017,2.47
Angola,AGO,2018,2.04
Angola,AGO,2019,1.82
Antigua and Barbuda,ATG,1999,2.75
Antigua and Barbuda,ATG,2002,3.40
Antigua and Barbuda,ATG,2009,2.51
Antigua and Barbuda,ATG,2016,2.43
Antigua and Barbuda,ATG,2017,2.45
Antigua and Barbuda,ATG,2018,2.64
Antigua and Barbuda,ATG,2019,2.82
Antigua and Barbuda,ATG,2020,3.32
Argentina,ARG,1970,1.46
Argentina,ARG,1972,1.94
Argentina,ARG,1973,1.78
Argentina,ARG,1974,1.92
Argentina,ARG,1975,1.84
Argentina,ARG,1976,1.17
Argentina,ARG,1977,1.72
Argentina,ARG,1978,1.94
Argentina,ARG,1979,2.40
Argentina,ARG,1980,2.61
Argentina,ARG,1982,1.60
Argentina,ARG,1983,1.62
Argentina,ARG,1984,2.57
Argentina,ARG,1985,1.36
Argentina,ARG,1986,1.26
Argentina,ARG,1987,1.28
Argentina,ARG,1989,1.05
Argentina,ARG,1990,1.07
Argentina,ARG,1996,3.73
Argentina,ARG,1998,4.04
Argentina,ARG,1999,4.52
Argentina,ARG,2000,4.58
Argentina,ARG,2001,4.83
Argentina,ARG,2002,4.02
Argentina,ARG,2003,3.54
Argentina,ARG,2004,3.49
Argentina,ARG,2005,3.86
Argentina,ARG,2006,4.13
Argentina,ARG,2007,4.46
Argentina,ARG,2008,4.84
Argentina,ARG,2009,5.53
Argentina,ARG,2010,5.02
Argentina,ARG,2011,5.29
Argentina,ARG,2012,5.35
Argentina,ARG,2013,5.44
Argentina,ARG,2014,5.36
Argentina,ARG,2015,5.78
Argentina,ARG,2016,5.55
Argentina,ARG,2017,5.45
Argentina,ARG,2018,4.95
Argentina,ARG,2019,4.80
Armenia,ARM,1996,1.85
Armenia,ARM,1999,2.24
Armenia,ARM,2000,2.77
Armenia,ARM,2001,2.47
Armenia,ARM,2002,2.14
Armenia,ARM,2003,2.15
Armenia,ARM,2004,2.49
Armenia,ARM,2005,2.71
Armenia,ARM,2006,2.72
Armenia,ARM,2007,3.02
Armenia,ARM,2008,3.17
Armenia,ARM,2009,3.84
Armenia,ARM,2010,3.25
Armenia,ARM,2011,3.14
Armenia,ARM,2012,2.77
Armenia,ARM,2013,2.65
Armenia,ARM,2014,2.25
Armenia,ARM,2015,2.81
Armenia,ARM,2016,2.76
Armenia,ARM,2017,2.71
Armenia,ARM,2018,2.26
Armenia,ARM,2019,2.56
Armenia,ARM,2020,2.70
Aruba,ABW,1998,4.76
Aruba,ABW,1999,4.40
Aruba,ABW,2000,4.71
Aruba,ABW,2001,4.74
Aruba,ABW,2002,4.92
Aruba,ABW,2004,4.41
Aruba,ABW,2005,4.68
Aruba,ABW,2007,4.82
Aruba,ABW,2008,5.00
Aruba,ABW,2009,5.92
Aruba,ABW,2010,6.93
Aruba,ABW,2011,6.12
Aruba,ABW,2012,6.55
Aruba,ABW,2013,6.44
Aruba,ABW,2014,5.85
Aruba,ABW,2015,5.89
Aruba,ABW,2016,5.49
Australia,AUS,1978,6.01
Australia,AUS,1979,5.90
Australia,AUS,1980,5.65
Australia,AUS,1982,5.48
Australia,AUS,1983,5.37
Australia,AUS,1985,5.41
Australia,AUS,1986,5.28
Australia,AUS,1987,5.07
Australia,AUS,1988,4.92
Australia,AUS,1989,4.75
Australia,AUS,1990,4.68
Australia,AUS,1991,4.79
Australia,AUS,1992,4.69
Australia,AUS,1993,5.52
Australia,AUS,1994,5.25
Australia,AUS,1995,5.14
Australia,AUS,1996,5.24
Australia,AUS,2000,4.89
Australia,AUS,2005,4.91
Australia,AUS,2006,4.75
Australia,AUS,2007,4.66
Australia,AUS,2008,4.64
Australia,AUS,2009,5.09
Australia,AUS,2010,5.55
Australia,AUS,2011,5.07
Australia,AUS,2012,4.87
Australia,AUS,2013,5.23
Australia,AUS,2014,5.16
Australia,AUS,2015,5.31
Australia,AUS,2016,5.28
Australia,AUS,2017,5.13
Australia,AUS,2018,5.11
Austria,AUT,1970,4.15
Austria,AUT,1971,4.28
Austria,AUT,1972,4.45
Austria,AUT,1973,4.52
Austria,AUT,1974,4.66
Austria,AUT,1975,5.13
Austria,AUT,1976,5.24
Austria,AUT,1977,4.95
Austria,AUT,1978,5.16
Austria,AUT,1979,5.04
Austria,AUT,1980,5.01
Austria,AUT,1981,5.37
Austria,AUT,1982,5.36
Austria,AUT,1983,5.30
Austria,AUT,1984,5.29
Austria,AUT,1985,5.30
Austria,AUT,1986,5.50
Austria,AUT,1987,5.38
Austria,AUT,1988,5.19
Austria,AUT,1989,5.02
Austria,AUT,1990,4.96
Austria,AUT,1991,5.10
Austria,AUT,1992,5.30
Austria,AUT,1993,5.25
Austria,AUT,1995,5.43
Austria,AUT,1996,5.26
Austria,AUT,1998,6.10
Austria,AUT,1999,6.11
Austria,AUT,2000,5.59
Austria,AUT,2001,5.58
Austria,AUT,2002,5.52
Austria,AUT,2003,5.36
Austria,AUT,2004,5.30
Austria,AUT,2005,5.25
Austria,AUT,2006,5.23
Austria,AUT,2007,5.15
Austria,AUT,2008,5.26
Austria,AUT,2009,5.73
Austria,AUT,2010,5.70
Austria,AUT,2011,5.59
Austria,AUT,2012,5.48
Austria,AUT,2013,5.55
Austria,AUT,2014,5.45
Austria,AUT,2015,5.46
Austria,AUT,2016,5.48
Austria,AUT,2017,5.37
Austria,AUT,2018,5.23
Azerbaijan,AZE,1992,6.06
Azerbaijan,AZE,1995,3.34
Azerbaijan,AZE,1996,3.51
Azerbaijan,AZE,1998,3.38
Azerbaijan,AZE,1999,4.21
Azerbaijan,AZE,2000,3.85
Azerbaijan,AZE,2001,3.50
Azerbaijan,AZE,2002,3.15
Azerbaijan,AZE,2003,3.29
Azerbaijan,AZE,2004,3.45
Azerbaijan,AZE,2005,2.97
Azerbaijan,AZE,2006,2.56
Azerbaijan,AZE,2007,2.55
Azerbaijan,AZE,2008,2.44
Azerbaijan,AZE,2009,3.22
Azerbaijan,AZE,2010,2.78
Azerbaijan,AZE,2011,2.44
Azerbaijan,AZE,2012,2.07
Azerbaijan,AZE,2013,2.44
Azerbaijan,AZE,2014,2.63
Azerbaijan,AZE,2015,2.95
Azerbaijan,AZE,2016,2.90
Azerbaijan,AZE,2017,2.47
Azerbaijan,AZE,2018,2.46
Azerbaijan,AZE,2019,2.68
Bahamas,BHS,2000,2.23
Bahamas,BHS,2015,2.29
Bahamas,BHS,2016,2.33
Bahamas,BHS,2017,2.42
Bahamas,BHS,2018,2.31
Bahamas,BHS,2019,2.40
Bahamas,BHS,2020,2.51
Bahrain,BHR,2006,2.87
Bahrain,BHR,2007,2.58
Bahrain,BHR,2008,2.50
Bahrain,BHR,2012,2.65
Bahrain,BHR,2013,2.48
Bahrain,BHR,2014,2.47
Bahrain,BHR,2015,2.67
Bahrain,BHR,2017,2.32
Bangladesh,BGD,1979,1.13
Bangladesh,BGD,1980,0.94
Bangladesh,BGD,1981,1.07
Bangladesh,BGD,1982,1.01
Bangladesh,BGD,1983,1.03
Bangladesh,BGD,1984,1.22
Bangladesh,BGD,1985,1.27
Bangladesh,BGD,1986,1.34
Bangladesh,BGD,1987,1.51
Bangladesh,BGD,1990,1.52
Bangladesh,BGD,1991,1.43
Bangladesh,BGD,1992,1.63
Bangladesh,BGD,1993,1.69
Bangladesh,BGD,1997,1.95
Bangladesh,BGD,1999,2.13
Bangladesh,BGD,2000,2.13
Bangladesh,BGD,2001,2.17
Bangladesh,BGD,2002,2.02
Bangladesh,BGD,2003,2.07
Bangladesh,BGD,2004,1.94
Bangladesh,BGD,2006,2.13
Bangladesh,BGD,2007,2.20
Bangladesh,BGD,2008,2.05
Bangladesh,BGD,2009,1.94
Bangladesh,BGD,2011,2.13
Bangladesh,BGD,2012,2.18
Bangladesh,BGD,2013,1.97
Bangladesh,BGD,2016,1.54
Bangladesh,BGD,2019,1.33
Barbados,BRB,1976,5.94
Barbados,BRB,1977,6.52
Barbados,BRB,1991,6.64
Barbados,BRB,1999,4.34
Barbados,BRB,2000,4.72
Barbados,BRB,2001,6.06
Barbados,BRB,2002,5.88
Barbados,BRB,2003,6.25
Barbados,BRB,2004,6.02
Barbados,BRB,2005,5.67
Barbados,BRB,2007,5.22
Barbados,BRB,2008,4.92
Barbados,BRB,2009,5.12
Barbados,BRB,2010,6.05
Barbados,BRB,2012,5.26
Barbados,BRB,2013,5.15
Barbados,BRB,2014,6.14
Barbados,BRB,2015,5.38
Barbados,BRB,2016,4.71
Barbados,BRB,2017,4.37
Barbados,BRB,2018,5.43
Barbados,BRB,2019,3.20
Barbados,BRB,2020,4.30
Belarus,BLR,1999,6.00
Belarus,BLR,2000,6.20
Belarus,BLR,2004,5.71
Belarus,BLR,2005,5.87
Belarus,BLR,2006,6.08
Belarus,BLR,2007,5.15
Belarus,BLR,2009,4.37
Belarus,BLR,2010,5.22
Belarus,BLR,2011,4.68
Belarus,BLR,2012,4.96
Belarus,BLR,2013,5.01
Belarus,BLR,2014,4.82
Belarus,BLR,2015,4.79
Belarus,BLR,2016,4.95
Belarus,BLR,2017,4.79
Belarus,BLR,2018,5.38
Belarus,BLR,2019,4.98
Belarus,BLR,2020,4.95
Belgium,BEL,1975,5.76
Belgium,BEL,1976,5.73
Belgium,BEL,1977,5.99
Belgium,BEL,1978,5.44
Belgium,BEL,1979,5.38
Belgium,BEL,1980,5.31
Belgium,BEL,1981,5.44
Belgium,BEL,1982,5.32
Belgium,BEL,1986,4.85
Belgium,BEL,1987,4.58
Belgium,BEL,1988,4.30
Belgium,BEL,1993,5.37
Belgium,BEL,1994,5.41
Belgium,BEL,1995,2.99
Belgium,BEL,1996,3.05
Belgium,BEL,2005,5.80
Belgium,BEL,2008,6.33
Belgium,BEL,2009,6.46
Belgium,BEL,2010,6.44
Belgium,BEL,2011,6.43
Belgium,BEL,2013,6.63
Belgium,BEL,2014,6.59
Belgium,BEL,2015,6.45
Belgium,BEL,2016,6.46
Belgium,BEL,2017,6.43
Belgium,BEL,2018,6.38
Belize,BLZ,1999,5.44
Belize,BLZ,2000,5.03
Belize,BLZ,2001,5.80
Belize,BLZ,2003,5.25
Belize,BLZ,2004,5.34
Belize,BLZ,2008,5.77
Belize,BLZ,2009,6.18
Belize,BLZ,2010,6.72
Belize,BLZ,2013,6.43
Belize,BLZ,2014,6.61
Belize,BLZ,2015,6.87
Belize,BLZ,2016,7.29
Belize,BLZ,2017,7.45
Belize,BLZ,2018,7.47
Belize,BLZ,2019,7.14
Belize,BLZ,2020,7.94
Benin,BEN,1998,2.75
Benin,BEN,1999,1.92
Benin,BEN,2000,2.11
Benin,BEN,2001,2.37
Benin,BEN,2002,2.16
Benin,BEN,2003,2.28
Benin,BEN,2004,2.57
Benin,BEN,2005,2.66
Benin,BEN,2006,2.56
Benin,BEN,2007,2.36
Benin,BEN,2008,2.78
Benin,BEN,2009,3.09
Benin,BEN,2010,3.68
Benin,BEN,2011,4.40
Benin,BEN,2012,3.56
Benin,BEN,2013,3.33
Benin,BEN,2014,3.16
Benin,BEN,2015,3.17
Benin,BEN,2016,2.90
Benin,BEN,2017,3.54
Benin,BEN,2018,2.93
Benin,BEN,2019,2.97
Bermuda,BMU,1973,4.11
Bermuda,BMU,1975,3.43
Bermuda,BMU,1985,3.03
Bermuda,BMU,1990,3.14
Bermuda,BMU,1991,3.15
Bermuda,BMU,1992,3.48
Bermuda,BMU,1998,2.15
Bermuda,BMU,2003,1.67
Bermuda,BMU,2004,1.78
Bermuda,BMU,2005,1.99
Bermuda,BMU,2009,2.29
Bermuda,BMU,2010,2.31
Bermuda,BMU,2014,1.54
Bermuda,BMU,2015,1.50
Bermuda,BMU,2017,1.32
Bhutan,BTN,2000,5.79
Bhutan,BTN,2001,5.92
Bhutan,BTN,2004,6.61
Bhutan,BTN,2005,7.29
Bhutan,BTN,2008,4.91
Bhutan,BTN,2009,4.74
Bhutan,BTN,2010,4.12
Bhutan,BTN,2011,4.77
Bhutan,BTN,2013,5.72
Bhutan,BTN,2014,6.04
Bhutan,BTN,2015,7.59
Bhutan,BTN,2016,6.99
Bhutan,BTN,2017,7.23
Bhutan,BTN,2018,6.85
Botswana,BWA,1971,4.39
Botswana,BWA,1972,3.91
Botswana,BWA,1973,3.26
Botswana,BWA,1974,3.67
Botswana,BWA,1975,5.65
Botswana,BWA,1976,6.06
Botswana,BWA,1977,5.40
Botswana,BWA,1978,5.95
Botswana,BWA,1979,6.14
Botswana,BWA,1980,5.47
Botswana,BWA,1983,5.55
Botswana,BWA,1984,5.55
Botswana,BWA,1985,5.65
Botswana,BWA,1986,5.19
Botswana,BWA,1987,6.12
Botswana,BWA,1988,6.15
Botswana,BWA,1990,5.74
Botswana,BWA,1992,6.84
Botswana,BWA,2005,10.68
Botswana,BWA,2007,8.85
Botswana,BWA,2009,9.63
Botswana,BWA,2015,7.81
Botswana,BWA,2016,7.97
Botswana,BWA,2017,7.10
Botswana,BWA,2018,6.72
Botswana,BWA,2019,6.91
Brazil,BRA,1995,4.57
Brazil,BRA,1998,4.76
Brazil,BRA,1999,3.80
Brazil,BRA,2000,3.95
Brazil,BRA,2001,3.84
Brazil,BRA,2002,3.75
Brazil,BRA,2004,3.97
Brazil,BRA,2005,4.48
Brazil,BRA,2006,4.87
Brazil,BRA,2007,4.97
Brazil,BRA,2008,5.27
Brazil,BRA,2009,5.46
Brazil,BRA,2010,5.65
Brazil,BRA,2011,5.74
Brazil,BRA,2012,5.86
Brazil,BRA,2013,5.84
Brazil,BRA,2014,5.95
Brazil,BRA,2015,6.24
Brazil,BRA,2016,6.31
Brazil,BRA,2017,6.32
Brazil,BRA,2018,6.09
British Virgin Islands,VGB,1970,10.57
British Virgin Islands,VGB,1971,8.94
British Virgin Islands,VGB,1973,7.24
British Virgin Islands,VGB,2001,2.90
British Virgin Islands,VGB,2005,3.05
British Virgin Islands,VGB,2006,3.58
British Virgin Islands,VGB,2007,3.15
British Virgin Islands,VGB,2009,3.48
British Virgin Islands,VGB,2010,3.82
British Virgin Islands,VGB,2015,5.13
British Virgin Islands,VGB,2016,3.80
British Virgin Islands,VGB,2017,2.67
British Virgin Islands,VGB,2018,2.69
British Virgin Islands,VGB,2019,2.92
Brunei,BRN,1970,6.24
Brunei,BRN,1971,5.00
Brunei,BRN,1972,4.04
Brunei,BRN,1973,8.79
Brunei,BRN,1974,3.39
Brunei,BRN,1975,1.96
Brunei,BRN,1976,1.97
Brunei,BRN,1978,2.11
Brunei,BRN,1979,1.55
Brunei,BRN,1980,1.19
Brunei,BRN,1981,1.62
Brunei,BRN,1982,1.70
Brunei,BRN,1987,4.74
Brunei,BRN,1988,5.41
Brunei,BRN,1989,4.69
Brunei,BRN,1990,3.96
Brunei,BRN,1991,3.67
Brunei,BRN,1992,3.75
Brunei,BRN,1993,4.29
Brunei,BRN,1998,5.25
Brunei,BRN,1999,4.93
Brunei,BRN,2000,3.71
Brunei,BRN,2010,2.05
Brunei,BRN,2011,3.32
Brunei,BRN,2012,2.89
Brunei,BRN,2014,3.35
Brunei,BRN,2016,4.43
Bulgaria,BGR,1980,3.53
Bulgaria,BGR,1990,4.45
Bulgaria,BGR,1991,5.43
Bulgaria,BGR,1992,5.26
Bulgaria,BGR,1993,4.95
Bulgaria,BGR,1994,4.17
Bulgaria,BGR,1995,2.37
Bulgaria,BGR,1996,2.23
Bulgaria,BGR,1998,2.74
Bulgaria,BGR,2001,3.38
Bulgaria,BGR,2002,3.39
Bulgaria,BGR,2003,4.00
Bulgaria,BGR,2004,2.32
Bulgaria,BGR,2005,4.11
Bulgaria,BGR,2006,3.90
Bulgaria,BGR,2007,3.68
Bulgaria,BGR,2008,4.22
Bulgaria,BGR,2009,4.27
Bulgaria,BGR,2010,3.88
Bulgaria,BGR,2011,3.57
Bulgaria,BGR,2012,3.49
Bulgaria,BGR,2013,4.07
Bulgaria,BGR,2017,4.09
Burkina Faso,BFA,1978,1.68
Burkina Faso,BFA,1980,1.96
Burkina Faso,BFA,1983,1.75
Burkina Faso,BFA,1985,1.76
Burkina Faso,BFA,1988,1.43
Burkina Faso,BFA,1994,3.45
Burkina Faso,BFA,1996,1.44
Burkina Faso,BFA,2005,3.94
Burkina Faso,BFA,2006,3.98
Burkina Faso,BFA,2007,4.08
Burkina Faso,BFA,2010,3.50
Burkina Faso,BFA,2011,3.99
Burkina Faso,BFA,2012,3.60
Burkina Faso,BFA,2013,4.08
Burkina Faso,BFA,2014,4.05
Burkina Faso,BFA,2015,3.67
Burkina Faso,BFA,2017,5.63
Burkina Faso,BFA,2018,5.43
Burkina Faso,BFA,2019,5.79
Burundi,BDI,1979,2.80
Burundi,BDI,1981,3.35
Burundi,BDI,1990,3.36
Burundi,BDI,1991,3.49
Burundi,BDI,1992,3.81
Burundi,BDI,1994,4.57
Burundi,BDI,1995,5.02
Burundi,BDI,1996,4.08
Burundi,BDI,1999,3.42
Burundi,BDI,2000,2.65
Burundi,BDI,2001,2.90
Burundi,BDI,2002,3.00
Burundi,BDI,2004,3.74
Burundi,BDI,2005,3.63
Burundi,BDI,2008,5.19
Burundi,BDI,2009,6.17
Burundi,BDI,2010,6.78
Burundi,BDI,2011,6.32
Burundi,BDI,2012,6.17
Burundi,BDI,2013,6.00
Burundi,BDI,2014,6.78
Burundi,BDI,2015,6.37
Burundi,BDI,2016,4.69
Burundi,BDI,2017,4.76
Burundi,BDI,2018,5.08
Cambodia,KHM,1998,1.26
Cambodia,KHM,2000,1.67
Cambodia,KHM,2001,1.72
Cambodia,KHM,2002,1.71
Cambodia,KHM,2004,1.72
Cambodia,KHM,2007,1.60
Cambodia,KHM,2009,1.67
Cambodia,KHM,2010,1.53
Cambodia,KHM,2011,1.51
Cambodia,KHM,2012,1.56
Cambodia,KHM,2013,2.05
Cambodia,KHM,2014,1.91
Cambodia,KHM,2018,2.16
Cameroon,CMR,1971,3.08
Cameroon,CMR,1972,3.36
Cameroon,CMR,1982,2.98
Cameroon,CMR,1983,3.50
Cameroon,CMR,1984,3.25
Cameroon,CMR,1986,2.85
Cameroon,CMR,1987,2.93
Cameroon,CMR,1988,2.71
Cameroon,CMR,1989,2.65
Cameroon,CMR,1990,3.29
Cameroon,CMR,1991,3.22
Cameroon,CMR,1992,2.75
Cameroon,CMR,2000,1.78
Cameroon,CMR,2001,2.42
Cameroon,CMR,2003,3.09
Cameroon,CMR,2004,3.01
Cameroon,CMR,2005,2.89
Cameroon,CMR,2006,2.74
Cameroon,CMR,2007,3.08
Cameroon,CMR,2008,2.61
Cameroon,CMR,2009,3.11
Cameroon,CMR,2010,2.99
Cameroon,CMR,2011,2.77
Cameroon,CMR,2012,2.70
Cameroon,CMR,2013,2.77
Cameroon,CMR,2014,2.69
Cameroon,CMR,2015,2.77
Cameroon,CMR,2016,2.65
Cameroon,CMR,2017,3.15
Cameroon,CMR,2018,3.13
Cameroon,CMR,2019,3.10
Canada,CAN,1971,7.71
Canada,CAN,1972,7.62
Canada,CAN,1973,7.04
Canada,CAN,1974,6.69
Canada,CAN,1975,6.44
Canada,CAN,1976,6.72
Canada,CAN,1977,6.73
Canada,CAN,1978,7.10
Canada,CAN,1979,6.71
Canada,CAN,1980,6.48
Canada,CAN,1981,6.43
Canada,CAN,1982,6.52
Canada,CAN,1983,6.88
Canada,CAN,1984,6.64
Canada,CAN,1985,6.21
Canada,CAN,1986,6.04
Canada,CAN,1987,6.32
Canada,CAN,1988,6.18
Canada,CAN,1989,6.10
Canada,CAN,1990,5.99
Canada,CAN,1991,6.88
Canada,CAN,1992,6.77
Canada,CAN,1993,7.70
Canada,CAN,1994,6.68
Canada,CAN,1995,6.32
Canada,CAN,1998,5.49
Canada,CAN,1999,5.53
Canada,CAN,2000,5.42
Canada,CAN,2001,4.95
Canada,CAN,2002,4.99
Canada,CAN,2005,4.77
Canada,CAN,2007,4.77
Canada,CAN,2008,4.63
Canada,CAN,2009,4.84
Canada,CAN,2010,5.36
Canada,CAN,2011,5.26
Cape Verde,CPV,1998,6.39
Cape Verde,CPV,1999,6.80
Cape Verde,CPV,2002,7.88
Cape Verde,CPV,2004,7.48
Cape Verde,CPV,2006,6.53
Cape Verde,CPV,2007,5.41
Cape Verde,CPV,2008,5.52
Cape Verde,CPV,2009,5.31
Cape Verde,CPV,2010,5.57
Cape Verde,CPV,2011,5.04
Cape Verde,CPV,2013,5.00
Cape Verde,CPV,2014,4.96
Cape Verde,CPV,2015,5.27
Cape Verde,CPV,2016,5.29
Cape Verde,CPV,2017,5.18
Cape Verde,CPV,2018,5.37
Cape Verde,CPV,2019,4.73
Central African Republic,CAF,1978,3.17
Central African Republic,CAF,1986,2.21
Central African Republic,CAF,1987,2.55
Central African Republic,CAF,1990,2.24
Central African Republic,CAF,1991,2.28
Central African Republic,CAF,1999,1.69
Central African Republic,CAF,2000,1.61
Central African Republic,CAF,2002,1.52
Central African Republic,CAF,2003,1.54
Central African Republic,CAF,2004,1.62
Central African Republic,CAF,2005,1.65
Central African Republic,CAF,2006,1.42
Central African Republic,CAF,2007,1.31
Central African Republic,CAF,2008,1.29
Central African Republic,CAF,2009,1.25
Central African Republic,CAF,2010,1.12
Central African Republic,CAF,2011,1.11
Central African Republic,CAF,2015,1.91
Central African Republic,CAF,2016,1.75
Central African Republic,CAF,2017,1.75
Central African Republic,CAF,2018,1.57
Central African Republic,CAF,2019,1.77
Chad,TCD,1997,2.27
Chad,TCD,1998,1.65
Chad,TCD,1999,3.23
Chad,TCD,2000,2.65
Chad,TCD,2001,2.43
Chad,TCD,2004,1.59
Chad,TCD,2005,1.69
Chad,TCD,2009,2.31
Chad,TCD,2010,1.98
Chad,TCD,2011,2.26
Chad,TCD,2012,2.21
Chad,TCD,2013,2.85
Chad,TCD,2014,2.60
Chad,TCD,2015,2.40
Chad,TCD,2016,2.30
Chad,TCD,2017,2.45
Chad,TCD,2018,2.26
Chad,TCD,2019,2.37
Chile,CHL,1974,3.75
Chile,CHL,1975,3.59
Chile,CHL,1978,3.07
Chile,CHL,1979,3.48
Chile,CHL,1980,4.22
Chile,CHL,1981,4.91
Chile,CHL,1987,2.82
Chile,CHL,1990,2.25
Chile,CHL,1993,2.38
Chile,CHL,1994,2.51
Chile,CHL,1995,2.56
Chile,CHL,1996,2.80
Chile,CHL,1997,3.01
Chile,CHL,1998,3.34
Chile,CHL,1999,3.73
Chile,CHL,2000,3.78
Chile,CHL,2002,4.08
Chile,CHL,2003,3.96
Chile,CHL,2004,3.54
Chile,CHL,2005,3.26
Chile,CHL,2006,3.02
Chile,CHL,2007,3.21
Chile,CHL,2008,3.79
Chile,CHL,2009,4.23
Chile,CHL,2010,4.16
Chile,CHL,2011,4.05
Chile,CHL,2013,4.53
Chile,CHL,2014,4.73
Chile,CHL,2015,4.88
Chile,CHL,2016,5.34
Chile,CHL,2017,5.42
Chile,CHL,2018,5.43
China,CHN,1971,1.39
China,CHN,1972,1.60
China,CHN,1973,1.65
China,CHN,1974,1.76
China,CHN,1975,1.71
China,CHN,1976,1.82
China,CHN,1977,1.75
China,CHN,1978,1.96
China,CHN,1979,2.15
China,CHN,1980,1.91
China,CHN,1981,1.95
China,CHN,1982,2.03
China,CHN,1983,2.08
China,CHN,1984,2.00
China,CHN,1985,2.01
China,CHN,1986,2.06
China,CHN,1987,1.80
China,CHN,1988,1.76
China,CHN,1992,1.65
China,CHN,1993,1.66
China,CHN,1994,1.99
China,CHN,1995,1.84
China,CHN,1996,1.85
China,CHN,1998,1.84
China,CHN,1999,1.89
China,CHN,2010,3.75
China,CHN,2011,3.52
China,CHN,2012,4.08
China,CHN,2013,3.85
China,CHN,2014,3.73
China,CHN,2015,3.82
China,CHN,2016,3.79
China,CHN,2017,3.67
China,CHN,2018,3.54
Colombia,COL,1979,1.75
Colombia,COL,1980,1.73
Colombia,COL,1981,2.60
Colombia,COL,1984,3.00
Colombia,COL,1985,2.72
Colombia,COL,1989,2.71
Colombia,COL,1998,3.93
Colombia,COL,1999,4.44
Colombia,COL,2000,3.51
Colombia,COL,2001,3.71
Colombia,COL,2002,4.27
Colombia,COL,2003,4.33
Colombia,COL,2004,4.08
Colombia,COL,2005,4.02
Colombia,COL,2006,3.92
Colombia,COL,2007,4.08
Colombia,COL,2008,3.94
Colombia,COL,2009,4.78
Colombia,COL,2010,4.83
Colombia,COL,2011,4.47
Colombia,COL,2012,4.37
Colombia,COL,2013,4.88
Colombia,COL,2014,4.63
Colombia,COL,2015,4.47
Colombia,COL,2016,4.48
Colombia,COL,2017,4.54
Colombia,COL,2018,4.45
Colombia,COL,2019,4.51
Comoros,COM,1998,2.20
Comoros,COM,2002,2.26
Comoros,COM,2008,4.42
Comoros,COM,2011,2.83
Comoros,COM,2012,2.75
Comoros,COM,2013,2.38
Comoros,COM,2014,2.74
Comoros,COM,2015,2.55
Congo,COG,1970,5.73
Congo,COG,1971,5.55
Congo,COG,1973,5.24
Congo,COG,1975,7.74
Congo,COG,1978,8.41
Congo,COG,1979,7.04
Congo,COG,1980,6.36
Congo,COG,1994,6.37
Congo,COG,1995,4.91
Congo,COG,1998,4.07
Congo,COG,2002,3.21
Congo,COG,2003,2.84
Congo,COG,2004,2.29
Congo,COG,2005,1.68
Congo,COG,2010,5.69
Congo,COG,2014,3.18
Congo,COG,2015,3.28
Congo,COG,2016,5.21
Congo,COG,2017,4.44
Congo,COG,2018,3.00
Congo,COG,2019,3.90
Costa Rica,CRI,1980,7.35
Costa Rica,CRI,1982,4.89
Costa Rica,CRI,1983,4.96
Costa Rica,CRI,1986,4.42
Costa Rica,CRI,1988,4.01
Costa Rica,CRI,1989,4.08
Costa Rica,CRI,1995,3.35
Costa Rica,CRI,1996,3.89
Costa Rica,CRI,1999,5.39
Costa Rica,CRI,2000,4.67
Costa Rica,CRI,2001,4.83
Costa Rica,CRI,2002,5.15
Costa Rica,CRI,2003,5.13
Costa Rica,CRI,2004,4.89
Costa Rica,CRI,2006,4.62
Costa Rica,CRI,2007,4.63
Costa Rica,CRI,2008,4.89
Costa Rica,CRI,2009,6.01
Costa Rica,CRI,2010,6.57
Costa Rica,CRI,2011,6.38
Costa Rica,CRI,2012,6.58
Costa Rica,CRI,2013,6.69
Costa Rica,CRI,2014,6.68
Costa Rica,CRI,2015,6.87
Costa Rica,CRI,2016,6.89
Costa Rica,CRI,2017,7.07
Costa Rica,CRI,2018,6.78
Costa Rica,CRI,2019,6.81
Costa Rica,CRI,2020,6.75
Cote d'Ivoire,CIV,1970,5.87
Cote d'Ivoire,CIV,1972,7.53
Cote d'Ivoire,CIV,1973,7.05
Cote d'Ivoire,CIV,1974,5.69
Cote d'Ivoire,CIV,1975,6.79
Cote d'Ivoire,CIV,1976,6.46
Cote d'Ivoire,CIV,1978,6.75
Cote d'Ivoire,CIV,1979,8.23
Cote d'Ivoire,CIV,1980,6.86
Cote d'Ivoire,CIV,1992,6.78
Cote d'Ivoire,CIV,1993,6.50
Cote d'Ivoire,CIV,1994,4.79
Cote d'Ivoire,CIV,1995,4.30
Cote d'Ivoire,CIV,1996,4.06
Cote d'Ivoire,CIV,1997,4.03
Cote d'Ivoire,CIV,1998,3.79
Cote d'Ivoire,CIV,1999,4.09
Cote d'Ivoire,CIV,2000,3.70
Cote d'Ivoire,CIV,2001,3.67
Cote d'Ivoire,CIV,2002,4.09
Cote d'Ivoire,CIV,2003,3.97
Cote d'Ivoire,CIV,2004,4.13
Cote d'Ivoire,CIV,2005,4.11
Cote d'Ivoire,CIV,2006,4.00
Cote d'Ivoire,CIV,2007,4.26
Cote d'Ivoire,CIV,2008,4.34
Cote d'Ivoire,CIV,2009,4.41
Cote d'Ivoire,CIV,2010,4.55
Cote d'Ivoire,CIV,2011,4.14
Cote d'Ivoire,CIV,2012,4.65
Cote d'Ivoire,CIV,2013,4.73
Cote d'Ivoire,CIV,2014,4.58
Cote d'Ivoire,CIV,2015,3.49
Cote d'Ivoire,CIV,2016,3.97
Cote d'Ivoire,CIV,2017,3.80
Cote d'Ivoire,CIV,2018,3.24
Cote d'Ivoire,CIV,2019,3.70
Croatia,HRV,2002,3.82
Croatia,HRV,2003,3.86
Croatia,HRV,2004,3.82
Croatia,HRV,2007,3.97
Croatia,HRV,2008,4.28
Croatia,HRV,2009,4.39
Croatia,HRV,2010,4.23
Croatia,HRV,2011,4.14
Croatia,HRV,2013,4.55
Croatia,HRV,2017,3.91
Cuba,CUB,1980,8.37
Cuba,CUB,1991,7.14
Cuba,CUB,1993,7.07
Cuba,CUB,1994,5.62
Cuba,CUB,1998,6.21
Cuba,CUB,1999,6.76
Cuba,CUB,2000,7.70
Cuba,CUB,2001,8.36
Cuba,CUB,2002,9.57
Cuba,CUB,2003,9.94
Cuba,CUB,2004,10.27
Cuba,CUB,2005,10.56
Cuba,CUB,2006,9.06
Cuba,CUB,2007,11.87
Cuba,CUB,2008,14.06
Cuba,CUB,2009,13.12
Cuba,CUB,2010,12.84
Curacao,CUW,2013,4.93
Cyprus,CYP,1975,4.34
Cyprus,CYP,1976,3.82
Cyprus,CYP,1977,3.39
Cyprus,CYP,1978,3.31
Cyprus,CYP,1979,3.35
Cyprus,CYP,1980,3.43
Cyprus,CYP,1981,3.79
Cyprus,CYP,1982,3.73
Cyprus,CYP,1984,3.60
Cyprus,CYP,1985,3.59
Cyprus,CYP,1986,3.49
Cyprus,CYP,1987,3.45
Cyprus,CYP,1988,3.38
Cyprus,CYP,1989,3.38
Cyprus,CYP,1990,3.34
Cyprus,CYP,1991,3.58
Cyprus,CYP,1992,3.78
Cyprus,CYP,1993,4.10
Cyprus,CYP,1994,4.16
Cyprus,CYP,1995,3.74
Cyprus,CYP,1999,4.77
Cyprus,CYP,2000,4.99
Cyprus,CYP,2001,5.12
Cyprus,CYP,2002,5.58
Cyprus,CYP,2003,6.67
Cyprus,CYP,2004,6.12
Cyprus,CYP,2005,6.29
Cyprus,CYP,2006,6.33
Cyprus,CYP,2007,6.28
Cyprus,CYP,2008,6.72
Cyprus,CYP,2009,7.21
Cyprus,CYP,2010,6.54
Cyprus,CYP,2011,6.54
Cyprus,CYP,2013,6.48
Cyprus,CYP,2014,6.44
Cyprus,CYP,2015,6.33
Cyprus,CYP,2016,6.15
Cyprus,CYP,2017,5.75
Czechia,CZE,1992,3.75
Czechia,CZE,1993,4.16
Czechia,CZE,1994,4.65
Czechia,CZE,1995,4.52
Czechia,CZE,1996,4.24
Czechia,CZE,1998,3.58
Czechia,CZE,1999,3.67
Czechia,CZE,2000,3.64
Czechia,CZE,2001,3.73
Czechia,CZE,2002,3.96
Czechia,CZE,2003,4.12
Czechia,CZE,2004,3.99
Czechia,CZE,2005,3.87
Czechia,CZE,2006,4.20
Czechia,CZE,2007,3.85
Czechia,CZE,2008,3.73
Czechia,CZE,2009,4.15
Czechia,CZE,2010,4.03
Czechia,CZE,2011,4.24
Czechia,CZE,2012,4.22
Czechia,CZE,2013,4.05
Czechia,CZE,2014,3.97
Czechia,CZE,2015,5.75
Czechia,CZE,2016,5.55
Czechia,CZE,2017,3.81
Czechia,CZE,2018,4.27
Democratic Republic of Congo,COD,1980,2.27
Democratic Republic of Congo,COD,1981,2.54
Democratic Republic of Congo,COD,1982,2.80
Democratic Republic of Congo,COD,1983,1.30
Democratic Republic of Congo,COD,1984,0.70
Democratic Republic of Congo,COD,1985,0.83
Democratic Republic of Congo,COD,1986,0.72
Democratic Republic of Congo,COD,1987,0.86
Democratic Republic of Congo,COD,1988,0.81
Democratic Republic of Congo,COD,2010,1.52
Democratic Republic of Congo,COD,2013,2.06
Democratic Republic of Congo,COD,2014,1.95
Democratic Republic of Congo,COD,2015,2.17
Democratic Republic of Congo,COD,2016,2.12
Democratic Republic of Congo,COD,2017,1.45
Denmark,DNK,1970,5.96
Denmark,DNK,1971,6.39
Denmark,DNK,1972,6.48
Denmark,DNK,1973,6.27
Denmark,DNK,1974,6.58
Denmark,DNK,1975,6.71
Denmark,DNK,1977,5.67
Denmark,DNK,1978,5.75
Denmark,DNK,1979,5.59
Denmark,DNK,1980,5.91
Denmark,DNK,1986,5.84
Denmark,DNK,1987,6.08
Denmark,DNK,1988,6.34
Denmark,DNK,1989,5.84
Denmark,DNK,1991,5.60
Denmark,DNK,1993,7.77
Denmark,DNK,1994,7.47
Denmark,DNK,1995,7.47
Denmark,DNK,1996,7.88
Denmark,DNK,1998,8.11
Denmark,DNK,1999,7.93
Denmark,DNK,2000,8.08
Denmark,DNK,2001,8.22
Denmark,DNK,2002,8.21
Denmark,DNK,2003,8.12
Denmark,DNK,2004,8.21
Denmark,DNK,2005,8.09
Denmark,DNK,2006,7.73
Denmark,DNK,2007,7.62
Denmark,DNK,2008,7.48
Denmark,DNK,2009,8.45
Denmark,DNK,2010,8.56
Denmark,DNK,2011,8.48
Denmark,DNK,2012,7.24
Denmark,DNK,2013,8.49
Denmark,DNK,2014,7.63
Denmark,DNK,2017,7.75
Djibouti,DJI,1999,7.63
Djibouti,DJI,2000,9.66
Djibouti,DJI,2001,7.81
Djibouti,DJI,2002,8.45
Djibouti,DJI,2003,8.89
Djibouti,DJI,2004,9.26
Djibouti,DJI,2005,8.37
Djibouti,DJI,2006,8.28
Djibouti,DJI,2007,8.41
Djibouti,DJI,2010,4.49
Djibouti,DJI,2015,3.59
Djibouti,DJI,2016,3.92
Djibouti,DJI,2017,3.75
Djibouti,DJI,2018,3.63
Dominica,DMA,1989,4.29
Dominica,DMA,1998,5.74
Dominica,DMA,1999,4.03
Dominica,DMA,2015,3.41
Dominica,DMA,2016,5.13
Dominica,DMA,2017,4.77
Dominica,DMA,2018,5.57
Dominica,DMA,2019,5.57
Dominica,DMA,2020,5.00
Dominican Republic,DOM,1970,2.64
Dominican Republic,DOM,1982,1.54
Dominican Republic,DOM,1983,1.46
Dominican Republic,DOM,1984,1.33
Dominican Republic,DOM,1985,1.21
Dominican Republic,DOM,1993,0.77
Dominican Republic,DOM,1994,0.89
Dominican Republic,DOM,1995,1.03
Dominican Republic,DOM,1996,1.23
Dominican Republic,DOM,2000,1.89
Dominican Republic,DOM,2001,1.97
Dominican Republic,DOM,2002,1.91
Dominican Republic,DOM,2003,1.84
Dominican Republic,DOM,2007,2.05
Dominican Republic,DOM,2010,1.90
Dominican Republic,DOM,2011,1.90
Dominican Republic,DOM,2012,2.50
Dominican Republic,DOM,2013,3.48
Dominican Republic,DOM,2014,3.96
Dominican Republic,DOM,2015,3.82
Dominican Republic,DOM,2016,3.85
Dominican Republic,DOM,2017,3.92
Dominican Republic,DOM,2018,3.93
Dominican Republic,DOM,2019,4.04
East Asia and Pacific,,1980,3.02
East Asia and Pacific,,1982,3.90
East Asia and Pacific,,1995,3.09
East Asia and Pacific,,2002,3.87
East Asia and Pacific,,2004,3.84
East Asia and Pacific,,2007,3.45
East Asia and Pacific,,2008,3.51
East Asia and Pacific,,2009,4.39
East Asia and Pacific,,2010,3.51
East Asia and Pacific,,2011,4.07
East Asia and Pacific,,2012,4.31
East Asia and Pacific,,2013,3.85
East Asia and Pacific,,2014,3.65
East Asia and Pacific,,2015,3.82
East Asia and Pacific,,2016,4.06
East Asia and Pacific,,2017,4.09
East Asia and Pacific,,2018,3.43
Ecuador,ECU,1970,2.00
Ecuador,ECU,1971,1.88
Ecuador,ECU,1977,2.42
Ecuador,ECU,1984,4.20
Ecuador,ECU,1985,5.23
Ecuador,ECU,1986,6.87
Ecuador,ECU,1995,2.00
Ecuador,ECU,1998,2.20
Ecuador,ECU,1999,1.55
Ecuador,ECU,2000,1.15
Ecuador,ECU,2009,4.34
Ecuador,ECU,2010,4.51
Ecuador,ECU,2011,4.73
Ecuador,ECU,2012,4.64
Ecuador,ECU,2013,5.00
Ecuador,ECU,2014,5.26
Ecuador,ECU,2015,5.00
Ecuador,ECU,2016,4.36
Ecuador,ECU,2017,4.61
Ecuador,ECU,2018,4.62
Ecuador,ECU,2019,4.23
Ecuador,ECU,2020,4.13
Egypt,EGY,1971,4.53
Egypt,EGY,1972,4.54
Egypt,EGY,1974,5.23
Egypt,EGY,1975,4.89
Egypt,EGY,1976,4.94
Egypt,EGY,1977,4.55
Egypt,EGY,1978,4.94
Egypt,EGY,1980,4.28
Egypt,EGY,1982,5.61
Egypt,EGY,1983,5.22
Egypt,EGY,1988,4.53
Egypt,EGY,1989,4.60
Egypt,EGY,1992,4.05
Egypt,EGY,1993,4.20
Egypt,EGY,1994,4.58
Egypt,EGY,1995,4.60
Egypt,EGY,1996,4.67
Egypt,EGY,2003,4.95
Egypt,EGY,2004,4.67
Egypt,EGY,2005,4.79
Egypt,EGY,2006,4.00
Egypt,EGY,2007,3.68
Egypt,EGY,2008,3.76
Egypt,EGY,2010,3.54
Egypt,EGY,2011,3.34
Egypt,EGY,2012,3.37
Egypt,EGY,2013,4.12
Egypt,EGY,2014,4.25
Egypt,EGY,2015,3.93
El Salvador,SLV,1975,0.90
El Salvador,SLV,1998,2.55
El Salvador,SLV,1999,2.56
El Salvador,SLV,2000,2.84
El Salvador,SLV,2002,3.24
El Salvador,SLV,2003,3.13
El Salvador,SLV,2005,3.18
El Salvador,SLV,2006,3.49
El Salvador,SLV,2007,3.61
El Salvador,SLV,2008,4.46
El Salvador,SLV,2009,4.66
El Salvador,SLV,2010,4.05
El Salvador,SLV,2011,3.90
El Salvador,SLV,2012,3.71
El Salvador,SLV,2013,3.80
El Salvador,SLV,2014,3.82
El Salvador,SLV,2015,3.91
El Salvador,SLV,2016,3.83
El Salvador,SLV,2017,3.73
El Salvador,SLV,2018,3.61
El Salvador,SLV,2019,3.39
Equatorial Guinea,GNQ,1998,2.19
Eritrea,ERI,1996,1.64
Eritrea,ERI,1998,4.62
Eritrea,ERI,1999,5.26
Eritrea,ERI,2001,4.05
Eritrea,ERI,2002,3.52
Eritrea,ERI,2004,3.15
Eritrea,ERI,2006,2.13
Estonia,EST,1995,5.91
Estonia,EST,1996,6.06
Estonia,EST,1997,6.35
Estonia,EST,1998,6.24
Estonia,EST,1999,6.65
Estonia,EST,2000,5.33
Estonia,EST,2001,5.22
Estonia,EST,2002,5.43
Estonia,EST,2003,5.27
Estonia,EST,2004,4.88
Estonia,EST,2005,4.81
Estonia,EST,2007,4.62
Estonia,EST,2008,5.48
Estonia,EST,2009,5.93
Estonia,EST,2010,5.47
Estonia,EST,2011,4.97
Estonia,EST,2012,4.68
Estonia,EST,2013,4.81
Estonia,EST,2014,5.01
Estonia,EST,2015,5.11
Estonia,EST,2016,5.11
Estonia,EST,2017,4.96
Estonia,EST,2018,5.24
Eswatini,SWZ,1976,3.71
Eswatini,SWZ,1977,3.94
Eswatini,SWZ,1978,5.80
Eswatini,SWZ,1979,6.36
Eswatini,SWZ,1980,5.30
Eswatini,SWZ,1981,6.58
Eswatini,SWZ,1982,6.75
Eswatini,SWZ,1987,5.80
Eswatini,SWZ,1988,5.51
Eswatini,SWZ,1989,5.66
Eswatini,SWZ,1990,5.48
Eswatini,SWZ,1994,5.14
Eswatini,SWZ,1995,5.65
Eswatini,SWZ,1996,4.94
Eswatini,SWZ,1999,5.09
Eswatini,SWZ,2000,5.51
Eswatini,SWZ,2001,4.84
Eswatini,SWZ,2002,4.44
Eswatini,SWZ,2003,5.82
Eswatini,SWZ,2004,5.40
Eswatini,SWZ,2005,6.48
Eswatini,SWZ,2006,6.55
Eswatini,SWZ,2008,6.62
Eswatini,SWZ,2009,6.47
Eswatini,SWZ,2010,6.12
Eswatini,SWZ,2011,6.86
Eswatini,SWZ,2014,7.07
Eswatini,SWZ,2015,5.36
Eswatini,SWZ,2016,5.41
Eswatini,SWZ,2017,6.14
Eswatini,SWZ,2018,5.68
Eswatini,SWZ,2019,5.65
Eswatini,SWZ,2020,5.34
Ethiopia,ETH,1982,2.11
Ethiopia,ETH,1983,2.30
Ethiopia,ETH,1984,2.11
Ethiopia,ETH,1985,2.34
Ethiopia,ETH,1986,2.14
Ethiopia,ETH,1993,2.35
Ethiopia,ETH,1996,2.77
Ethiopia,ETH,1997,2.76
Ethiopia,ETH,2000,3.98
Ethiopia,ETH,2001,3.70
Ethiopia,ETH,2002,3.63
Ethiopia,ETH,2006,5.49
Ethiopia,ETH,2007,5.45
Ethiopia,ETH,2008,5.41
Ethiopia,ETH,2009,4.42
Ethiopia,ETH,2010,4.50
Ethiopia,ETH,2011,5.49
Ethiopia,ETH,2012,5.57
Ethiopia,ETH,2013,4.50
Ethiopia,ETH,2014,4.60
Ethiopia,ETH,2015,4.74
Ethiopia,ETH,2016,5.06
Ethiopia,ETH,2017,5.65
Ethiopia,ETH,2018,5.07
Europe and Central Asia,,1995,4.60
Europe and Central Asia,,1996,4.49
Europe and Central Asia,,1998,4.45
Europe and Central Asia,,1999,4.38
Europe and Central Asia,,2000,4.17
Europe and Central Asia,,2001,4.65
Europe and Central Asia,,2002,4.44
Europe and Central Asia,,2003,4.68
Europe and Central Asia,,2004,4.74
Europe and Central Asia,,2005,4.88
Europe and Central Asia,,2006,4.82
Europe and Central Asia,,2007,4.63
Europe and Central Asia,,2008,4.87
Europe and Central Asia,,2009,5.03
Europe and Central Asia,,2010,5.14
Europe and Central Asia,,2011,4.91
Europe and Central Asia,,2012,4.83
Europe and Central Asia,,2013,4.97
Europe and Central Asia,,2014,4.94
Europe and Central Asia,,2015,4.89
Europe and Central Asia,,2016,4.84
Europe and Central Asia,,2017,4.78
Europe and Central Asia,,2018,4.68
European Union,,1991,5.10
European Union,,1992,5.13
European Union,,1993,4.95
European Union,,1994,4.67
European Union,,1995,4.69
European Union,,1996,4.75
European Union,,1998,4.54
European Union,,1999,4.58
European Union,,2000,4.87
European Union,,2001,5.08
European Union,,2002,5.18
European Union,,2003,5.07
European Union,,2004,4.96
European Union,,2005,5.07
European Union,,2006,4.87
European Union,,2007,4.68
European Union,,2008,5.03
European Union,,2009,5.54
European Union,,2010,5.30
European Union,,2011,4.97
European Union,,2012,4.89
European Union,,2013,4.97
European Union,,2014,5.01
European Union,,2015,4.89
European Union,,2016,4.79
European Union,,2017,4.62
European Union,,2018,4.63
Faeroe Islands,FRO,2015,7.71
Faeroe Islands,FRO,2016,7.72
Faeroe Islands,FRO,2017,8.23
Fiji,FJI,1979,5.20
Fiji,FJI,1981,5.82
Fiji,FJI,1983,6.49
Fiji,FJI,1989,4.83
Fiji,FJI,1998,5.52
Fiji,FJI,1999,5.17
Fiji,FJI,2000,5.88
Fiji,FJI,2001,5.64
Fiji,FJI,2002,6.28
Fiji,FJI,2004,6.21
Fiji,FJI,2005,5.17
Fiji,FJI,2006,5.66
Fiji,FJI,2007,5.89
Fiji,FJI,2008,4.25
Fiji,FJI,2009,4.50
Fiji,FJI,2010,4.82
Fiji,FJI,2011,4.17
Fiji,FJI,2012,4.72
Fiji,FJI,2013,3.88
Fiji,FJI,2014,4.27
Fiji,FJI,2015,4.81
Fiji,FJI,2016,4.84
Fiji,FJI,2017,4.65
Fiji,FJI,2018,4.84
Fiji,FJI,2019,5.07
Finland,FIN,1970,5.41
Finland,FIN,1971,5.33
Finland,FIN,1972,5.01
Finland,FIN,1973,5.09
Finland,FIN,1974,4.48
Finland,FIN,1975,5.03
Finland,FIN,1976,5.23
Finland,FIN,1979,4.80
Finland,FIN,1980,4.83
Finland,FIN,1981,4.83
Finland,FIN,1982,4.78
Finland,FIN,1983,4.86
Finland,FIN,1984,4.70
Finland,FIN,1985,5.05
Finland,FIN,1986,5.10
Finland,FIN,1987,5.20
Finland,FIN,1988,5.07
Finland,FIN,1989,5.07
Finland,FIN,1990,5.34
Finland,FIN,1991,6.34
Finland,FIN,1992,6.52
Finland,FIN,1993,7.49
Finland,FIN,1994,6.86
Finland,FIN,1995,6.81
Finland,FIN,1996,6.86
Finland,FIN,1999,5.87
Finland,FIN,2000,5.71
Finland,FIN,2001,5.84
Finland,FIN,2002,6.02
Finland,FIN,2003,6.17
Finland,FIN,2004,6.16
Finland,FIN,2005,6.03
Finland,FIN,2006,5.93
Finland,FIN,2007,5.67
Finland,FIN,2008,5.83
Finland,FIN,2009,6.46
Finland,FIN,2010,6.50
Finland,FIN,2011,6.45
Finland,FIN,2012,7.15
Finland,FIN,2013,7.12
Finland,FIN,2014,7.10
Finland,FIN,2015,7.03
Finland,FIN,2016,6.85
Finland,FIN,2017,6.36
Finland,FIN,2018,6.27
France,FRA,1970,3.43
France,FRA,1971,3.17
France,FRA,1972,3.36
France,FRA,1973,3.23
France,FRA,1974,4.24
France,FRA,1975,4.43
France,FRA,1976,4.42
France,FRA,1977,4.44
France,FRA,1978,4.35
France,FRA,1979,4.28
France,FRA,1980,4.31
France,FRA,1981,4.73
France,FRA,1982,4.85
France,FRA,1983,4.85
France,FRA,1984,4.87
France,FRA,1985,4.85
France,FRA,1986,4.71
France,FRA,1987,4.62
France,FRA,1988,4.54
France,FRA,1989,4.46
France,FRA,1990,4.51
France,FRA,1991,4.84
France,FRA,1992,4.74
France,FRA,1993,5.43
France,FRA,1994,5.63
France,FRA,1995,5.79
France,FRA,1996,5.76
France,FRA,1998,5.69
France,FRA,2017,5.45
France,FRA,2018,5.41
Gabon,GAB,1992,2.81
Gabon,GAB,1998,3.42
Gabon,GAB,1999,3.08
Gabon,GAB,2000,3.83
Gabon,GAB,2010,3.08
Gabon,GAB,2011,2.99
Gabon,GAB,2012,3.01
Gabon,GAB,2013,3.03
Gabon,GAB,2014,2.67
Gabon,GAB,2015,2.90
Gabon,GAB,2016,2.77
Gabon,GAB,2017,3.33
Gabon,GAB,2018,2.93
Gabon,GAB,2019,2.77
Gambia,GMB,1985,4.30
Gambia,GMB,1986,3.48
Gambia,GMB,1989,2.97
Gambia,GMB,1990,2.83
Gambia,GMB,1991,3.78
Gambia,GMB,1992,1.17
Gambia,GMB,1995,2.55
Gambia,GMB,1996,2.57
Gambia,GMB,1999,1.57
Gambia,GMB,2000,1.47
Gambia,GMB,2001,1.16
Gambia,GMB,2002,1.44
Gambia,GMB,2003,1.36
Gambia,GMB,2004,0.62
Gambia,GMB,2005,0.69
Gambia,GMB,2006,0.75
Gambia,GMB,2007,0.82
Gambia,GMB,2008,2.18
Gambia,GMB,2009,1.91
Gambia,GMB,2010,2.56
Gambia,GMB,2011,2.50
Gambia,GMB,2012,2.64
Gambia,GMB,2013,1.82
Gambia,GMB,2014,2.23
Gambia,GMB,2015,2.16
Gambia,GMB,2016,2.02
Gambia,GMB,2017,2.46
Gambia,GMB,2018,2.37
Gambia,GMB,2019,2.88
Georgia,GEO,1994,6.92
Georgia,GEO,1998,2.11
Georgia,GEO,1999,2.16
Georgia,GEO,2000,2.18
Georgia,GEO,2001,2.14
Georgia,GEO,2002,2.24
Georgia,GEO,2003,2.07
Georgia,GEO,2004,2.91
Georgia,GEO,2005,2.48
Georgia,GEO,2006,3.00
Georgia,GEO,2007,2.70
Georgia,GEO,2008,2.92
Georgia,GEO,2009,3.22
Georgia,GEO,2010,2.80
Georgia,GEO,2011,2.58
Georgia,GEO,2012,1.91
Georgia,GEO,2013,2.89
Georgia,GEO,2014,3.00
Georgia,GEO,2015,3.16
Georgia,GEO,2016,3.59
Georgia,GEO,2017,3.57
Georgia,GEO,2018,3.52
Georgia,GEO,2019,3.81
Georgia,GEO,2020,3.84
Germany,DEU,1993,4.41
Germany,DEU,1994,4.34
Germany,DEU,1995,4.43
Germany,DEU,1996,4.49
Germany,DEU,1998,4.46
Germany,DEU,2006,4.29
Germany,DEU,2007,4.37
Germany,DEU,2008,4.44
Germany,DEU,2009,4.91
Germany,DEU,2010,4.94
Germany,DEU,2011,4.82
Germany,DEU,2012,4.96
Germany,DEU,2013,4.94
Germany,DEU,2014,4.92
Germany,DEU,2015,4.86
Germany,DEU,2016,4.84
Germany,DEU,2017,4.88
Germany,DEU,2018,4.99
Ghana,GHA,1971,4.22
Ghana,GHA,1972,4.62
Ghana,GHA,1974,3.80
Ghana,GHA,1975,4.88
Ghana,GHA,1976,5.83
Ghana,GHA,1977,6.10
Ghana,GHA,1979,2.31
Ghana,GHA,1980,2.71
Ghana,GHA,1981,1.81
Ghana,GHA,1982,1.90
Ghana,GHA,1986,3.35
Ghana,GHA,1987,3.31
Ghana,GHA,1988,3.19
Ghana,GHA,1999,4.11
Ghana,GHA,2001,5.35
Ghana,GHA,2004,7.54
Ghana,GHA,2005,7.42
Ghana,GHA,2006,5.26
Ghana,GHA,2007,5.52
Ghana,GHA,2008,5.76
Ghana,GHA,2009,5.32
Ghana,GHA,2010,5.54
Ghana,GHA,2011,8.14
Ghana,GHA,2012,7.92
Ghana,GHA,2013,4.58
Ghana,GHA,2014,4.66
Ghana,GHA,2015,4.61
Ghana,GHA,2016,4.53
Ghana,GHA,2017,3.63
Ghana,GHA,2018,4.00
Greece,GRC,1970,1.55
Greece,GRC,1971,1.30
Greece,GRC,1973,1.11
Greece,GRC,1974,1.34
Greece,GRC,1975,1.46
Greece,GRC,1976,1.45
Greece,GRC,1977,1.49
Greece,GRC,1978,1.69
Greece,GRC,1981,1.69
Greece,GRC,1982,1.69
Greece,GRC,1983,1.69
Greece,GRC,1984,1.81
Greece,GRC,1986,1.83
Greece,GRC,1987,1.83
Greece,GRC,1988,1.87
Greece,GRC,1989,2.02
Greece,GRC,1990,2.05
Greece,GRC,1991,1.93
Greece,GRC,1998,2.89
Greece,GRC,1999,3.03
Greece,GRC,2000,3.23
Greece,GRC,2001,3.36
Greece,GRC,2002,3.42
Greece,GRC,2003,3.43
Greece,GRC,2004,3.67
Greece,GRC,2005,3.96
Greece,GRC,2015,3.67
Greece,GRC,2017,3.47
Greece,GRC,2018,3.59
Greenland,GRL,2015,12.00
Greenland,GRL,2016,11.09
Greenland,GRL,2017,11.03
Greenland,GRL,2018,10.56
Grenada,GRD,2003,3.93
Grenada,GRD,2015,4.24
Grenada,GRD,2017,3.17
Grenada,GRD,2018,3.55
Guatemala,GTM,1970,1.86
Guatemala,GTM,1971,2.03
Guatemala,GTM,1976,1.63
Guatemala,GTM,1993,1.67
Guatemala,GTM,1994,1.44
Guatemala,GTM,1995,1.60
Guatemala,GTM,1996,1.56
Guatemala,GTM,2006,3.03
Guatemala,GTM,2007,3.09
Guatemala,GTM,2008,3.24
Guatemala,GTM,2010,2.85
Guatemala,GTM,2011,2.97
Guatemala,GTM,2012,3.01
Guatemala,GTM,2013,2.89
Guatemala,GTM,2014,2.99
Guatemala,GTM,2015,3.03
Guatemala,GTM,2016,2.94
Guatemala,GTM,2017,2.95
Guatemala,GTM,2018,3.14
Guatemala,GTM,2019,3.20
Guatemala,GTM,2020,3.30
Guinea,GIN,1991,2.02
Guinea,GIN,1992,2.01
Guinea,GIN,1993,2.09
Guinea,GIN,1999,2.36
Guinea,GIN,2000,2.59
Guinea,GIN,2001,2.08
Guinea,GIN,2002,2.59
Guinea,GIN,2003,2.37
Guinea,GIN,2004,2.21
Guinea,GIN,2005,1.85
Guinea,GIN,2008,1.58
Guinea,GIN,2009,2.21
Guinea,GIN,2010,2.55
Guinea,GIN,2011,2.29
Guinea,GIN,2012,1.83
Guinea,GIN,2013,2.63
Guinea,GIN,2014,2.42
Guinea,GIN,2015,2.52
Guinea,GIN,2016,2.54
Guinea,GIN,2017,2.32
Guinea,GIN,2018,2.38
Guinea,GIN,2019,1.85
Guinea,GIN,2020,2.20
Guinea-Bissau,GNB,1999,5.25
Guinea-Bissau,GNB,2010,1.86
Guinea-Bissau,GNB,2011,1.86
Guinea-Bissau,GNB,2012,2.00
Guinea-Bissau,GNB,2013,2.13
Guinea-Bissau,GNB,2014,2.20
Guinea-Bissau,GNB,2015,2.30
Guinea-Bissau,GNB,2016,2.30
Guinea-Bissau,GNB,2017,2.20
Guinea-Bissau,GNB,2018,2.14
Guinea-Bissau,GNB,2019,2.95
Guyana,GUY,1970,4.33
Guyana,GUY,1977,7.09
Guyana,GUY,1979,9.38
Guyana,GUY,1983,8.25
Guyana,GUY,1984,7.23
Guyana,GUY,1994,3.72
Guyana,GUY,1995,3.61
Guyana,GUY,1999,8.56
Guyana,GUY,2000,8.48
Guyana,GUY,2001,8.40
Guyana,GUY,2002,8.37
Guyana,GUY,2003,6.96
Guyana,GUY,2004,5.51
Guyana,GUY,2005,8.14
Guyana,GUY,2006,3.12
Guyana,GUY,2007,2.39
Guyana,GUY,2009,2.15
Guyana,GUY,2010,2.41
Guyana,GUY,2011,2.51
Guyana,GUY,2012,2.24
Guyana,GUY,2014,4.36
Guyana,GUY,2015,3.90
Guyana,GUY,2016,4.74
Guyana,GUY,2017,4.66
Guyana,GUY,2018,4.45
Haiti,HTI,1981,1.39
Haiti,HTI,1982,1.08
Haiti,HTI,1983,1.02
Haiti,HTI,1984,0.99
Haiti,HTI,1985,0.97
Haiti,HTI,1991,1.07
Haiti,HTI,2014,1.79
Haiti,HTI,2015,1.85
Haiti,HTI,2016,1.42
Haiti,HTI,2017,1.59
Haiti,HTI,2018,1.68
High income,,1980,4.83
High income,,1993,4.94
High income,,1994,4.76
High income,,1995,4.80
High income,,1996,4.85
High income,,1998,4.50
High income,,1999,4.58
High income,,2000,4.76
High income,,2001,4.95
High income,,2002,5.16
High income,,2003,5.07
High income,,2004,5.05
High income,,2005,4.95
High income,,2006,4.83
High income,,2007,4.71
High income,,2008,4.94
High income,,2009,5.09
High income,,2010,5.38
High income,,2011,5.02
High income,,2012,4.86
High income,,2013,5.12
High income,,2014,5.12
High income,,2015,4.90
High income,,2016,4.93
High income,,2017,4.88
High income,,2018,4.90
Honduras,HND,1978,2.02
Honduras,HND,1979,2.01
Honduras,HND,1980,1.94
Honduras,HND,1994,2.51
Honduras,HND,1995,2.62
Honduras,HND,2010,6.80
Honduras,HND,2011,6.10
Honduras,HND,2013,5.87
Honduras,HND,2014,7.09
Honduras,HND,2015,6.41
Honduras,HND,2016,5.16
Honduras,HND,2017,4.94
Honduras,HND,2018,6.06
Honduras,HND,2019,4.91
Hong Kong,HKG,1971,2.37
Hong Kong,HKG,1972,2.30
Hong Kong,HKG,1973,2.18
Hong Kong,HKG,1974,2.36
Hong Kong,HKG,1975,2.45
Hong Kong,HKG,1976,2.43
Hong Kong,HKG,1977,2.22
Hong Kong,HKG,1978,2.32
Hong Kong,HKG,1980,2.19
Hong Kong,HKG,1981,2.27
Hong Kong,HKG,1982,1.67
Hong Kong,HKG,1983,2.58
Hong Kong,HKG,1984,2.58
Hong Kong,HKG,1985,2.56
Hong Kong,HKG,1990,2.47
Hong Kong,HKG,1992,2.83
Hong Kong,HKG,1996,2.73
Hong Kong,HKG,2001,3.90
Hong Kong,HKG,2002,4.02
Hong Kong,HKG,2003,4.29
Hong Kong,HKG,2004,4.56
Hong Kong,HKG,2005,4.13
Hong Kong,HKG,2006,3.84
Hong Kong,HKG,2007,3.45
Hong Kong,HKG,2008,3.26
Hong Kong,HKG,2009,4.39
Hong Kong,HKG,2010,3.51
Hong Kong,HKG,2011,3.42
Hong Kong,HKG,2012,3.51
Hong Kong,HKG,2013,3.76
Hong Kong,HKG,2014,3.57
Hong Kong,HKG,2015,3.26
Hong Kong,HKG,2016,3.29
Hong Kong,HKG,2017,3.31
Hong Kong,HKG,2018,3.33
Hong Kong,HKG,2019,3.81
Hong Kong,HKG,2020,4.41
Hungary,HUN,1991,5.88
Hungary,HUN,1992,6.08
Hungary,HUN,1993,5.92
Hungary,HUN,1994,5.83
Hungary,HUN,1995,4.85
Hungary,HUN,1996,4.33
Hungary,HUN,1998,4.41
Hungary,HUN,1999,4.57
Hungary,HUN,2000,4.87
Hungary,HUN,2001,4.93
Hungary,HUN,2002,5.18
Hungary,HUN,2003,5.79
Hungary,HUN,2004,5.34
Hungary,HUN,2005,5.33
Hungary,HUN,2006,5.30
Hungary,HUN,2007,5.14
Hungary,HUN,2008,4.97
Hungary,HUN,2009,4.96
Hungary,HUN,2010,4.73
Hungary,HUN,2011,4.57
Hungary,HUN,2012,4.15
Hungary,HUN,2013,4.20
Hungary,HUN,2014,4.61
Hungary,HUN,2015,4.50
Hungary,HUN,2016,4.62
Hungary,HUN,2017,4.62
Hungary,HUN,2018,4.63
Iceland,ISL,1990,4.26
Iceland,ISL,1993,5.14
Iceland,ISL,1994,4.76
Iceland,ISL,1995,4.78
Iceland,ISL,1996,5.22
Iceland,ISL,1998,6.78
Iceland,ISL,1999,6.43
Iceland,ISL,2000,6.43
Iceland,ISL,2001,6.71
Iceland,ISL,2002,7.30
Iceland,ISL,2003,7.25
Iceland,ISL,2004,7.16
Iceland,ISL,2005,7.34
Iceland,ISL,2006,7.20
Iceland,ISL,2007,6.94
Iceland,ISL,2008,7.04
Iceland,ISL,2009,7.19
Iceland,ISL,2010,6.94
Iceland,ISL,2011,6.79
Iceland,ISL,2012,7.58
Iceland,ISL,2013,7.45
Iceland,ISL,2014,7.64
Iceland,ISL,2015,7.46
Iceland,ISL,2016,7.43
Iceland,ISL,2017,7.58
Iceland,ISL,2018,7.57
India,IND,1997,3.36
India,IND,1998,3.57
India,IND,1999,4.42
India,IND,2000,4.32
India,IND,2003,3.61
India,IND,2004,3.35
India,IND,2005,3.19
India,IND,2006,3.14
India,IND,2009,3.28
India,IND,2010,3.38
India,IND,2011,3.80
India,IND,2012,3.87
India,IND,2013,3.84
India,IND,2015,3.29
India,IND,2016,3.45
Indonesia,IDN,1972,2.79
Indonesia,IDN,1989,0.87
Indonesia,IDN,1994,1.00
Indonesia,IDN,1995,1.00
Indonesia,IDN,1996,1.08
Indonesia,IDN,1997,1.07
Indonesia,IDN,2001,2.46
Indonesia,IDN,2002,2.65
Indonesia,IDN,2003,3.22
Indonesia,IDN,2004,2.75
Indonesia,IDN,2005,2.87
Indonesia,IDN,2007,3.04
Indonesia,IDN,2008,2.90
Indonesia,IDN,2009,3.53
Indonesia,IDN,2010,2.81
Indonesia,IDN,2011,3.19
Indonesia,IDN,2012,3.41
Indonesia,IDN,2013,3.36
Indonesia,IDN,2014,3.29
Indonesia,IDN,2015,3.58
Indonesia,IDN,2016,3.50
Indonesia,IDN,2017,2.67
Indonesia,IDN,2018,3.00
Indonesia,IDN,2019,2.84
Iran,IRN,1971,2.77
Iran,IRN,1972,2.77
Iran,IRN,1973,2.88
Iran,IRN,1974,2.69
Iran,IRN,1975,2.97
Iran,IRN,1977,5.42
Iran,IRN,1981,7.13
Iran,IRN,1982,5.80
Iran,IRN,1983,4.18
Iran,IRN,1984,3.80
Iran,IRN,1985,3.46
Iran,IRN,1986,3.57
Iran,IRN,1987,4.14
Iran,IRN,1988,3.68
Iran,IRN,1989,4.00
Iran,IRN,1990,3.77
Iran,IRN,1991,3.74
Iran,IRN,1992,3.64
Iran,IRN,1993,4.31
Iran,IRN,1995,4.08
Iran,IRN,1996,3.54
Iran,IRN,1999,4.22
Iran,IRN,2000,4.03
Iran,IRN,2001,4.07
Iran,IRN,2002,4.48
Iran,IRN,2003,4.36
Iran,IRN,2004,4.30
Iran,IRN,2005,4.06
Iran,IRN,2006,4.29
Iran,IRN,2007,4.60
Iran,IRN,2008,3.91
Iran,IRN,2009,3.84
Iran,IRN,2010,3.71
Iran,IRN,2011,3.48
Iran,IRN,2012,3.17
Iran,IRN,2013,3.07
Iran,IRN,2014,2.80
Iran,IRN,2015,2.80
Iran,IRN,2016,3.37
Iran,IRN,2017,3.79
Iran,IRN,2018,3.96
Iran,IRN,2019,3.66
Iraq,IRQ,1977,3.86
Iraq,IRQ,1980,2.42
Iraq,IRQ,1989,3.55
Ireland,IRL,1971,4.49
Ireland,IRL,1972,4.62
Ireland,IRL,1973,4.61
Ireland,IRL,1974,4.69
Ireland,IRL,1976,4.30
Ireland,IRL,1977,5.08
Ireland,IRL,1978,5.07
Ireland,IRL,1979,5.29
Ireland,IRL,1980,5.32
Ireland,IRL,1981,5.73
Ireland,IRL,1982,5.39
Ireland,IRL,1983,5.45
Ireland,IRL,1984,5.28
Ireland,IRL,1985,5.25
Ireland,IRL,1986,5.30
Ireland,IRL,1987,5.53
Ireland,IRL,1988,5.02
Ireland,IRL,1989,4.71
Ireland,IRL,1990,4.60
Ireland,IRL,1991,4.78
Ireland,IRL,1992,5.00
Ireland,IRL,1993,5.11
Ireland,IRL,1994,5.19
Ireland,IRL,1995,4.87
Ireland,IRL,1996,4.75
Ireland,IRL,1998,4.29
Ireland,IRL,1999,4.14
Ireland,IRL,2000,4.14
Ireland,IRL,2001,4.09
Ireland,IRL,2002,4.11
Ireland,IRL,2003,4.21
Ireland,IRL,2004,4.48
Ireland,IRL,2005,4.52
Ireland,IRL,2006,4.55
Ireland,IRL,2007,4.71
Ireland,IRL,2008,5.45
Ireland,IRL,2009,6.15
Ireland,IRL,2010,6.04
Ireland,IRL,2011,5.85
Ireland,IRL,2012,5.77
Ireland,IRL,2013,5.34
Ireland,IRL,2014,4.87
Ireland,IRL,2015,3.76
Ireland,IRL,2016,3.73
Ireland,IRL,2017,3.47
Ireland,IRL,2018,3.38
Israel,ISR,1998,6.64
Israel,ISR,1999,6.41
Israel,ISR,2000,6.10
Israel,ISR,2001,6.36
Israel,ISR,2002,6.45
Israel,ISR,2003,6.33
Israel,ISR,2004,5.93
Israel,ISR,2005,5.75
Israel,ISR,2006,5.76
Israel,ISR,2007,5.50
Israel,ISR,2008,5.53
Israel,ISR,2009,5.49
Israel,ISR,2010,5.54
Israel,ISR,2011,5.58
Israel,ISR,2012,5.70
Israel,ISR,2013,5.88
Israel,ISR,2014,5.78
Israel,ISR,2015,5.86
Israel,ISR,2016,5.86
Israel,ISR,2017,6.10
Israel,ISR,2018,6.16
Italy,ITA,1970,3.37
Italy,ITA,1971,2.90
Italy,ITA,1974,3.84
Italy,ITA,1975,3.71
Italy,ITA,1976,3.92
Italy,ITA,1978,3.78
Italy,ITA,1979,4.16
Italy,ITA,1983,4.49
Italy,ITA,1984,4.77
Italy,ITA,1985,4.69
Italy,ITA,1986,4.65
Italy,ITA,1988,4.59
Italy,ITA,1993,4.73
Italy,ITA,1994,4.43
Italy,ITA,1995,4.32
Italy,ITA,1996,4.45
Italy,ITA,1998,4.45
Italy,ITA,1999,4.51
Italy,ITA,2000,4.29
Italy,ITA,2001,4.65
Italy,ITA,2002,4.43
Italy,ITA,2003,4.54
Italy,ITA,2004,4.39
Italy,ITA,2005,4.24
Italy,ITA,2006,4.53
Italy,ITA,2007,4.11
Italy,ITA,2008,4.39
Italy,ITA,2009,4.52
Italy,ITA,2010,4.33
Italy,ITA,2011,4.12
Italy,ITA,2012,4.06
Italy,ITA,2013,4.14
Italy,ITA,2014,4.06
Italy,ITA,2015,4.07
Italy,ITA,2016,3.82
Italy,ITA,2017,4.04
Italy,ITA,2018,4.26
Jamaica,JAM,1973,3.63
Jamaica,JAM,1974,4.25
Jamaica,JAM,1975,5.23
Jamaica,JAM,1976,5.86
Jamaica,JAM,1977,6.03
Jamaica,JAM,1985,5.39
Jamaica,JAM,1986,4.60
Jamaica,JAM,1988,3.94
Jamaica,JAM,1989,5.18
Jamaica,JAM,1990,4.78
Jamaica,JAM,1991,4.38
Jamaica,JAM,1992,3.34
Jamaica,JAM,1993,3.21
Jamaica,JAM,1994,4.06
Jamaica,JAM,1995,3.39
Jamaica,JAM,1996,3.68
Jamaica,JAM,1997,4.38
Jamaica,JAM,2000,4.98
Jamaica,JAM,2001,5.38
Jamaica,JAM,2002,5.38
Jamaica,JAM,2003,4.26
Jamaica,JAM,2004,3.91
Jamaica,JAM,2005,4.62
Jamaica,JAM,2007,5.49
Jamaica,JAM,2008,6.19
Jamaica,JAM,2009,6.20
Jamaica,JAM,2010,6.37
Jamaica,JAM,2011,6.27
Jamaica,JAM,2012,6.11
Jamaica,JAM,2013,6.25
Jamaica,JAM,2014,6.02
Jamaica,JAM,2015,5.46
Jamaica,JAM,2016,5.31
Jamaica,JAM,2017,5.26
Jamaica,JAM,2018,5.41
Jamaica,JAM,2019,5.16
Jamaica,JAM,2020,5.40
Japan,JPN,1971,3.66
Japan,JPN,1972,4.01
Japan,JPN,1973,4.04
Japan,JPN,1974,4.04
Japan,JPN,1975,4.67
Japan,JPN,1976,4.85
Japan,JPN,1977,4.84
Japan,JPN,1978,4.89
Japan,JPN,1979,5.06
Japan,JPN,1980,5.07
Japan,JPN,1981,5.06
Japan,JPN,1982,5.05
Japan,JPN,1983,4.82
Japan,JPN,1987,5.60
Japan,JPN,1988,5.56
Japan,JPN,1989,5.37
Japan,JPN,1993,3.43
Japan,JPN,1994,3.64
Japan,JPN,1995,3.47
Japan,JPN,1998,3.36
Japan,JPN,1999,3.43
Jordan,JOR,1970,3.63
Jordan,JOR,1971,3.30
Jordan,JOR,1972,2.39
Jordan,JOR,1973,2.49
Jordan,JOR,1974,3.56
Jordan,JOR,1975,3.76
Jordan,JOR,1976,3.53
Jordan,JOR,1977,3.68
Jordan,JOR,1978,3.68
Jordan,JOR,1979,5.08
Jordan,JOR,1981,5.17
Jordan,JOR,1982,5.09
Jordan,JOR,1983,4.93
Jordan,JOR,1984,5.94
Jordan,JOR,1986,3.28
Jordan,JOR,1987,3.30
Jordan,JOR,1988,4.05
Jordan,JOR,1989,5.64
Jordan,JOR,1996,7.48
Jordan,JOR,1997,6.36
Jordan,JOR,1999,4.94
Jordan,JOR,2010,3.10
Jordan,JOR,2011,3.40
Jordan,JOR,2012,3.50
Jordan,JOR,2013,3.50
Jordan,JOR,2016,3.45
Jordan,JOR,2017,3.23
Jordan,JOR,2018,2.98
Jordan,JOR,2019,2.99
Kazakhstan,KAZ,1995,4.03
Kazakhstan,KAZ,1996,3.92
Kazakhstan,KAZ,1997,4.37
Kazakhstan,KAZ,1999,3.89
Kazakhstan,KAZ,2000,3.26
Kazakhstan,KAZ,2002,3.03
Kazakhstan,KAZ,2004,2.26
Kazakhstan,KAZ,2005,2.26
Kazakhstan,KAZ,2006,2.63
Kazakhstan,KAZ,2007,2.83
Kazakhstan,KAZ,2008,2.59
Kazakhstan,KAZ,2009,3.06
Kazakhstan,KAZ,2010,3.46
Kazakhstan,KAZ,2011,3.49
Kazakhstan,KAZ,2012,3.90
Kazakhstan,KAZ,2013,3.44
Kazakhstan,KAZ,2014,3.42
Kazakhstan,KAZ,2015,2.79
Kazakhstan,KAZ,2016,2.98
Kazakhstan,KAZ,2017,2.75
Kazakhstan,KAZ,2018,2.62
Kazakhstan,KAZ,2019,2.86
Kenya,KEN,1971,3.93
Kenya,KEN,1972,4.48
Kenya,KEN,1973,4.65
Kenya,KEN,1974,5.07
Kenya,KEN,1975,5.61
Kenya,KEN,1976,5.74
Kenya,KEN,1977,5.14
Kenya,KEN,1980,5.39
Kenya,KEN,1981,5.92
Kenya,KEN,1982,5.68
Kenya,KEN,1983,5.44
Kenya,KEN,1984,4.58
Kenya,KEN,1985,5.20
Kenya,KEN,1986,6.01
Kenya,KEN,1988,6.60
Kenya,KEN,1989,6.04
Kenya,KEN,1991,6.57
Kenya,KEN,1992,6.08
Kenya,KEN,1993,6.03
Kenya,KEN,1994,5.92
Kenya,KEN,1999,5.32
Kenya,KEN,2000,5.19
Kenya,KEN,2001,5.21
Kenya,KEN,2002,6.17
Kenya,KEN,2003,6.49
Kenya,KEN,2004,6.80
Kenya,KEN,2005,7.34
Kenya,KEN,2006,7.05
Kenya,KEN,2010,5.51
Kenya,KEN,2011,5.34
Kenya,KEN,2012,5.51
Kenya,KEN,2013,5.41
Kenya,KEN,2014,5.28
Kenya,KEN,2015,5.27
Kenya,KEN,2016,5.36
Kenya,KEN,2017,5.37
Kenya,KEN,2018,5.31
Kenya,KEN,2019,4.97
Kenya,KEN,2020,5.08
Kiribati,KIR,1970,4.79
Kiribati,KIR,1971,4.27
Kiribati,KIR,1974,3.14
Kiribati,KIR,1999,10.87
Kiribati,KIR,2000,11.19
Kiribati,KIR,2001,11.99
Kiribati,KIR,2011,12.97
Kiribati,KIR,2012,13.38
Kiribati,KIR,2013,12.03
Kiribati,KIR,2014,11.23
Kiribati,KIR,2015,9.86
Kiribati,KIR,2016,10.09
Kiribati,KIR,2017,10.86
Kiribati,KIR,2018,11.97
Kiribati,KIR,2019,12.39
Kuwait,KWT,1971,3.29
Kuwait,KWT,1972,2.82
Kuwait,KWT,1973,3.30
Kuwait,KWT,1974,3.52
Kuwait,KWT,1975,2.14
Kuwait,KWT,1976,3.12
Kuwait,KWT,1977,3.37
Kuwait,KWT,1978,4.08
Kuwait,KWT,1979,3.43
Kuwait,KWT,1980,2.79
Kuwait,KWT,1981,2.72
Kuwait,KWT,1982,3.03
Kuwait,KWT,1983,5.09
Kuwait,KWT,1984,5.15
Kuwait,KWT,1985,5.01
Kuwait,KWT,1986,5.40
Kuwait,KWT,1992,14.20
Kuwait,KWT,1996,5.86
Kuwait,KWT,1997,5.58
Kuwait,KWT,2001,6.59
Kuwait,KWT,2002,6.55
Kuwait,KWT,2004,5.54
Kuwait,KWT,2005,4.74
Kuwait,KWT,2006,3.76
Kuwait,KWT,2015,4.77
Kuwait,KWT,2016,5.85
Kuwait,KWT,2017,6.37
Kuwait,KWT,2018,6.39
Kuwait,KWT,2019,6.49
Kuwait,KWT,2020,6.55
Kyrgyzstan,KGZ,1994,5.59
Kyrgyzstan,KGZ,1995,6.16
Kyrgyzstan,KGZ,1996,4.90
Kyrgyzstan,KGZ,1998,4.92
Kyrgyzstan,KGZ,1999,4.09
Kyrgyzstan,KGZ,2000,3.51
Kyrgyzstan,KGZ,2001,3.85
Kyrgyzstan,KGZ,2002,4.45
Kyrgyzstan,KGZ,2003,4.48
Kyrgyzstan,KGZ,2004,4.62
Kyrgyzstan,KGZ,2005,4.87
Kyrgyzstan,KGZ,2006,5.55
Kyrgyzstan,KGZ,2007,6.47
Kyrgyzstan,KGZ,2008,5.91
Kyrgyzstan,KGZ,2009,6.23
Kyrgyzstan,KGZ,2010,5.82
Kyrgyzstan,KGZ,2011,6.79
Kyrgyzstan,KGZ,2012,7.38
Kyrgyzstan,KGZ,2013,6.78
Kyrgyzstan,KGZ,2014,5.53
Kyrgyzstan,KGZ,2015,5.99
Kyrgyzstan,KGZ,2016,6.59
Kyrgyzstan,KGZ,2017,6.03
Kyrgyzstan,KGZ,2018,5.55
Kyrgyzstan,KGZ,2019,5.37
Laos,LAO,1992,2.33
Laos,LAO,1996,2.43
Laos,LAO,1997,2.13
Laos,LAO,2000,1.50
Laos,LAO,2001,1.99
Laos,LAO,2002,2.83
Laos,LAO,2004,2.41
Laos,LAO,2005,2.41
Laos,LAO,2006,2.96
Laos,LAO,2007,3.08
Laos,LAO,2008,2.28
Laos,LAO,2009,1.65
Laos,LAO,2010,1.71
Laos,LAO,2011,1.71
Laos,LAO,2012,1.82
Laos,LAO,2013,3.23
Laos,LAO,2014,2.94
Latin America and Caribbean,,1995,2.99
Latin America and Caribbean,,1998,3.34
Latin America and Caribbean,,1999,3.76
Latin America and Caribbean,,2000,3.78
Latin America and Caribbean,,2001,3.84
Latin America and Caribbean,,2002,3.88
Latin America and Caribbean,,2003,3.54
Latin America and Caribbean,,2004,3.75
Latin America and Caribbean,,2006,3.79
Latin America and Caribbean,,2007,3.86
Latin America and Caribbean,,2008,4.64
Latin America and Caribbean,,2009,5.33
Latin America and Caribbean,,2010,4.67
Latin America and Caribbean,,2011,4.41
Latin America and Caribbean,,2012,4.60
Latin America and Caribbean,,2013,4.88
Latin America and Caribbean,,2014,5.02
Latin America and Caribbean,,2015,4.08
Latin America and Caribbean,,2016,4.36
Latin America and Caribbean,,2017,4.42
Latin America and Caribbean,,2018,4.25
Latin America and Caribbean,,2019,4.04
Latvia,LVA,1996,5.26
Latvia,LVA,1997,5.52
Latvia,LVA,1998,5.81
Latvia,LVA,1999,5.55
Latvia,LVA,2000,5.28
Latvia,LVA,2001,5.45
Latvia,LVA,2002,5.61
Latvia,LVA,2003,5.07
Latvia,LVA,2004,4.85
Latvia,LVA,2006,4.70
Latvia,LVA,2007,4.64
Latvia,LVA,2008,5.38
Latvia,LVA,2009,5.54
Latvia,LVA,2010,5.06
Latvia,LVA,2011,4.91
Latvia,LVA,2012,6.55
Latvia,LVA,2013,6.94
Latvia,LVA,2014,5.28
Latvia,LVA,2015,5.28
Latvia,LVA,2016,4.66
Latvia,LVA,2017,4.37
Latvia,LVA,2018,4.25
Lebanon,LBN,1993,1.67
Lebanon,LBN,1994,1.93
Lebanon,LBN,1995,2.22
Lebanon,LBN,1996,2.08
Lebanon,LBN,2001,2.84
Lebanon,LBN,2002,2.55
Lebanon,LBN,2004,2.64
Lebanon,LBN,2005,2.65
Lebanon,LBN,2006,2.78
Lebanon,LBN,2007,2.58
Lebanon,LBN,2008,2.01
Lebanon,LBN,2009,1.77
Lebanon,LBN,2010,1.61
Lebanon,LBN,2011,1.65
Lebanon,LBN,2012,2.15
Lebanon,LBN,2013,2.43
Lebanon,LBN,2014,2.00
Lebanon,LBN,2015,2.10
Lebanon,LBN,2016,2.12
Lebanon,LBN,2017,2.13
Lebanon,LBN,2018,2.52
Lebanon,LBN,2019,2.59
Lesotho,LSO,1971,4.64
Lesotho,LSO,1972,4.53
Lesotho,LSO,1973,4.87
Lesotho,LSO,1974,4.23
Lesotho,LSO,1983,10.10
Lesotho,LSO,1984,6.43
Lesotho,LSO,1985,7.09
Lesotho,LSO,1988,7.22
Lesotho,LSO,1989,6.20
Lesotho,LSO,1993,8.58
Lesotho,LSO,1994,7.03
Lesotho,LSO,1995,8.64
Lesotho,LSO,1997,11.36
Lesotho,LSO,1999,12.50
Lesotho,LSO,2000,10.09
Lesotho,LSO,2001,9.37
Lesotho,LSO,2002,10.10
Lesotho,LSO,2003,13.22
Lesotho,LSO,2004,11.11
Lesotho,LSO,2005,12.08
Lesotho,LSO,2006,11.27
Lesotho,LSO,2008,12.33
Lesotho,LSO,2011,8.17
Lesotho,LSO,2012,7.67
Lesotho,LSO,2013,7.29
Lesotho,LSO,2014,7.20
Lesotho,LSO,2015,9.00
Lesotho,LSO,2016,7.76
Lesotho,LSO,2017,8.16
Lesotho,LSO,2018,7.29
Lesotho,LSO,2019,7.80
Lesotho,LSO,2020,7.38
Liberia,LBR,2008,1.70
Liberia,LBR,2012,1.78
Liberia,LBR,2013,1.73
Liberia,LBR,2014,2.28
Liberia,LBR,2015,2.17
Liberia,LBR,2016,2.15
Liberia,LBR,2017,2.76
Liberia,LBR,2018,2.58
Liberia,LBR,2019,2.27
Liberia,LBR,2020,2.31
Libya,LBY,1999,2.26
Liechtenstein,LIE,2003,2.46
Liechtenstein,LIE,2004,2.43
Liechtenstein,LIE,2006,2.05
Liechtenstein,LIE,2007,1.92
Liechtenstein,LIE,2008,2.05
Liechtenstein,LIE,2011,2.56
Lithuania,LTU,1995,4.77
Lithuania,LTU,1996,4.85
Lithuania,LTU,1997,5.45
Lithuania,LTU,1998,6.12
Lithuania,LTU,2001,5.85
Lithuania,LTU,2002,5.80
Lithuania,LTU,2003,5.11
Lithuania,LTU,2004,5.17
Lithuania,LTU,2005,4.88
Lithuania,LTU,2006,4.83
Lithuania,LTU,2007,4.60
Lithuania,LTU,2008,4.84
Lithuania,LTU,2009,5.59
Lithuania,LTU,2010,5.30
Lithuania,LTU,2011,5.11
Lithuania,LTU,2012,4.76
Lithuania,LTU,2013,4.60
Lithuania,LTU,2014,4.49
Lithuania,LTU,2015,4.23
Lithuania,LTU,2016,4.00
Lithuania,LTU,2017,3.81
Lithuania,LTU,2018,3.89
Low and middle income,,1999,3.83
Low and middle income,,2000,3.43
Low and middle income,,2001,3.67
Low and middle income,,2002,3.30
Low and middle income,,2003,3.46
Low and middle income,,2004,3.33
Low and middle income,,2005,3.52
Low and middle income,,2006,3.75
Low and middle income,,2007,3.61
Low and middle income,,2008,3.93
Low and middle income,,2009,4.10
Low and middle income,,2010,3.68
Low and middle income,,2011,3.80
Low and middle income,,2012,3.71
Low and middle income,,2013,3.80
Low and middle income,,2014,3.96
Low and middle income,,2015,3.82
Low and middle income,,2016,3.80
Low and middle income,,2017,3.92
Low and middle income,,2018,3.71
Low and middle income,,2019,3.66
Low income,,1999,3.00
Low income,,2000,2.65
Low income,,2001,3.43
Low income,,2004,3.11
Low income,,2008,2.72
Low income,,2010,2.75
Low income,,2011,3.08
Low income,,2012,3.03
Low income,,2013,3.07
Low income,,2014,3.16
Low income,,2015,3.06
Low income,,2016,2.83
Low income,,2017,2.98
Low income,,2018,3.20
Low income,,2019,3.21
Lower middle income,,1999,3.62
Lower middle income,,2000,2.99
Lower middle income,,2002,3.18
Lower middle income,,2003,3.18
Lower middle income,,2004,3.17
Lower middle income,,2005,3.51
Lower middle income,,2006,3.55
Lower middle income,,2008,4.11
Lower middle income,,2009,4.26
Lower middle income,,2010,4.03
Lower middle income,,2011,3.92
Lower middle income,,2012,3.87
Lower middle income,,2013,4.00
Lower middle income,,2014,4.08
Lower middle income,,2015,4.18
Lower middle income,,2016,4.10
Lower middle income,,2017,4.38
Lower middle income,,2018,3.98
Lower middle income,,2019,3.80
Luxembourg,LUX,1970,2.22
Luxembourg,LUX,1971,2.76
Luxembourg,LUX,1972,2.65
Luxembourg,LUX,1973,2.72
Luxembourg,LUX,1975,3.31
Luxembourg,LUX,1976,3.49
Luxembourg,LUX,1977,3.57
Luxembourg,LUX,1978,4.19
Luxembourg,LUX,1979,4.25
Luxembourg,LUX,1980,4.40
Luxembourg,LUX,1981,4.53
Luxembourg,LUX,1982,5.10
Luxembourg,LUX,1983,3.21
Luxembourg,LUX,1986,3.66
Luxembourg,LUX,1987,3.94
Luxembourg,LUX,1988,3.88
Luxembourg,LUX,1989,3.74
Luxembourg,LUX,1995,3.53
Luxembourg,LUX,1996,3.34
Luxembourg,LUX,2001,3.56
Luxembourg,LUX,2012,4.09
Luxembourg,LUX,2014,4.01
Luxembourg,LUX,2015,3.92
Luxembourg,LUX,2017,3.57
Luxembourg,LUX,2018,3.67
Macao,MAC,1998,3.35
Macao,MAC,1999,3.34
Macao,MAC,2000,3.31
Macao,MAC,2001,2.71
Macao,MAC,2002,2.84
Macao,MAC,2003,2.78
Macao,MAC,2004,2.23
Macao,MAC,2005,2.28
Macao,MAC,2006,2.19
Macao,MAC,2007,2.04
Macao,MAC,2008,2.20
Macao,MAC,2009,2.53
Macao,MAC,2010,2.62
Macao,MAC,2011,2.68
Macao,MAC,2012,3.33
Macao,MAC,2013,2.05
Macao,MAC,2014,2.05
Macao,MAC,2015,3.00
Macao,MAC,2016,3.10
Macao,MAC,2017,2.71
Macao,MAC,2018,2.73
Macao,MAC,2019,3.06
Madagascar,MDG,1972,3.22
Madagascar,MDG,1973,2.71
Madagascar,MDG,1974,2.67
Madagascar,MDG,1975,2.52
Madagascar,MDG,1976,3.26
Madagascar,MDG,1977,5.05
Madagascar,MDG,1979,3.97
Madagascar,MDG,1980,3.36
Madagascar,MDG,1981,2.88
Madagascar,MDG,1982,2.32
Madagascar,MDG,1983,1.99
Madagascar,MDG,1984,2.20
Madagascar,MDG,1985,2.07
Madagascar,MDG,1993,1.78
Madagascar,MDG,1997,1.54
Madagascar,MDG,1998,1.59
Madagascar,MDG,1999,2.41
Madagascar,MDG,2000,2.44
Madagascar,MDG,2001,2.71
Madagascar,MDG,2002,2.23
Madagascar,MDG,2003,2.61
Madagascar,MDG,2004,2.81
Madagascar,MDG,2005,3.31
Madagascar,MDG,2006,2.83
Madagascar,MDG,2007,2.90
Madagascar,MDG,2008,2.55
Madagascar,MDG,2009,2.83
Madagascar,MDG,2010,2.75
Madagascar,MDG,2011,2.38
Madagascar,MDG,2012,2.34
Madagascar,MDG,2013,1.78
Madagascar,MDG,2014,2.38
Madagascar,MDG,2015,2.21
Madagascar,MDG,2016,2.69
Madagascar,MDG,2017,2.84
Madagascar,MDG,2018,2.87
Madagascar,MDG,2019,2.94
Malawi,MWI,1971,4.40
Malawi,MWI,1972,3.38
Malawi,MWI,1973,3.33
Malawi,MWI,1974,3.09
Malawi,MWI,1975,2.70
Malawi,MWI,1976,2.42
Malawi,MWI,1986,3.20
Malawi,MWI,1987,3.53
Malawi,MWI,1988,3.17
Malawi,MWI,1989,3.18
Malawi,MWI,1990,3.27
Malawi,MWI,1995,4.01
Malawi,MWI,1996,5.38
Malawi,MWI,1999,4.99
Malawi,MWI,2000,5.25
Malawi,MWI,2001,4.51
Malawi,MWI,2003,3.22
Malawi,MWI,2010,3.54
Malawi,MWI,2011,4.15
Malawi,MWI,2013,5.42
Malawi,MWI,2014,4.84
Malawi,MWI,2015,5.61
Malawi,MWI,2016,4.75
Malawi,MWI,2017,4.03
Malawi,MWI,2018,3.38
Malawi,MWI,2019,3.71
Malawi,MWI,2020,2.91
Malaysia,MYS,1971,4.55
Malaysia,MYS,1979,5.09
Malaysia,MYS,1980,5.73
Malaysia,MYS,1981,6.70
Malaysia,MYS,1982,7.03
Malaysia,MYS,1984,5.67
Malaysia,MYS,1985,6.11
Malaysia,MYS,1986,7.24
Malaysia,MYS,1987,6.33
Malaysia,MYS,1992,5.11
Malaysia,MYS,1993,4.65
Malaysia,MYS,1994,4.71
Malaysia,MYS,1995,4.34
Malaysia,MYS,1996,4.91
Malaysia,MYS,1997,4.62
Malaysia,MYS,1999,5.69
Malaysia,MYS,2000,5.97
Malaysia,MYS,2001,7.48
Malaysia,MYS,2002,7.66
Malaysia,MYS,2003,7.50
Malaysia,MYS,2004,5.92
Malaysia,MYS,2006,4.49
Malaysia,MYS,2007,4.37
Malaysia,MYS,2008,3.96
Malaysia,MYS,2009,5.97
Malaysia,MYS,2010,4.97
Malaysia,MYS,2011,5.76
Malaysia,MYS,2012,5.74
Malaysia,MYS,2013,5.48
Malaysia,MYS,2014,5.21
Malaysia,MYS,2015,4.89
Malaysia,MYS,2016,4.75
Malaysia,MYS,2017,4.68
Malaysia,MYS,2018,4.48
Malaysia,MYS,2019,4.16
Maldives,MDV,2002,5.79
Maldives,MDV,2003,5.32
Maldives,MDV,2004,4.66
Maldives,MDV,2005,5.02
Maldives,MDV,2006,4.65
Maldives,MDV,2007,4.42
Maldives,MDV,2008,4.47
Maldives,MDV,2009,5.08
Maldives,MDV,2010,3.63
Maldives,MDV,2011,3.08
Maldives,MDV,2012,3.34
Maldives,MDV,2013,3.39
Maldives,MDV,2014,3.09
Maldives,MDV,2015,3.89
Maldives,MDV,2016,3.69
Maldives,MDV,2017,3.89
Maldives,MDV,2018,3.91
Maldives,MDV,2019,4.12
Mali,MLI,1978,3.56
Mali,MLI,1980,3.47
Mali,MLI,1981,3.45
Mali,MLI,1982,3.28
Mali,MLI,1986,2.44
Mali,MLI,1998,2.65
Mali,MLI,1999,2.23
Mali,MLI,2000,2.97
Mali,MLI,2001,2.66
Mali,MLI,2002,2.90
Mali,MLI,2003,3.81
Mali,MLI,2004,3.86
Mali,MLI,2005,3.52
Mali,MLI,2008,3.40
Mali,MLI,2009,3.87
Mali,MLI,2010,3.34
Mali,MLI,2011,3.75
Mali,MLI,2012,3.48
Mali,MLI,2013,3.28
Mali,MLI,2014,3.65
Mali,MLI,2015,3.80
Mali,MLI,2016,3.09
Mali,MLI,2017,3.79
Mali,MLI,2018,3.88
Mali,MLI,2019,3.44
Malta,MLT,1971,6.15
Malta,MLT,1972,5.55
Malta,MLT,1973,5.27
Malta,MLT,1974,4.49
Malta,MLT,1975,4.42
Malta,MLT,1976,3.83
Malta,MLT,1977,3.90
Malta,MLT,1978,3.35
Malta,MLT,1979,3.15
Malta,MLT,1981,2.87
Malta,MLT,1982,2.85
Malta,MLT,1983,3.31
Malta,MLT,1984,3.08
Malta,MLT,1985,3.25
Malta,MLT,1986,3.11
Malta,MLT,1987,3.17
Malta,MLT,1988,3.34
Malta,MLT,1989,3.59
Malta,MLT,1990,3.83
Malta,MLT,1991,3.92
Malta,MLT,1992,4.31
Malta,MLT,1998,4.18
Malta,MLT,2002,4.14
Malta,MLT,2004,4.43
Malta,MLT,2007,5.95
Malta,MLT,2008,5.50
Malta,MLT,2009,5.07
Malta,MLT,2010,6.25
Malta,MLT,2011,7.70
Malta,MLT,2012,6.35
Malta,MLT,2013,7.58
Malta,MLT,2014,7.00
Malta,MLT,2015,5.02
Malta,MLT,2016,5.08
Malta,MLT,2017,4.65
Marshall Islands,MHL,1999,13.73
Marshall Islands,MHL,2002,8.21
Marshall Islands,MHL,2003,11.82
Marshall Islands,MHL,2019,9.61
Mauritania,MRT,1997,1.59
Mauritania,MRT,1999,1.72
Mauritania,MRT,2001,2.11
Mauritania,MRT,2002,2.28
Mauritania,MRT,2003,2.37
Mauritania,MRT,2004,1.95
Mauritania,MRT,2006,1.96
Mauritania,MRT,2011,2.33
Mauritania,MRT,2012,2.16
Mauritania,MRT,2013,2.29
Mauritania,MRT,2016,1.94
Mauritania,MRT,2019,1.89
Mauritania,MRT,2020,1.89
Mauritius,MUS,1977,4.44
Mauritius,MUS,1978,5.57
Mauritius,MUS,1981,5.05
Mauritius,MUS,1982,4.60
Mauritius,MUS,1983,4.45
Mauritius,MUS,1984,4.09
Mauritius,MUS,1985,3.96
Mauritius,MUS,1986,3.48
Mauritius,MUS,1987,3.06
Mauritius,MUS,1988,3.13
Mauritius,MUS,1989,3.52
Mauritius,MUS,1990,3.17
Mauritius,MUS,1991,3.51
Mauritius,MUS,1999,3.94
Mauritius,MUS,2000,3.77
Mauritius,MUS,2001,3.11
Mauritius,MUS,2002,3.06
Mauritius,MUS,2003,4.42
Mauritius,MUS,2004,4.31
Mauritius,MUS,2005,4.08
Mauritius,MUS,2006,3.70
Mauritius,MUS,2007,3.19
Mauritius,MUS,2008,3.06
Mauritius,MUS,2009,3.05
Mauritius,MUS,2010,3.55
Mauritius,MUS,2011,3.33
Mauritius,MUS,2012,3.42
Mauritius,MUS,2013,3.62
Mauritius,MUS,2014,4.92
Mauritius,MUS,2015,4.89
Mauritius,MUS,2016,5.01
Mauritius,MUS,2017,5.02
Mauritius,MUS,2018,4.83
Mauritius,MUS,2019,4.72
Mauritius,MUS,2020,4.61
Mexico,MEX,1989,2.28
Mexico,MEX,1990,2.32
Mexico,MEX,1991,2.55
Mexico,MEX,1992,3.01
Mexico,MEX,1994,3.65
Mexico,MEX,1995,3.69
Mexico,MEX,1998,3.37
Mexico,MEX,1999,3.54
Mexico,MEX,2000,3.99
Mexico,MEX,2001,4.24
Mexico,MEX,2002,4.45
Mexico,MEX,2003,5.07
Mexico,MEX,2004,4.73
Mexico,MEX,2005,4.85
Mexico,MEX,2006,4.70
Mexico,MEX,2007,4.69
Mexico,MEX,2008,4.82
Mexico,MEX,2009,5.19
Mexico,MEX,2010,5.16
Mexico,MEX,2011,5.11
Mexico,MEX,2012,5.10
Mexico,MEX,2013,4.70
Mexico,MEX,2014,5.26
Mexico,MEX,2015,5.23
Mexico,MEX,2016,4.91
Mexico,MEX,2017,4.52
Mexico,MEX,2018,4.25
Micronesia (country),FSM,1999,6.42
Micronesia (country),FSM,2000,6.71
Micronesia (country),FSM,2015,12.41
Micronesia (country),FSM,2016,13.51
Micronesia (country),FSM,2017,12.42
Micronesia (country),FSM,2018,9.70
Middle East and North Africa,,1977,4.55
Middle East and North Africa,,1982,5.45
Middle East and North Africa,,1986,5.33
Middle East and North Africa,,1996,4.67
Middle East and North Africa,,2001,6.20
Middle East and North Africa,,2004,5.37
Middle East and North Africa,,2006,4.29
Middle East and North Africa,,2008,4.47
Middle East and North Africa,,2013,4.10
Middle East and North Africa,,2017,4.26
Middle income,,1999,4.01
Middle income,,2000,3.61
Middle income,,2001,3.69
Middle income,,2002,3.40
Middle income,,2003,3.65
Middle income,,2004,3.49
Middle income,,2005,3.86
Middle income,,2006,3.87
Middle income,,2007,3.65
Middle income,,2008,4.10
Middle income,,2009,4.39
Middle income,,2010,3.94
Middle income,,2011,3.90
Middle income,,2012,3.90
Middle income,,2013,3.87
Middle income,,2014,4.08
Middle income,,2015,4.02
Middle income,,2016,4.03
Middle income,,2017,4.09
Middle income,,2018,3.98
Middle income,,2019,3.86
Moldova,MDA,1996,9.90
Moldova,MDA,1999,4.66
Moldova,MDA,2000,4.49
Moldova,MDA,2001,4.85
Moldova,MDA,2002,5.50
Moldova,MDA,2003,5.42
Moldova,MDA,2004,6.77
Moldova,MDA,2005,7.16
Moldova,MDA,2006,7.50
Moldova,MDA,2007,8.29
Moldova,MDA,2008,8.24
Moldova,MDA,2009,9.51
Moldova,MDA,2010,7.59
Moldova,MDA,2011,7.14
Moldova,MDA,2012,6.98
Moldova,MDA,2013,5.91
Moldova,MDA,2014,6.27
Moldova,MDA,2015,5.81
Moldova,MDA,2016,5.61
Moldova,MDA,2017,5.62
Moldova,MDA,2018,5.44
Moldova,MDA,2019,6.10
Monaco,MCO,1988,0.88
Monaco,MCO,1989,0.96
Monaco,MCO,1992,0.91
Monaco,MCO,1995,1.06
Monaco,MCO,1996,1.08
Monaco,MCO,1997,1.21
Monaco,MCO,1998,1.21
Monaco,MCO,1999,1.20
Monaco,MCO,2000,1.26
Monaco,MCO,2004,1.24
Monaco,MCO,2009,1.35
Monaco,MCO,2010,1.32
Monaco,MCO,2011,1.59
Monaco,MCO,2012,1.78
Monaco,MCO,2013,1.33
Monaco,MCO,2014,1.02
Monaco,MCO,2016,1.37
Monaco,MCO,2017,1.46
Monaco,MCO,2019,1.15
Mongolia,MNG,1997,3.95
Mongolia,MNG,1998,5.49
Mongolia,MNG,1999,5.15
Mongolia,MNG,2000,5.55
Mongolia,MNG,2002,7.21
Mongolia,MNG,2004,4.33
Mongolia,MNG,2007,4.69
Mongolia,MNG,2009,5.14
Mongolia,MNG,2010,4.65
Mongolia,MNG,2011,4.61
Mongolia,MNG,2012,5.20
Mongolia,MNG,2013,4.94
Mongolia,MNG,2014,4.71
Mongolia,MNG,2015,4.18
Mongolia,MNG,2016,5.18
Mongolia,MNG,2017,4.09
Mongolia,MNG,2018,6.17
Mongolia,MNG,2019,4.94
Morocco,MAR,1973,4.67
Morocco,MAR,1974,4.28
Morocco,MAR,1975,5.21
Morocco,MAR,1976,6.03
Morocco,MAR,1977,6.08
Morocco,MAR,1978,6.20
Morocco,MAR,1979,6.32
Morocco,MAR,1980,5.10
Morocco,MAR,1981,5.69
Morocco,MAR,1982,6.12
Morocco,MAR,1983,6.17
Morocco,MAR,1984,5.19
Morocco,MAR,1985,5.10
Morocco,MAR,1986,5.26
Morocco,MAR,1987,5.16
Morocco,MAR,1988,4.58
Morocco,MAR,1989,4.76
Morocco,MAR,1990,4.51
Morocco,MAR,1991,4.30
Morocco,MAR,1993,4.82
Morocco,MAR,1995,4.73
Morocco,MAR,1998,5.12
Morocco,MAR,1999,5.14
Morocco,MAR,2008,5.34
Morocco,MAR,2009,5.26
Mozambique,MOZ,1998,1.90
Mozambique,MOZ,1999,2.78
Mozambique,MOZ,2004,3.33
Mozambique,MOZ,2005,4.01
Mozambique,MOZ,2006,3.87
Mozambique,MOZ,2010,5.95
Mozambique,MOZ,2011,6.26
Mozambique,MOZ,2012,5.67
Mozambique,MOZ,2013,6.12
Mozambique,MOZ,2014,6.88
Mozambique,MOZ,2015,6.01
Mozambique,MOZ,2016,5.87
Mozambique,MOZ,2017,5.51
Mozambique,MOZ,2018,5.45
Mozambique,MOZ,2019,6.23
Myanmar,MMR,1972,2.87
Myanmar,MMR,1973,3.27
Myanmar,MMR,1975,1.99
Myanmar,MMR,1976,1.73
Myanmar,MMR,1977,1.64
Myanmar,MMR,1978,1.64
Myanmar,MMR,1995,1.20
Myanmar,MMR,2010,0.90
Myanmar,MMR,2011,0.79
Myanmar,MMR,2012,1.60
Myanmar,MMR,2013,2.10
Myanmar,MMR,2014,1.90
Myanmar,MMR,2015,2.10
Myanmar,MMR,2016,1.90
Myanmar,MMR,2017,2.09
Myanmar,MMR,2018,1.92
Myanmar,MMR,2019,1.97
Namibia,NAM,1999,7.13
Namibia,NAM,2000,6.90
Namibia,NAM,2001,6.89
Namibia,NAM,2002,6.74
Namibia,NAM,2003,6.14
Namibia,NAM,2006,6.03
Namibia,NAM,2008,6.40
Namibia,NAM,2010,8.24
Namibia,NAM,2011,7.40
Namibia,NAM,2012,7.79
Namibia,NAM,2013,7.47
Namibia,NAM,2014,7.45
Namibia,NAM,2015,9.91
Namibia,NAM,2016,10.65
Namibia,NAM,2017,9.76
Namibia,NAM,2018,8.99
Namibia,NAM,2019,9.48
Namibia,NAM,2020,9.41
Nauru,NRU,2007,4.25
Nepal,NPL,1998,2.89
Nepal,NPL,1999,2.89
Nepal,NPL,2000,2.98
Nepal,NPL,2001,3.71
Nepal,NPL,2002,3.15
Nepal,NPL,2003,3.11
Nepal,NPL,2004,3.17
Nepal,NPL,2005,3.36
Nepal,NPL,2006,3.61
Nepal,NPL,2007,3.52
Nepal,NPL,2008,3.81
Nepal,NPL,2009,4.66
Nepal,NPL,2010,3.63
Nepal,NPL,2011,3.84
Nepal,NPL,2012,3.29
Nepal,NPL,2013,3.02
Nepal,NPL,2014,3.47
Nepal,NPL,2015,3.26
Nepal,NPL,2016,3.90
Nepal,NPL,2017,4.77
Nepal,NPL,2018,4.43
Netherlands,NLD,1970,6.22
Netherlands,NLD,1971,6.33
Netherlands,NLD,1972,6.32
Netherlands,NLD,1973,5.84
Netherlands,NLD,1974,6.34
Netherlands,NLD,1975,6.37
Netherlands,NLD,1976,6.31
Netherlands,NLD,1977,6.18
Netherlands,NLD,1978,6.18
Netherlands,NLD,1979,6.09
Netherlands,NLD,1980,5.89
Netherlands,NLD,1981,5.75
Netherlands,NLD,1982,5.70
Netherlands,NLD,1983,5.50
Netherlands,NLD,1984,5.09
Netherlands,NLD,1985,5.47
Netherlands,NLD,1986,5.56
Netherlands,NLD,1987,5.90
Netherlands,NLD,1988,5.47
Netherlands,NLD,1990,5.23
Netherlands,NLD,1991,5.16
Netherlands,NLD,1993,4.76
Netherlands,NLD,1994,4.66
Netherlands,NLD,1995,4.58
Netherlands,NLD,1996,4.49
Netherlands,NLD,1998,4.54
Netherlands,NLD,1999,4.51
Netherlands,NLD,2000,4.59
Netherlands,NLD,2001,4.70
Netherlands,NLD,2002,4.81
Netherlands,NLD,2003,5.04
Netherlands,NLD,2004,5.06
Netherlands,NLD,2005,5.11
Netherlands,NLD,2006,5.04
Netherlands,NLD,2007,4.89
Netherlands,NLD,2008,5.03
Netherlands,NLD,2009,5.43
Netherlands,NLD,2010,5.49
Netherlands,NLD,2011,5.46
Netherlands,NLD,2012,5.41
Netherlands,NLD,2013,5.53
Netherlands,NLD,2014,5.46
Netherlands,NLD,2015,5.35
Netherlands,NLD,2016,5.48
Netherlands,NLD,2017,5.18
Netherlands,NLD,2018,5.36
New Zealand,NZL,1973,4.75
New Zealand,NZL,1974,4.75
New Zealand,NZL,1975,5.17
New Zealand,NZL,1976,5.45
New Zealand,NZL,1977,4.45
New Zealand,NZL,1978,4.53
New Zealand,NZL,1979,4.47
New Zealand,NZL,1980,4.23
New Zealand,NZL,1981,4.44
New Zealand,NZL,1982,4.53
New Zealand,NZL,1984,4.05
New Zealand,NZL,1985,3.55
New Zealand,NZL,1986,3.43
New Zealand,NZL,1987,3.92
New Zealand,NZL,1988,4.43
New Zealand,NZL,1989,4.82
New Zealand,NZL,1994,5.93
New Zealand,NZL,1995,5.74
New Zealand,NZL,1996,6.38
New Zealand,NZL,1997,6.16
New Zealand,NZL,1999,6.64
New Zealand,NZL,2001,6.56
New Zealand,NZL,2002,6.41
New Zealand,NZL,2003,6.44
New Zealand,NZL,2004,6.51
New Zealand,NZL,2005,6.28
New Zealand,NZL,2006,5.95
New Zealand,NZL,2007,5.92
New Zealand,NZL,2008,5.51
New Zealand,NZL,2009,6.29
New Zealand,NZL,2010,7.00
New Zealand,NZL,2011,6.94
New Zealand,NZL,2012,7.16
New Zealand,NZL,2013,6.70
New Zealand,NZL,2014,6.34
New Zealand,NZL,2015,6.33
New Zealand,NZL,2016,6.41
New Zealand,NZL,2017,6.26
New Zealand,NZL,2018,6.05
Nicaragua,NIC,1970,2.04
Nicaragua,NIC,1971,2.49
Nicaragua,NIC,1979,2.82
Nicaragua,NIC,1980,3.26
Nicaragua,NIC,1982,3.79
Nicaragua,NIC,1984,5.98
Nicaragua,NIC,1987,5.35
Nicaragua,NIC,1992,2.98
Nicaragua,NIC,1998,2.23
Nicaragua,NIC,1999,2.92
Nicaragua,NIC,2000,3.00
Nicaragua,NIC,2002,2.39
Nicaragua,NIC,2003,2.42
Nicaragua,NIC,2010,4.48
Nicaragua,NIC,2014,4.08
Nicaragua,NIC,2015,4.08
Nicaragua,NIC,2016,4.08
Nicaragua,NIC,2017,4.36
Nicaragua,NIC,2018,3.56
Nicaragua,NIC,2019,3.44
Niger,NER,1971,1.05
Niger,NER,1990,2.07
Niger,NER,1991,2.31
Niger,NER,1992,2.24
Niger,NER,1993,2.07
Niger,NER,1994,2.27
Niger,NER,1995,2.33
Niger,NER,1996,2.14
Niger,NER,1999,2.57
Niger,NER,2000,2.57
Niger,NER,2001,2.28
Niger,NER,2002,2.40
Niger,NER,2003,1.94
Niger,NER,2006,2.56
Niger,NER,2007,3.01
Niger,NER,2008,2.72
Niger,NER,2009,3.34
Niger,NER,2010,2.72
Niger,NER,2011,3.08
Niger,NER,2012,3.19
Niger,NER,2013,3.69
Niger,NER,2014,5.10
Niger,NER,2015,4.49
Niger,NER,2016,2.97
Niger,NER,2017,2.58
Niger,NER,2018,3.45
Niger,NER,2019,3.52
Nigeria,NGA,1974,3.21
Nigeria,NGA,1975,3.06
North America,,1971,7.71
North America,,1972,7.62
North America,,1973,7.04
North America,,1974,6.69
North America,,1975,6.44
North America,,1976,6.72
North America,,1977,6.73
North America,,1978,7.10
North America,,1979,6.71
North America,,1980,6.48
North America,,1981,6.43
North America,,1982,6.52
North America,,1983,6.88
North America,,1984,6.64
North America,,1985,6.21
North America,,1986,6.04
North America,,1987,6.32
North America,,1988,6.18
North America,,1989,6.10
North America,,1990,5.99
North America,,1991,6.88
North America,,1992,6.77
North America,,1993,7.70
North America,,1994,6.68
North America,,1995,6.32
North America,,1998,5.49
North America,,1999,5.53
North America,,2000,5.42
North America,,2001,4.95
North America,,2002,4.99
North America,,2005,4.77
North America,,2007,4.77
North America,,2008,4.63
North America,,2009,4.84
North America,,2010,5.36
North America,,2011,5.26
North Macedonia,MKD,1992,4.73
North Macedonia,MKD,1993,4.63
North Macedonia,MKD,1994,4.53
North Macedonia,MKD,1995,4.27
North Macedonia,MKD,1996,4.30
North Macedonia,MKD,2002,3.30
Norway,NOR,1972,5.90
Norway,NOR,1973,5.89
Norway,NOR,1974,5.67
Norway,NOR,1975,5.55
Norway,NOR,1976,6.16
Norway,NOR,1977,5.97
Norway,NOR,1978,6.44
Norway,NOR,1980,5.78
Norway,NOR,1981,5.54
Norway,NOR,1982,5.68
Norway,NOR,1983,5.65
Norway,NOR,1984,5.43
Norway,NOR,1985,5.26
Norway,NOR,1986,5.54
Norway,NOR,1987,5.79
Norway,NOR,1988,5.87
Norway,NOR,1989,6.30
Norway,NOR,1990,6.31
Norway,NOR,1991,6.37
Norway,NOR,1992,6.64
Norway,NOR,1993,7.68
Norway,NOR,1994,7.83
Norway,NOR,1995,7.70
Norway,NOR,1996,7.14
Norway,NOR,1997,7.30
Norway,NOR,1998,7.36
Norway,NOR,1999,6.97
Norway,NOR,2000,6.47
Norway,NOR,2001,6.83
Norway,NOR,2002,7.44
Norway,NOR,2003,7.42
Norway,NOR,2004,7.30
Norway,NOR,2005,6.87
Norway,NOR,2006,6.38
Norway,NOR,2007,6.53
Norway,NOR,2008,6.29
Norway,NOR,2009,7.10
Norway,NOR,2010,6.75
Norway,NOR,2011,6.45
Norway,NOR,2012,7.37
Norway,NOR,2013,7.49
Norway,NOR,2014,7.70
Norway,NOR,2015,7.57
Norway,NOR,2016,8.03
Norway,NOR,2017,7.91
Norway,NOR,2018,7.64
Oman,OMN,1986,3.79
Oman,OMN,1987,3.66
Oman,OMN,1988,3.39
Oman,OMN,1989,2.98
Oman,OMN,1990,2.84
Oman,OMN,1991,2.99
Oman,OMN,1992,3.12
Oman,OMN,1993,3.51
Oman,OMN,1994,3.44
Oman,OMN,1995,3.41
Oman,OMN,1996,3.18
Oman,OMN,1997,3.36
Oman,OMN,1998,4.14
Oman,OMN,1999,4.04
Oman,OMN,2000,3.20
Oman,OMN,2001,4.02
Oman,OMN,2002,4.33
Oman,OMN,2003,3.90
Oman,OMN,2004,4.03
Oman,OMN,2005,3.52
Oman,OMN,2006,3.86
Oman,OMN,2009,4.19
Oman,OMN,2013,4.98
Oman,OMN,2017,5.84
Oman,OMN,2018,5.21
Oman,OMN,2019,5.41
Pakistan,PAK,1971,1.65
Pakistan,PAK,1972,1.57
Pakistan,PAK,1973,1.83
Pakistan,PAK,1974,1.88
Pakistan,PAK,1975,1.98
Pakistan,PAK,1976,2.24
Pakistan,PAK,1977,2.15
Pakistan,PAK,1978,2.20
Pakistan,PAK,1979,2.20
Pakistan,PAK,1980,2.13
Pakistan,PAK,1981,1.97
Pakistan,PAK,1982,2.01
Pakistan,PAK,1983,2.00
Pakistan,PAK,1984,2.07
Pakistan,PAK,1985,2.44
Pakistan,PAK,1986,2.68
Pakistan,PAK,1987,2.98
Pakistan,PAK,1989,2.36
Pakistan,PAK,1990,2.52
Pakistan,PAK,1991,2.57
Pakistan,PAK,1992,2.55
Pakistan,PAK,1993,2.39
Pakistan,PAK,1994,2.59
Pakistan,PAK,1995,2.80
Pakistan,PAK,1996,2.81
Pakistan,PAK,1997,3.02
Pakistan,PAK,1999,2.61
Pakistan,PAK,2000,1.84
Pakistan,PAK,2004,1.77
Pakistan,PAK,2005,2.05
Pakistan,PAK,2006,2.40
Pakistan,PAK,2007,2.64
Pakistan,PAK,2008,2.75
Pakistan,PAK,2009,2.59
Pakistan,PAK,2010,2.29
Pakistan,PAK,2011,2.22
Pakistan,PAK,2012,2.14
Pakistan,PAK,2013,2.49
Pakistan,PAK,2014,2.47
Pakistan,PAK,2015,2.65
Pakistan,PAK,2016,3.00
Pakistan,PAK,2017,2.90
Pakistan,PAK,2019,2.51
Palau,PLW,2000,8.02
Palau,PLW,2001,7.71
Palau,PLW,2002,7.52
Palestine,PSE,2010,6.19
Palestine,PSE,2011,5.34
Palestine,PSE,2012,4.74
Palestine,PSE,2013,4.89
Palestine,PSE,2015,4.66
Palestine,PSE,2016,4.98
Palestine,PSE,2017,4.72
Palestine,PSE,2018,5.32
Panama,PAN,1970,4.04
Panama,PAN,1971,3.35
Panama,PAN,1972,3.98
Panama,PAN,1973,3.49
Panama,PAN,1974,3.82
Panama,PAN,1975,4.15
Panama,PAN,1976,4.31
Panama,PAN,1977,4.28
Panama,PAN,1978,3.61
Panama,PAN,1979,3.64
Panama,PAN,1980,3.54
Panama,PAN,1981,3.43
Panama,PAN,1982,3.42
Panama,PAN,1983,3.55
Panama,PAN,1984,3.47
Panama,PAN,1985,3.52
Panama,PAN,1986,3.35
Panama,PAN,1987,3.87
Panama,PAN,1994,3.47
Panama,PAN,1995,3.95
Panama,PAN,1996,4.09
Panama,PAN,1997,3.85
Panama,PAN,1999,4.57
Panama,PAN,2000,4.76
Panama,PAN,2001,4.11
Panama,PAN,2002,4.19
Panama,PAN,2003,4.17
Panama,PAN,2004,3.58
Panama,PAN,2008,3.50
Panama,PAN,2011,3.16
Panama,PAN,2013,3.40
Panama,PAN,2015,2.84
Panama,PAN,2016,2.85
Panama,PAN,2017,2.88
Panama,PAN,2018,2.88
Panama,PAN,2019,3.13
Papua New Guinea,PNG,1972,5.25
Papua New Guinea,PNG,1977,7.39
Papua New Guinea,PNG,2017,1.96
Papua New Guinea,PNG,2018,1.87
Paraguay,PRY,1970,2.11
Paraguay,PRY,1971,2.27
Paraguay,PRY,1985,1.40
Paraguay,PRY,1990,1.04
Paraguay,PRY,1998,4.20
Paraguay,PRY,1999,4.23
Paraguay,PRY,2000,4.23
Paraguay,PRY,2001,3.83
Paraguay,PRY,2002,3.41
Paraguay,PRY,2003,3.38
Paraguay,PRY,2004,2.87
Paraguay,PRY,2007,2.74
Paraguay,PRY,2010,2.77
Paraguay,PRY,2013,4.81
Paraguay,PRY,2014,4.79
Paraguay,PRY,2015,3.34
Paraguay,PRY,2017,3.09
Paraguay,PRY,2018,3.28
Paraguay,PRY,2019,3.47
Peru,PER,1973,3.39
Peru,PER,1996,3.12
Peru,PER,1998,3.28
Peru,PER,1999,3.44
Peru,PER,2000,3.23
Peru,PER,2001,3.04
Peru,PER,2002,2.82
Peru,PER,2003,2.94
Peru,PER,2004,2.96
Peru,PER,2005,2.84
Peru,PER,2006,2.65
Peru,PER,2007,2.63
Peru,PER,2008,2.87
Peru,PER,2009,3.14
Peru,PER,2010,2.87
Peru,PER,2011,2.66
Peru,PER,2012,2.92
Peru,PER,2013,3.30
Peru,PER,2014,3.70
Peru,PER,2015,3.97
Peru,PER,2016,3.81
Peru,PER,2017,3.93
Peru,PER,2018,3.71
Peru,PER,2019,3.82
Peru,PER,2020,4.25
Philippines,PHL,1980,1.72
Philippines,PHL,1982,2.07
Philippines,PHL,1983,1.69
Philippines,PHL,1986,1.73
Philippines,PHL,1995,3.04
Philippines,PHL,1996,3.36
Philippines,PHL,1997,3.52
Philippines,PHL,1998,3.81
Philippines,PHL,2000,3.16
Philippines,PHL,2001,2.92
Philippines,PHL,2002,2.89
Philippines,PHL,2003,2.94
Philippines,PHL,2004,2.47
Philippines,PHL,2005,2.33
Philippines,PHL,2006,2.43
Philippines,PHL,2007,2.49
Philippines,PHL,2008,2.58
Philippines,PHL,2009,2.54
Philippines,PHL,2010,2.31
Philippines,PHL,2013,3.02
Philippines,PHL,2014,2.79
Philippines,PHL,2015,3.33
Philippines,PHL,2016,3.57
Philippines,PHL,2017,4.40
Philippines,PHL,2018,3.13
Philippines,PHL,2019,3.23
Poland,POL,1991,3.89
Poland,POL,1992,4.19
Poland,POL,1993,4.18
Poland,POL,1995,4.33
Poland,POL,1996,6.26
Poland,POL,1998,4.94
Poland,POL,1999,4.59
Poland,POL,2000,4.98
Poland,POL,2001,5.32
Poland,POL,2002,5.39
Poland,POL,2003,5.32
Poland,POL,2004,5.36
Poland,POL,2005,5.43
Poland,POL,2006,5.21
Poland,POL,2007,4.87
Poland,POL,2008,5.04
Poland,POL,2009,4.99
Poland,POL,2010,5.06
Poland,POL,2011,4.82
Poland,POL,2012,4.83
Poland,POL,2013,4.97
Poland,POL,2014,4.94
Poland,POL,2015,4.81
Poland,POL,2016,4.63
Poland,POL,2017,4.56
Poland,POL,2018,4.62
Portugal,PRT,1973,1.63
Portugal,PRT,1974,1.94
Portugal,PRT,1975,3.06
Portugal,PRT,1976,3.08
Portugal,PRT,1978,2.90
Portugal,PRT,1979,2.70
Portugal,PRT,1980,3.07
Portugal,PRT,1981,3.19
Portugal,PRT,1982,3.33
Portugal,PRT,1983,3.23
Portugal,PRT,1984,3.14
Portugal,PRT,1985,3.26
Portugal,PRT,1986,3.05
Portugal,PRT,1987,3.16
Portugal,PRT,1988,3.39
Portugal,PRT,1989,3.48
Portugal,PRT,1990,3.57
Portugal,PRT,1991,4.07
Portugal,PRT,1992,4.34
Portugal,PRT,1993,4.84
Portugal,PRT,1994,4.67
Portugal,PRT,1995,4.61
Portugal,PRT,1996,5.07
Portugal,PRT,1999,5.05
Portugal,PRT,2000,5.16
Portugal,PRT,2001,5.34
Portugal,PRT,2002,5.26
Portugal,PRT,2003,5.28
Portugal,PRT,2004,5.05
Portugal,PRT,2005,5.07
Portugal,PRT,2006,4.91
Portugal,PRT,2007,4.92
Portugal,PRT,2008,4.70
Portugal,PRT,2009,5.56
Portugal,PRT,2010,5.41
Portugal,PRT,2011,5.12
Portugal,PRT,2012,4.95
Portugal,PRT,2013,5.27
Portugal,PRT,2014,5.12
Portugal,PRT,2015,4.89
Portugal,PRT,2017,5.02
Portugal,PRT,2018,4.68
Puerto Rico,PRI,1971,7.25
Puerto Rico,PRI,1972,7.21
Puerto Rico,PRI,1973,6.48
Puerto Rico,PRI,1974,7.29
Puerto Rico,PRI,1975,6.23
Puerto Rico,PRI,1976,7.14
Puerto Rico,PRI,1977,6.39
Puerto Rico,PRI,1978,6.68
Puerto Rico,PRI,2013,6.48
Puerto Rico,PRI,2014,6.07
Qatar,QAT,1971,3.00
Qatar,QAT,1972,2.69
Qatar,QAT,1973,2.87
Qatar,QAT,1976,1.75
Qatar,QAT,1977,1.97
Qatar,QAT,1978,2.78
Qatar,QAT,1998,3.58
Qatar,QAT,1999,4.35
Qatar,QAT,2000,3.73
Qatar,QAT,2001,3.20
Qatar,QAT,2002,3.85
Qatar,QAT,2003,3.37
Qatar,QAT,2004,3.46
Qatar,QAT,2005,3.97
Qatar,QAT,2008,4.23
Qatar,QAT,2009,3.41
Qatar,QAT,2010,4.54
Qatar,QAT,2011,4.01
Qatar,QAT,2012,3.51
Qatar,QAT,2013,4.07
Qatar,QAT,2014,3.61
Qatar,QAT,2017,2.97
Qatar,QAT,2019,2.81
Qatar,QAT,2020,3.19
Romania,ROU,1996,3.24
Romania,ROU,2000,2.87
Romania,ROU,2001,3.27
Romania,ROU,2002,3.50
Romania,ROU,2003,3.54
Romania,ROU,2004,3.31
Romania,ROU,2005,3.50
Romania,ROU,2006,4.31
Romania,ROU,2007,4.15
Romania,ROU,2008,4.10
Romania,ROU,2009,4.00
Romania,ROU,2010,3.49
Romania,ROU,2011,3.06
Romania,ROU,2012,2.96
Romania,ROU,2013,3.05
Romania,ROU,2014,3.12
Romania,ROU,2015,3.11
Romania,ROU,2016,2.98
Romania,ROU,2017,3.10
Romania,ROU,2018,3.34
Russia,RUS,2000,2.94
Russia,RUS,2001,3.11
Russia,RUS,2002,3.84
Russia,RUS,2003,3.68
Russia,RUS,2004,3.55
Russia,RUS,2005,3.77
Russia,RUS,2006,3.87
Russia,RUS,2008,4.10
Russia,RUS,2012,3.79
Russia,RUS,2013,3.76
Russia,RUS,2014,4.01
Russia,RUS,2015,3.83
Russia,RUS,2016,3.76
Russia,RUS,2017,4.69
Russia,RUS,2018,4.68
Rwanda,RWA,1977,2.15
Rwanda,RWA,1978,2.23
Rwanda,RWA,1979,2.44
Rwanda,RWA,1980,2.67
Rwanda,RWA,1981,4.39
Rwanda,RWA,1987,3.51
Rwanda,RWA,1988,3.34
Rwanda,RWA,1989,3.75
Rwanda,RWA,1999,3.86
Rwanda,RWA,2000,3.44
Rwanda,RWA,2001,4.83
Rwanda,RWA,2007,3.99
Rwanda,RWA,2008,3.50
Rwanda,RWA,2010,4.63
Rwanda,RWA,2011,4.39
Rwanda,RWA,2012,4.42
Rwanda,RWA,2013,4.74
Rwanda,RWA,2014,4.20
Rwanda,RWA,2015,3.65
Rwanda,RWA,2016,3.44
Rwanda,RWA,2017,3.13
Rwanda,RWA,2018,3.07
Rwanda,RWA,2019,3.36
Rwanda,RWA,2020,3.41
Saint Kitts and Nevis,KNA,1985,3.97
Saint Kitts and Nevis,KNA,1987,2.64
Saint Kitts and Nevis,KNA,1989,2.20
Saint Kitts and Nevis,KNA,1991,2.00
Saint Kitts and Nevis,KNA,1992,2.30
Saint Kitts and Nevis,KNA,1995,2.58
Saint Kitts and Nevis,KNA,1998,4.02
Saint Kitts and Nevis,KNA,1999,3.32
Saint Kitts and Nevis,KNA,2000,4.74
Saint Kitts and Nevis,KNA,2001,4.42
Saint Kitts and Nevis,KNA,2002,3.92
Saint Kitts and Nevis,KNA,2003,3.79
Saint Kitts and Nevis,KNA,2004,3.97
Saint Kitts and Nevis,KNA,2005,3.83
Saint Kitts and Nevis,KNA,2006,4.06
Saint Kitts and Nevis,KNA,2007,4.19
Saint Kitts and Nevis,KNA,2015,2.64
Saint Lucia,LCA,1982,5.54
Saint Lucia,LCA,1986,4.15
Saint Lucia,LCA,1994,6.53
Saint Lucia,LCA,1998,5.53
Saint Lucia,LCA,1999,5.45
Saint Lucia,LCA,2001,5.71
Saint Lucia,LCA,2003,3.53
Saint Lucia,LCA,2004,3.44
Saint Lucia,LCA,2005,4.24
Saint Lucia,LCA,2006,4.70
Saint Lucia,LCA,2008,4.48
Saint Lucia,LCA,2009,3.07
Saint Lucia,LCA,2010,3.48
Saint Lucia,LCA,2011,3.59
Saint Lucia,LCA,2012,3.27
Saint Lucia,LCA,2013,3.86
Saint Lucia,LCA,2014,3.88
Saint Lucia,LCA,2015,3.87
Saint Lucia,LCA,2016,5.21
Saint Lucia,LCA,2017,3.63
Saint Lucia,LCA,2018,3.33
Saint Lucia,LCA,2019,3.26
Saint Lucia,LCA,2020,3.57
Saint Vincent and the Grenadines,VCT,1986,4.43
Saint Vincent and the Grenadines,VCT,1989,4.47
Saint Vincent and the Grenadines,VCT,1991,4.87
Saint Vincent and the Grenadines,VCT,1998,4.03
Saint Vincent and the Grenadines,VCT,1999,5.75
Saint Vincent and the Grenadines,VCT,2000,7.91
Saint Vincent and the Grenadines,VCT,2002,7.80
Saint Vincent and the Grenadines,VCT,2003,8.64
Saint Vincent and the Grenadines,VCT,2005,6.35
Saint Vincent and the Grenadines,VCT,2007,5.67
Saint Vincent and the Grenadines,VCT,2009,5.69
Saint Vincent and the Grenadines,VCT,2010,5.09
Saint Vincent and the Grenadines,VCT,2016,5.73
Saint Vincent and the Grenadines,VCT,2017,5.73
Saint Vincent and the Grenadines,VCT,2018,5.69
Samoa,WSM,1999,4.02
Samoa,WSM,2000,3.58
Samoa,WSM,2001,3.83
Samoa,WSM,2002,3.84
Samoa,WSM,2008,5.14
Samoa,WSM,2015,4.86
Samoa,WSM,2016,4.16
Samoa,WSM,2017,4.18
Samoa,WSM,2018,4.53
Samoa,WSM,2019,4.71
Samoa,WSM,2020,4.81
San Marino,SMR,2010,2.63
San Marino,SMR,2011,2.70
San Marino,SMR,2017,3.37
San Marino,SMR,2018,3.56
San Marino,SMR,2019,3.38
Sao Tome and Principe,STP,2002,2.72
Sao Tome and Principe,STP,2003,3.25
Sao Tome and Principe,STP,2004,3.23
Sao Tome and Principe,STP,2005,4.86
Sao Tome and Principe,STP,2006,4.27
Sao Tome and Principe,STP,2007,6.29
Sao Tome and Principe,STP,2008,5.55
Sao Tome and Principe,STP,2009,10.68
Sao Tome and Principe,STP,2010,9.65
Sao Tome and Principe,STP,2011,8.89
Sao Tome and Principe,STP,2012,6.34
Sao Tome and Principe,STP,2013,5.94
Sao Tome and Principe,STP,2014,3.75
Sao Tome and Principe,STP,2015,3.86
Sao Tome and Principe,STP,2016,5.17
Sao Tome and Principe,STP,2017,5.04
Sao Tome and Principe,STP,2018,5.24
Sao Tome and Principe,STP,2019,5.92
Saudi Arabia,SAU,1981,3.89
Saudi Arabia,SAU,1982,4.14
Saudi Arabia,SAU,1983,5.98
Saudi Arabia,SAU,1984,6.11
Saudi Arabia,SAU,1986,6.26
Saudi Arabia,SAU,1991,5.78
Saudi Arabia,SAU,1992,5.14
Saudi Arabia,SAU,1993,6.00
Saudi Arabia,SAU,1994,6.34
Saudi Arabia,SAU,1995,5.69
Saudi Arabia,SAU,1996,4.94
Saudi Arabia,SAU,1997,4.38
Saudi Arabia,SAU,1998,8.28
Saudi Arabia,SAU,1999,7.07
Saudi Arabia,SAU,2000,5.91
Saudi Arabia,SAU,2001,7.72
Saudi Arabia,SAU,2002,7.64
Saudi Arabia,SAU,2003,7.11
Saudi Arabia,SAU,2004,6.28
Saudi Arabia,SAU,2005,5.43
Saudi Arabia,SAU,2006,5.89
Saudi Arabia,SAU,2008,5.14
Senegal,SEN,1998,2.47
Senegal,SEN,1999,2.44
Senegal,SEN,2000,2.45
Senegal,SEN,2001,2.46
Senegal,SEN,2002,2.58
Senegal,SEN,2003,2.74
Senegal,SEN,2004,3.06
Senegal,SEN,2005,4.04
Senegal,SEN,2006,3.81
Senegal,SEN,2008,4.03
Senegal,SEN,2009,4.92
Senegal,SEN,2010,5.22
Senegal,SEN,2011,4.90
Senegal,SEN,2012,4.78
Senegal,SEN,2013,5.69
Senegal,SEN,2014,5.72
Senegal,SEN,2015,5.46
Senegal,SEN,2016,5.11
Senegal,SEN,2017,4.62
Senegal,SEN,2018,4.86
Senegal,SEN,2019,5.29
Serbia,SRB,2007,4.21
Serbia,SRB,2008,4.44
Serbia,SRB,2009,4.48
Serbia,SRB,2010,4.33
Serbia,SRB,2011,4.24
Serbia,SRB,2012,4.16
Serbia,SRB,2014,3.93
Serbia,SRB,2015,3.79
Serbia,SRB,2016,3.63
Serbia,SRB,2017,3.71
Serbia,SRB,2018,3.58
Serbia,SRB,2019,3.62
Seychelles,SYC,1970,4.19
Seychelles,SYC,1971,4.07
Seychelles,SYC,1972,4.25
Seychelles,SYC,1974,4.28
Seychelles,SYC,1975,4.35
Seychelles,SYC,1976,4.75
Seychelles,SYC,1984,12.03
Seychelles,SYC,1985,10.23
Seychelles,SYC,1986,9.71
Seychelles,SYC,1988,8.29
Seychelles,SYC,1989,8.23
Seychelles,SYC,1994,9.02
Seychelles,SYC,1995,7.70
Seychelles,SYC,1996,7.78
Seychelles,SYC,1998,5.99
Seychelles,SYC,1999,5.26
Seychelles,SYC,2002,5.19
Seychelles,SYC,2003,5.37
Seychelles,SYC,2006,4.77
Seychelles,SYC,2010,3.55
Seychelles,SYC,2011,3.61
Seychelles,SYC,2012,2.61
Seychelles,SYC,2013,3.61
Seychelles,SYC,2014,4.08
Seychelles,SYC,2015,4.22
Seychelles,SYC,2016,4.42
Seychelles,SYC,2017,3.68
Seychelles,SYC,2018,4.50
Seychelles,SYC,2019,3.91
Sierra Leone,SLE,2000,4.95
Sierra Leone,SLE,2001,3.43
Sierra Leone,SLE,2002,3.55
Sierra Leone,SLE,2003,3.26
Sierra Leone,SLE,2004,3.11
Sierra Leone,SLE,2005,2.80
Sierra Leone,SLE,2007,2.56
Sierra Leone,SLE,2008,2.41
Sierra Leone,SLE,2009,2.78
Sierra Leone,SLE,2010,2.59
Sierra Leone,SLE,2011,2.67
Sierra Leone,SLE,2012,2.87
Sierra Leone,SLE,2013,2.38
Sierra Leone,SLE,2014,2.66
Sierra Leone,SLE,2015,3.06
Sierra Leone,SLE,2016,3.06
Sierra Leone,SLE,2017,4.64
Sierra Leone,SLE,2018,6.99
Sierra Leone,SLE,2019,7.37
Sierra Leone,SLE,2020,9.26
Singapore,SGP,1971,3.11
Singapore,SGP,1972,2.87
Singapore,SGP,1973,2.49
Singapore,SGP,1974,2.39
Singapore,SGP,1975,2.44
Singapore,SGP,1976,2.69
Singapore,SGP,1977,2.45
Singapore,SGP,1978,2.29
Singapore,SGP,1979,2.25
Singapore,SGP,1980,2.56
Singapore,SGP,1981,2.58
Singapore,SGP,1982,3.27
Singapore,SGP,1983,3.95
Singapore,SGP,1988,3.65
Singapore,SGP,2000,3.32
Singapore,SGP,2001,3.54
Singapore,SGP,2002,3.88
Singapore,SGP,2003,3.98
Singapore,SGP,2004,3.65
Singapore,SGP,2005,3.20
Singapore,SGP,2006,2.86
Singapore,SGP,2007,2.95
Singapore,SGP,2008,2.76
Singapore,SGP,2009,3.01
Singapore,SGP,2010,3.08
Singapore,SGP,2011,3.03
Singapore,SGP,2012,3.07
Singapore,SGP,2013,2.85
Singapore,SGP,2014,2.92
Singapore,SGP,2015,2.86
Singapore,SGP,2016,2.87
Singapore,SGP,2017,2.77
Singapore,SGP,2018,2.65
Singapore,SGP,2019,2.63
Singapore,SGP,2020,2.51
Slovakia,SVK,1992,5.36
Slovakia,SVK,1993,4.45
Slovakia,SVK,1994,3.71
Slovakia,SVK,1995,4.30
Slovakia,SVK,1996,4.12
Slovakia,SVK,1997,4.12
Slovakia,SVK,1999,4.11
Slovakia,SVK,2000,3.86
Slovakia,SVK,2001,3.94
Slovakia,SVK,2002,4.25
Slovakia,SVK,2003,4.21
Slovakia,SVK,2004,4.10
Slovakia,SVK,2005,3.76
Slovakia,SVK,2006,3.71
Slovakia,SVK,2007,3.52
Slovakia,SVK,2008,3.52
Slovakia,SVK,2009,4.01
Slovakia,SVK,2010,4.08
Slovakia,SVK,2011,3.92
Slovakia,SVK,2012,3.86
Slovakia,SVK,2013,4.07
Slovakia,SVK,2014,4.22
Slovakia,SVK,2015,4.60
Slovakia,SVK,2016,3.91
Slovakia,SVK,2017,3.94
Slovakia,SVK,2018,3.98
Slovenia,SVN,1995,4.91
Slovenia,SVN,2001,5.76
Slovenia,SVN,2002,5.67
Slovenia,SVN,2003,5.70
Slovenia,SVN,2004,5.64
Slovenia,SVN,2005,5.60
Slovenia,SVN,2006,5.59
Slovenia,SVN,2007,5.12
Slovenia,SVN,2008,5.11
Slovenia,SVN,2009,5.55
Slovenia,SVN,2010,5.55
Slovenia,SVN,2011,5.54
Slovenia,SVN,2012,5.62
Slovenia,SVN,2013,5.41
Slovenia,SVN,2014,5.29
Slovenia,SVN,2015,4.91
Slovenia,SVN,2016,4.79
Slovenia,SVN,2017,4.78
Slovenia,SVN,2018,4.94
Solomon Islands,SLB,1971,3.40
Solomon Islands,SLB,1991,3.88
Solomon Islands,SLB,1998,2.32
Solomon Islands,SLB,2007,8.22
Solomon Islands,SLB,2008,7.66
Solomon Islands,SLB,2009,7.29
Solomon Islands,SLB,2010,7.93
Solomon Islands,SLB,2011,8.13
Solomon Islands,SLB,2012,8.09
Solomon Islands,SLB,2013,10.17
Solomon Islands,SLB,2014,9.81
Solomon Islands,SLB,2015,10.13
Somalia,SOM,1972,1.18
Somalia,SOM,1973,1.28
South Africa,ZAF,1987,5.16
South Africa,ZAF,1988,5.29
South Africa,ZAF,1989,4.85
South Africa,ZAF,1990,5.13
South Africa,ZAF,1991,5.74
South Africa,ZAF,1993,5.89
South Africa,ZAF,1994,5.81
South Africa,ZAF,1996,5.58
South Africa,ZAF,1999,5.88
South Africa,ZAF,2000,5.44
South Africa,ZAF,2001,5.16
South Africa,ZAF,2002,5.07
South Africa,ZAF,2003,4.86
South Africa,ZAF,2004,5.07
South Africa,ZAF,2005,5.06
South Africa,ZAF,2006,5.07
South Africa,ZAF,2007,4.97
South Africa,ZAF,2008,4.87
South Africa,ZAF,2009,5.25
South Africa,ZAF,2010,5.72
South Africa,ZAF,2011,5.88
South Africa,ZAF,2012,6.08
South Africa,ZAF,2013,5.86
South Africa,ZAF,2014,6.00
South Africa,ZAF,2015,5.96
South Africa,ZAF,2016,5.94
South Africa,ZAF,2017,6.11
South Africa,ZAF,2018,6.16
South Africa,ZAF,2019,6.51
South Africa,ZAF,2020,6.84
South Asia,,1973,1.83
South Asia,,1975,1.98
South Asia,,1979,1.97
South Asia,,1980,1.99
South Asia,,1981,1.94
South Asia,,1982,1.87
South Asia,,1983,2.00
South Asia,,1984,2.07
South Asia,,1985,2.44
South Asia,,1986,2.68
South Asia,,1987,2.64
South Asia,,1990,2.41
South Asia,,1991,2.57
South Asia,,1997,3.02
South Asia,,1998,3.05
South Asia,,1999,2.75
South Asia,,2000,2.55
South Asia,,2003,3.11
South Asia,,2004,2.56
South Asia,,2005,3.19
South Asia,,2006,2.77
South Asia,,2007,2.64
South Asia,,2008,2.75
South Asia,,2009,2.59
South Asia,,2010,3.38
South Asia,,2011,2.84
South Asia,,2012,2.18
South Asia,,2013,2.76
South Asia,,2014,2.97
South Asia,,2015,3.26
South Asia,,2016,3.45
South Asia,,2017,3.14
South Asia,,2018,3.20
South Asia,,2019,2.51
South Korea,KOR,1970,3.41
South Korea,KOR,1971,3.74
South Korea,KOR,1972,3.22
South Korea,KOR,1973,2.68
South Korea,KOR,1975,2.09
South Korea,KOR,1976,2.75
South Korea,KOR,1977,2.43
South Korea,KOR,1979,3.02
South Korea,KOR,1980,3.46
South Korea,KOR,1981,2.90
South Korea,KOR,1982,6.33
South Korea,KOR,1983,4.32
South Korea,KOR,1984,4.01
South Korea,KOR,1985,3.99
South Korea,KOR,1986,3.64
South Korea,KOR,1987,3.37
South Korea,KOR,1988,2.75
South Korea,KOR,1989,3.06
South Korea,KOR,1990,3.04
South Korea,KOR,1991,3.49
South Korea,KOR,1992,3.58
South Korea,KOR,1993,3.70
South Korea,KOR,1994,3.02
South Korea,KOR,1995,2.94
South Korea,KOR,1998,3.37
South Korea,KOR,1999,3.37
South Korea,KOR,2016,4.33
South Korea,KOR,2017,4.33
South Korea,KOR,2018,4.46
South Sudan,SSD,2011,0.96
South Sudan,SSD,2013,1.02
South Sudan,SSD,2014,1.23
South Sudan,SSD,2015,1.47
South Sudan,SSD,2016,1.54
Spain,ESP,1970,1.83
Spain,ESP,1971,1.89
Spain,ESP,1972,2.06
Spain,ESP,1974,1.46
Spain,ESP,1976,1.90
Spain,ESP,1977,2.08
Spain,ESP,1978,2.23
Spain,ESP,1979,2.34
Spain,ESP,1987,3.13
Spain,ESP,1988,3.33
Spain,ESP,1989,3.55
Spain,ESP,1990,3.63
Spain,ESP,1991,3.74
Spain,ESP,1992,3.84
Spain,ESP,1993,4.24
Spain,ESP,1994,4.48
Spain,ESP,1995,4.43
Spain,ESP,1996,4.46
Spain,ESP,1998,4.29
Spain,ESP,1999,4.26
Spain,ESP,2000,4.17
Spain,ESP,2001,4.11
Spain,ESP,2002,4.13
Spain,ESP,2003,4.17
Spain,ESP,2004,4.16
Spain,ESP,2005,4.14
Spain,ESP,2006,4.18
Spain,ESP,2007,4.25
Spain,ESP,2008,4.53
Spain,ESP,2009,4.91
Spain,ESP,2010,4.86
Spain,ESP,2011,4.90
Spain,ESP,2012,4.47
Spain,ESP,2013,4.35
Spain,ESP,2014,4.30
Spain,ESP,2015,4.29
Spain,ESP,2016,4.23
Spain,ESP,2017,4.21
Spain,ESP,2018,4.18
Sri Lanka,LKA,1973,3.32
Sri Lanka,LKA,1975,2.74
Sri Lanka,LKA,1979,2.57
Sri Lanka,LKA,1980,2.70
Sri Lanka,LKA,1981,2.44
Sri Lanka,LKA,1982,2.56
Sri Lanka,LKA,1983,2.39
Sri Lanka,LKA,1984,2.17
Sri Lanka,LKA,1985,2.58
Sri Lanka,LKA,1986,2.81
Sri Lanka,LKA,1987,2.64
Sri Lanka,LKA,1988,2.83
Sri Lanka,LKA,1989,2.76
Sri Lanka,LKA,1990,2.41
Sri Lanka,LKA,1991,2.92
Sri Lanka,LKA,1994,3.11
Sri Lanka,LKA,1995,2.96
Sri Lanka,LKA,1996,3.34
Sri Lanka,LKA,1998,3.05
Sri Lanka,LKA,2009,2.06
Sri Lanka,LKA,2010,1.72
Sri Lanka,LKA,2011,1.81
Sri Lanka,LKA,2012,1.50
Sri Lanka,LKA,2013,1.62
Sri Lanka,LKA,2014,1.93
Sri Lanka,LKA,2015,2.23
Sri Lanka,LKA,2016,3.45
Sri Lanka,LKA,2017,2.80
Sri Lanka,LKA,2018,2.14
Sub-Saharan Africa,,1999,3.32
Sub-Saharan Africa,,2000,2.81
Sub-Saharan Africa,,2001,3.43
Sub-Saharan Africa,,2002,3.06
Sub-Saharan Africa,,2004,3.11
Sub-Saharan Africa,,2005,3.52
Sub-Saharan Africa,,2006,3.57
Sub-Saharan Africa,,2008,3.29
Sub-Saharan Africa,,2009,3.60
Sub-Saharan Africa,,2010,3.55
Sub-Saharan Africa,,2011,3.78
Sub-Saharan Africa,,2012,3.52
Sub-Saharan Africa,,2013,3.69
Sub-Saharan Africa,,2014,4.13
Sub-Saharan Africa,,2015,3.74
Sub-Saharan Africa,,2016,3.56
Sub-Saharan Africa,,2017,3.79
Sub-Saharan Africa,,2018,3.64
Sub-Saharan Africa,,2019,3.53
Sudan,SDN,2000,1.01
Sudan,SDN,2002,1.43
Sudan,SDN,2004,1.63
Sudan,SDN,2005,1.56
Sudan,SDN,2006,1.96
Sudan,SDN,2008,2.20
Sudan,SDN,2009,2.22
Suriname,SUR,2015,5.93
Suriname,SUR,2016,5.98
Suriname,SUR,2017,6.11
Suriname,SUR,2018,5.69
Suriname,SUR,2019,7.24
Sweden,SWE,1979,6.37
Sweden,SWE,1980,6.54
Sweden,SWE,1981,6.78
Sweden,SWE,1990,5.21
Sweden,SWE,1991,5.44
Sweden,SWE,1992,5.26
Sweden,SWE,1993,5.51
Sweden,SWE,1995,6.15
Sweden,SWE,1996,6.84
Sweden,SWE,1998,7.06
Sweden,SWE,1999,6.85
Sweden,SWE,2000,6.74
Sweden,SWE,2001,6.62
Sweden,SWE,2002,6.92
Sweden,SWE,2003,6.79
Sweden,SWE,2004,6.66
Sweden,SWE,2005,6.51
Sweden,SWE,2006,6.36
Sweden,SWE,2007,6.17
Sweden,SWE,2008,6.34
Sweden,SWE,2009,6.75
Sweden,SWE,2010,6.52
Sweden,SWE,2011,6.37
Sweden,SWE,2012,7.54
Sweden,SWE,2013,7.61
Sweden,SWE,2014,7.57
Sweden,SWE,2015,7.44
Sweden,SWE,2016,7.62
Sweden,SWE,2017,7.57
Sweden,SWE,2018,7.64
Switzerland,CHE,1980,4.23
Switzerland,CHE,1981,4.19
Switzerland,CHE,1982,4.26
Switzerland,CHE,1983,4.36
Switzerland,CHE,1984,4.22
Switzerland,CHE,1985,4.17
Switzerland,CHE,1986,4.21
Switzerland,CHE,1987,4.16
Switzerland,CHE,1988,4.23
Switzerland,CHE,1989,4.14
Switzerland,CHE,1990,4.39
Switzerland,CHE,1991,4.54
Switzerland,CHE,1993,4.94
Switzerland,CHE,1994,4.90
Switzerland,CHE,1995,4.91
Switzerland,CHE,1996,4.92
Switzerland,CHE,1998,4.74
Switzerland,CHE,1999,4.75
Switzerland,CHE,2000,4.65
Switzerland,CHE,2001,4.81
Switzerland,CHE,2002,5.16
Switzerland,CHE,2003,5.37
Switzerland,CHE,2004,5.29
Switzerland,CHE,2005,5.06
Switzerland,CHE,2006,4.82
Switzerland,CHE,2007,4.56
Switzerland,CHE,2008,4.73
Switzerland,CHE,2009,4.89
Switzerland,CHE,2010,4.77
Switzerland,CHE,2011,4.82
Switzerland,CHE,2012,4.86
Switzerland,CHE,2013,4.87
Switzerland,CHE,2014,4.88
Switzerland,CHE,2015,4.94
Switzerland,CHE,2016,4.93
Switzerland,CHE,2017,4.95
Switzerland,CHE,2018,4.86
Syria,SYR,1972,3.58
Syria,SYR,1973,3.69
Syria,SYR,1975,3.93
Syria,SYR,1976,5.83
Syria,SYR,1977,5.71
Syria,SYR,1978,5.51
Syria,SYR,1979,4.97
Syria,SYR,1980,4.58
Syria,SYR,1981,5.38
Syria,SYR,1982,5.90
Syria,SYR,1984,6.13
Syria,SYR,1985,6.07
Syria,SYR,1986,5.62
Syria,SYR,1987,4.56
Syria,SYR,1988,3.62
Syria,SYR,1989,4.03
Syria,SYR,1996,3.70
Syria,SYR,2001,4.36
Syria,SYR,2002,5.05
Syria,SYR,2003,6.48
Syria,SYR,2004,5.37
Syria,SYR,2006,5.35
Syria,SYR,2007,4.87
Syria,SYR,2008,4.60
Syria,SYR,2009,5.13
Tajikistan,TJK,1993,8.19
Tajikistan,TJK,1995,2.07
Tajikistan,TJK,1996,2.04
Tajikistan,TJK,1998,2.53
Tajikistan,TJK,1999,2.08
Tajikistan,TJK,2000,2.33
Tajikistan,TJK,2001,2.38
Tajikistan,TJK,2002,2.78
Tajikistan,TJK,2003,2.42
Tajikistan,TJK,2004,2.77
Tajikistan,TJK,2005,3.51
Tajikistan,TJK,2006,3.40
Tajikistan,TJK,2007,3.41
Tajikistan,TJK,2008,3.46
Tajikistan,TJK,2009,4.10
Tajikistan,TJK,2010,4.01
Tajikistan,TJK,2011,3.94
Tajikistan,TJK,2012,4.02
Tajikistan,TJK,2015,4.97
Tajikistan,TJK,2016,5.76
Tajikistan,TJK,2017,5.84
Tajikistan,TJK,2018,5.56
Tajikistan,TJK,2019,5.71
Tanzania,TZA,1989,2.25
Tanzania,TZA,1990,2.14
Tanzania,TZA,1996,2.53
Tanzania,TZA,1997,2.46
Tanzania,TZA,1998,2.18
Tanzania,TZA,2004,3.56
Tanzania,TZA,2005,3.55
Tanzania,TZA,2006,3.01
Tanzania,TZA,2007,4.03
Tanzania,TZA,2008,4.19
Tanzania,TZA,2009,3.96
Tanzania,TZA,2010,4.54
Tanzania,TZA,2011,3.56
Tanzania,TZA,2012,3.47
Tanzania,TZA,2013,3.36
Tanzania,TZA,2014,3.38
Tanzania,TZA,2015,4.19
Tanzania,TZA,2016,4.10
Tanzania,TZA,2017,4.43
Tanzania,TZA,2018,3.70
Tanzania,TZA,2019,3.53
Tanzania,TZA,2020,3.10
Thailand,THA,1971,3.07
Thailand,THA,1972,3.03
Thailand,THA,1973,2.55
Thailand,THA,1974,2.15
Thailand,THA,1975,2.38
Thailand,THA,1976,3.02
Thailand,THA,1977,3.22
Thailand,THA,1979,2.85
Thailand,THA,1980,2.57
Thailand,THA,1981,2.88
Thailand,THA,1982,3.27
Thailand,THA,1983,3.46
Thailand,THA,1984,3.44
Thailand,THA,1986,3.41
Thailand,THA,1987,3.12
Thailand,THA,1988,2.75
Thailand,THA,1989,2.50
Thailand,THA,1991,3.09
Thailand,THA,1992,3.05
Thailand,THA,1994,3.41
Thailand,THA,1995,3.14
Thailand,THA,1996,3.50
Thailand,THA,1997,4.58
Thailand,THA,1998,4.63
Thailand,THA,1999,4.83
Thailand,THA,2000,5.25
Thailand,THA,2001,4.82
Thailand,THA,2002,3.86
Thailand,THA,2003,3.73
Thailand,THA,2004,4.03
Thailand,THA,2005,3.94
Thailand,THA,2006,4.05
Thailand,THA,2007,3.60
Thailand,THA,2008,3.51
Thailand,THA,2009,3.86
Thailand,THA,2010,3.51
Thailand,THA,2011,4.81
Thailand,THA,2012,4.54
Thailand,THA,2013,4.12
Thailand,THA,2014,3.72
Thailand,THA,2015,3.76
Thailand,THA,2016,3.64
Thailand,THA,2017,3.36
Thailand,THA,2018,3.06
Thailand,THA,2019,2.97
Timor,TLS,2008,8.67
Timor,TLS,2009,12.90
Timor,TLS,2010,11.11
Timor,TLS,2011,10.08
Timor,TLS,2012,7.24
Timor,TLS,2013,5.67
Timor,TLS,2014,7.52
Timor,TLS,2015,8.45
Timor,TLS,2016,8.08
Timor,TLS,2017,7.11
Timor,TLS,2018,6.83
Togo,TGO,1970,2.11
Togo,TGO,1979,6.68
Togo,TGO,1981,5.88
Togo,TGO,1984,5.39
Togo,TGO,1987,4.72
Togo,TGO,1992,5.68
Togo,TGO,1996,4.41
Togo,TGO,1998,3.98
Togo,TGO,1999,4.19
Togo,TGO,2000,3.92
Togo,TGO,2001,3.77
Togo,TGO,2002,3.49
Togo,TGO,2003,3.33
Togo,TGO,2004,3.11
Togo,TGO,2005,3.16
Togo,TGO,2006,3.44
Togo,TGO,2007,3.51
Togo,TGO,2008,3.29
Togo,TGO,2009,3.87
Togo,TGO,2010,4.10
Togo,TGO,2011,4.31
Togo,TGO,2012,4.72
Togo,TGO,2013,4.42
Togo,TGO,2014,4.78
Togo,TGO,2015,5.11
Togo,TGO,2016,3.69
Togo,TGO,2017,3.76
Togo,TGO,2018,4.04
Togo,TGO,2019,4.97
Tonga,TON,1984,10.35
Tonga,TON,1998,5.52
Tonga,TON,1999,5.38
Tonga,TON,2000,4.88
Tonga,TON,2001,4.48
Tonga,TON,2002,3.80
Tonga,TON,2003,4.16
Tonga,TON,2004,3.91
Tonga,TON,2018,6.37
Tonga,TON,2019,7.96
Trinidad and Tobago,TTO,1980,3.77
Trinidad and Tobago,TTO,1982,5.46
Trinidad and Tobago,TTO,1983,5.77
Trinidad and Tobago,TTO,1984,5.87
Trinidad and Tobago,TTO,1985,5.77
Trinidad and Tobago,TTO,1989,4.20
Trinidad and Tobago,TTO,1990,3.65
Trinidad and Tobago,TTO,1994,3.43
Trinidad and Tobago,TTO,1995,3.56
Trinidad and Tobago,TTO,1996,3.25
Trinidad and Tobago,TTO,1997,3.33
Trinidad and Tobago,TTO,1998,2.44
Trinidad and Tobago,TTO,1999,2.76
Trinidad and Tobago,TTO,2000,2.76
Trinidad and Tobago,TTO,2001,3.07
Trinidad and Tobago,TTO,2002,3.54
Trinidad and Tobago,TTO,2003,3.14
Trinidad and Tobago,TTO,2011,4.30
Trinidad and Tobago,TTO,2012,4.55
Trinidad and Tobago,TTO,2013,5.12
Trinidad and Tobago,TTO,2014,5.33
Trinidad and Tobago,TTO,2015,3.37
Trinidad and Tobago,TTO,2016,3.97
Trinidad and Tobago,TTO,2017,3.56
Trinidad and Tobago,TTO,2018,3.29
Trinidad and Tobago,TTO,2019,3.56
Tunisia,TUN,1980,5.24
Tunisia,TUN,1981,4.89
Tunisia,TUN,1982,5.29
Tunisia,TUN,1983,5.46
Tunisia,TUN,1984,5.52
Tunisia,TUN,1985,5.54
Tunisia,TUN,1986,5.88
Tunisia,TUN,1990,5.79
Tunisia,TUN,1991,6.03
Tunisia,TUN,1992,5.75
Tunisia,TUN,1993,5.98
Tunisia,TUN,1994,6.18
Tunisia,TUN,1995,6.43
Tunisia,TUN,1996,6.29
Tunisia,TUN,1997,6.68
Tunisia,TUN,1999,6.27
Tunisia,TUN,2000,6.20
Tunisia,TUN,2001,6.20
Tunisia,TUN,2002,5.79
Tunisia,TUN,2003,6.82
Tunisia,TUN,2004,6.72
Tunisia,TUN,2005,6.45
Tunisia,TUN,2006,6.44
Tunisia,TUN,2007,6.46
Tunisia,TUN,2008,6.27
Tunisia,TUN,2009,6.53
Tunisia,TUN,2010,6.25
Tunisia,TUN,2011,7.55
Tunisia,TUN,2012,6.25
Tunisia,TUN,2013,6.97
Tunisia,TUN,2014,6.88
Tunisia,TUN,2015,6.60
Tunisia,TUN,2016,7.32
Turkey,TUR,1978,4.35
Turkey,TUR,1979,2.92
Turkey,TUR,1981,2.21
Turkey,TUR,1982,1.75
Turkey,TUR,1983,2.65
Turkey,TUR,1984,2.03
Turkey,TUR,1985,1.74
Turkey,TUR,1986,1.51
Turkey,TUR,1993,3.37
Turkey,TUR,1994,3.42
Turkey,TUR,1995,2.25
Turkey,TUR,1998,0.00
Turkey,TUR,1999,2.88
Turkey,TUR,2000,2.52
Turkey,TUR,2001,2.63
Turkey,TUR,2002,2.73
Turkey,TUR,2003,2.85
Turkey,TUR,2004,2.99
Turkey,TUR,2006,2.73
Turkey,TUR,2018,4.29
Turkmenistan,TKM,2012,3.05
Turkmenistan,TKM,2019,3.12
Turks and Caicos Islands,TCA,2000,4.72
Turks and Caicos Islands,TCA,2001,4.84
Turks and Caicos Islands,TCA,2002,5.07
Turks and Caicos Islands,TCA,2003,4.73
Turks and Caicos Islands,TCA,2005,2.54
Turks and Caicos Islands,TCA,2015,3.09
Turks and Caicos Islands,TCA,2016,3.07
Turks and Caicos Islands,TCA,2017,2.98
Turks and Caicos Islands,TCA,2018,2.74
Turks and Caicos Islands,TCA,2019,3.49
Tuvalu,TUV,1990,7.55
Tuvalu,TUV,1997,3.73
Uganda,UGA,1971,3.16
Uganda,UGA,1973,3.35
Uganda,UGA,1974,3.39
Uganda,UGA,1975,3.22
Uganda,UGA,1976,2.68
Uganda,UGA,1982,2.52
Uganda,UGA,1983,1.69
Uganda,UGA,1984,2.43
Uganda,UGA,1985,3.43
Uganda,UGA,1988,5.10
Uganda,UGA,2000,2.46
Uganda,UGA,2004,4.95
Uganda,UGA,2010,1.73
Uganda,UGA,2011,2.31
Uganda,UGA,2012,1.81
Uganda,UGA,2013,1.88
Uganda,UGA,2014,1.92
Uganda,UGA,2015,2.33
Uganda,UGA,2016,2.15
Uganda,UGA,2017,2.26
Uganda,UGA,2018,2.13
Uganda,UGA,2019,2.65
Uganda,UGA,2020,3.01
Ukraine,UKR,1970,4.57
Ukraine,UKR,1997,5.46
Ukraine,UKR,1998,4.45
Ukraine,UKR,1999,3.62
Ukraine,UKR,2000,4.17
Ukraine,UKR,2001,4.69
Ukraine,UKR,2002,5.44
Ukraine,UKR,2003,5.61
Ukraine,UKR,2004,5.31
Ukraine,UKR,2005,6.06
Ukraine,UKR,2006,6.21
Ukraine,UKR,2007,6.16
Ukraine,UKR,2008,6.44
Ukraine,UKR,2009,7.32
Ukraine,UKR,2010,7.40
Ukraine,UKR,2011,6.16
Ukraine,UKR,2012,6.69
Ukraine,UKR,2013,6.67
Ukraine,UKR,2014,5.87
Ukraine,UKR,2015,5.74
Ukraine,UKR,2016,5.01
Ukraine,UKR,2017,5.41
Ukraine,UKR,2018,5.32
Ukraine,UKR,2019,5.44
United Arab Emirates,ARE,2019,3.10
United Kingdom,GBR,1971,5.03
United Kingdom,GBR,1972,5.16
United Kingdom,GBR,1973,5.45
United Kingdom,GBR,1974,5.39
United Kingdom,GBR,1975,6.27
United Kingdom,GBR,1976,6.42
United Kingdom,GBR,1977,6.06
United Kingdom,GBR,1980,5.07
United Kingdom,GBR,1981,5.29
United Kingdom,GBR,1982,5.19
United Kingdom,GBR,1983,5.06
United Kingdom,GBR,1984,4.90
United Kingdom,GBR,1985,4.59
United Kingdom,GBR,1986,4.38
United Kingdom,GBR,1987,4.37
United Kingdom,GBR,1988,4.27
United Kingdom,GBR,1989,4.13
United Kingdom,GBR,1990,4.06
United Kingdom,GBR,1991,4.12
United Kingdom,GBR,1992,4.33
United Kingdom,GBR,1994,4.85
United Kingdom,GBR,1995,4.84
United Kingdom,GBR,1996,4.39
United Kingdom,GBR,1998,4.21
United Kingdom,GBR,1999,3.99
United Kingdom,GBR,2000,4.03
United Kingdom,GBR,2001,4.12
United Kingdom,GBR,2002,4.64
United Kingdom,GBR,2003,4.82
United Kingdom,GBR,2004,4.74
United Kingdom,GBR,2005,4.95
United Kingdom,GBR,2006,5.00
United Kingdom,GBR,2007,4.93
United Kingdom,GBR,2008,4.91
United Kingdom,GBR,2009,5.08
United Kingdom,GBR,2010,5.70
United Kingdom,GBR,2011,5.58
United Kingdom,GBR,2013,5.53
United Kingdom,GBR,2014,5.60
United Kingdom,GBR,2015,5.55
United Kingdom,GBR,2016,5.42
United Kingdom,GBR,2017,5.44
United Kingdom,GBR,2018,5.24
Upper middle income,,1996,3.51
Upper middle income,,1999,4.21
Upper middle income,,2000,3.90
Upper middle income,,2001,3.77
Upper middle income,,2002,3.63
Upper middle income,,2003,3.86
Upper middle income,,2004,3.56
Upper middle income,,2005,3.98
Upper middle income,,2006,3.92
Upper middle income,,2007,4.08
Upper middle income,,2008,4.10
Upper middle income,,2009,4.43
Upper middle income,,2010,3.82
Upper middle income,,2011,3.57
Upper middle income,,2012,3.99
Upper middle income,,2013,3.85
Upper middle income,,2014,4.32
Upper middle income,,2015,3.83
Upper middle income,,2016,3.85
Upper middle income,,2017,3.93
Upper middle income,,2018,4.09
Upper middle income,,2019,3.88
Uruguay,URY,1979,1.99
Uruguay,URY,1980,2.16
Uruguay,URY,1984,2.37
Uruguay,URY,1985,2.57
Uruguay,URY,1986,3.10
Uruguay,URY,1991,2.48
Uruguay,URY,1992,2.41
Uruguay,URY,1994,2.27
Uruguay,URY,1995,2.52
Uruguay,URY,1996,2.87
Uruguay,URY,1998,2.24
Uruguay,URY,2000,2.42
Uruguay,URY,2001,2.80
Uruguay,URY,2002,2.32
Uruguay,URY,2003,2.07
Uruguay,URY,2004,2.50
Uruguay,URY,2005,2.71
Uruguay,URY,2006,2.88
Uruguay,URY,2011,4.36
Uruguay,URY,2016,4.38
Uruguay,URY,2017,4.49
Uruguay,URY,2018,4.66
Uruguay,URY,2019,4.68
Uzbekistan,UZB,2011,6.20
Uzbekistan,UZB,2012,6.40
Uzbekistan,UZB,2013,6.09
Uzbekistan,UZB,2014,6.03
Uzbekistan,UZB,2015,5.79
Uzbekistan,UZB,2016,5.67
Uzbekistan,UZB,2017,5.28
Uzbekistan,UZB,2018,5.90
Uzbekistan,UZB,2019,7.00
Uzbekistan,UZB,2020,5.11
Vanuatu,VUT,1994,4.12
Vanuatu,VUT,1998,7.64
Vanuatu,VUT,1999,6.16
Vanuatu,VUT,2000,7.00
Vanuatu,VUT,2001,8.95
Vanuatu,VUT,2002,8.13
Vanuatu,VUT,2003,8.44
Vanuatu,VUT,2008,5.95
Vanuatu,VUT,2009,5.16
Vanuatu,VUT,2014,5.18
Vanuatu,VUT,2015,5.60
Vanuatu,VUT,2017,4.53
Vanuatu,VUT,2019,1.79
Vanuatu,VUT,2020,2.31
Venezuela,VEN,1970,4.16
Venezuela,VEN,1971,4.18
Venezuela,VEN,1972,4.84
Venezuela,VEN,1974,3.95
Venezuela,VEN,1975,5.20
Venezuela,VEN,1977,5.26
Venezuela,VEN,1980,4.40
Venezuela,VEN,1981,5.19
Venezuela,VEN,1982,5.01
Venezuela,VEN,1983,6.06
Venezuela,VEN,1984,4.06
Venezuela,VEN,1987,3.93
Venezuela,VEN,1988,3.63
Venezuela,VEN,1990,2.45
Venezuela,VEN,1992,4.31
Venezuela,VEN,1993,3.82
Venezuela,VEN,1994,5.01
Venezuela,VEN,2006,3.67
Venezuela,VEN,2007,3.63
Venezuela,VEN,2009,6.87
Venezuela,VEN,2015,1.93
Venezuela,VEN,2016,1.19
Venezuela,VEN,2017,1.34
Vietnam,VNM,2008,4.89
Vietnam,VNM,2009,4.82
Vietnam,VNM,2010,5.14
Vietnam,VNM,2011,4.81
Vietnam,VNM,2012,5.53
Vietnam,VNM,2013,5.65
Vietnam,VNM,2015,4.47
Vietnam,VNM,2016,4.34
Vietnam,VNM,2017,4.09
Vietnam,VNM,2018,4.17
Vietnam,VNM,2019,4.06
World,OWID_WRL,1999,4.11
World,OWID_WRL,2000,3.86
World,OWID_WRL,2001,4.03
World,OWID_WRL,2002,3.99
World,OWID_WRL,2003,4.12
World,OWID_WRL,2004,3.99
World,OWID_WRL,2005,4.05
World,OWID_WRL,2006,4.03
World,OWID_WRL,2007,4.13
World,OWID_WRL,2008,4.36
World,OWID_WRL,2009,4.66
World,OWID_WRL,2010,4.48
World,OWID_WRL,2011,4.30
World,OWID_WRL,2012,4.20
World,OWID_WRL,2013,4.39
World,OWID_WRL,2014,4.61
World,OWID_WRL,2015,4.26
World,OWID_WRL,2016,4.16
World,OWID_WRL,2017,4.33
World,OWID_WRL,2018,4.26
World,OWID_WRL,2019,3.66
Yemen,YEM,2000,9.65
Yemen,YEM,2001,9.24
Yemen,YEM,2008,5.15
Zambia,ZMB,1970,4.39
Zambia,ZMB,1971,6.10
Zambia,ZMB,1972,5.95
Zambia,ZMB,1973,5.49
Zambia,ZMB,1974,4.88
Zambia,ZMB,1975,6.24
Zambia,ZMB,1976,6.03
Zambia,ZMB,1977,5.69
Zambia,ZMB,1978,4.74
Zambia,ZMB,1979,4.15
Zambia,ZMB,1980,4.13
Zambia,ZMB,1981,4.00
Zambia,ZMB,1982,5.15
Zambia,ZMB,1983,5.39
Zambia,ZMB,1984,4.99
Zambia,ZMB,1985,4.15
Zambia,ZMB,1986,3.34
Zambia,ZMB,1987,2.66
Zambia,ZMB,1991,2.74
Zambia,ZMB,1992,2.09
Zambia,ZMB,1993,1.94
Zambia,ZMB,1994,1.79
Zambia,ZMB,1995,1.84
Zambia,ZMB,1998,2.12
Zambia,ZMB,1999,1.77
Zambia,ZMB,2000,1.79
Zambia,ZMB,2004,2.46
Zambia,ZMB,2005,1.74
Zambia,ZMB,2007,1.24
Zambia,ZMB,2008,1.10
Zambia,ZMB,2010,3.70
Zambia,ZMB,2011,3.80
Zambia,ZMB,2012,4.20
Zambia,ZMB,2013,4.30
Zambia,ZMB,2014,5.20
Zambia,ZMB,2015,4.62
Zambia,ZMB,2016,3.75
Zambia,ZMB,2017,3.73
Zambia,ZMB,2018,4.74
Zambia,ZMB,2019,4.47
Zimbabwe,ZWE,1979,2.32
Zimbabwe,ZWE,1980,2.54
Zimbabwe,ZWE,1981,3.35
Zimbabwe,ZWE,1983,4.15
Zimbabwe,ZWE,1984,5.79
Zimbabwe,ZWE,1985,7.42
Zimbabwe,ZWE,1987,11.64
Zimbabwe,ZWE,1988,12.34
Zimbabwe,ZWE,1989,12.28
Zimbabwe,ZWE,1990,12.45
Zimbabwe,ZWE,1992,22.32
Zimbabwe,ZWE,1994,44.33
Zimbabwe,ZWE,2010,1.54
Zimbabwe,ZWE,2012,6.07
Zimbabwe,ZWE,2013,6.00
Zimbabwe,ZWE,2014,6.14
Zimbabwe,ZWE,2015,5.81
Zimbabwe,ZWE,2016,5.47
Zimbabwe,ZWE,2017,5.38
Zimbabwe,ZWE,2018,3.59
