Entity,Code,Year,"Lower secondary completion rate, total (% of relevant age group)"
Afghanistan,AFG,1973,9.604999542236328
Afghanistan,AFG,1974,8.409729957580566
Afghanistan,AFG,1977,6.963379859924316
Afghanistan,AFG,1978,9.332799911499023
Afghanistan,AFG,1980,13.495309829711914
Afghanistan,AFG,1981,16.146780014038086
Afghanistan,AFG,1982,10.743820190429688
Afghanistan,AFG,1984,12.798410415649414
Afghanistan,AFG,1985,13.189990043640137
Afghanistan,AFG,1993,17.864459991455078
Afghanistan,AFG,2005,16.028940200805664
Afghanistan,AFG,2016,50.694068908691406
Afghanistan,AFG,2017,53.07514190673828
Afghanistan,AFG,2018,55.34642028808594
Afghanistan,AFG,2019,58.305850982666016
Albania,ALB,1996,89.97762298583984
Albania,ALB,2000,81.62770080566406
Albania,ALB,2001,87.75083923339844
Albania,ALB,2003,86.46875
Albania,ALB,2007,91.59715270996094
Albania,ALB,2008,91.0732421875
Albania,ALB,2009,89.91284942626953
Albania,ALB,2010,94.40544128417969
Albania,ALB,2011,93.75469970703125
Albania,ALB,2012,93.73104858398438
Albania,ALB,2013,94.05895233154297
Albania,ALB,2014,94.38111114501953
Albania,ALB,2015,99.15677642822266
Albania,ALB,2017,88.16436767578125
Albania,ALB,2018,96.33482360839844
Albania,ALB,2019,92.82398986816406
Albania,ALB,2020,92.70281982421875
Algeria,DZA,1971,9.24882984161377
Algeria,DZA,1972,8.958459854125977
Algeria,DZA,1973,10.747110366821289
Algeria,DZA,1974,13.4656400680542
Algeria,DZA,1975,17.199199676513672
Algeria,DZA,1976,17.724470138549805
Algeria,DZA,1977,20.466400146484375
Algeria,DZA,1978,24.463790893554688
Algeria,DZA,1979,29.10725975036621
Algeria,DZA,1980,31.161989212036133
Algeria,DZA,1982,35.26713943481445
Algeria,DZA,1984,42.02109146118164
Algeria,DZA,1985,44.4415283203125
Algeria,DZA,1989,61.8598518371582
Algeria,DZA,1990,58.15291976928711
Algeria,DZA,1991,55.1969108581543
Algeria,DZA,1992,57.2023811340332
Algeria,DZA,1993,56.720951080322266
Algeria,DZA,1994,57.028690338134766
Algeria,DZA,1995,57.46929931640625
Algeria,DZA,1996,57.246360778808594
Algeria,DZA,1997,52.6126594543457
Algeria,DZA,1999,55.267578125
Algeria,DZA,2000,51.8313102722168
Algeria,DZA,2001,54.77035903930664
Algeria,DZA,2002,60.682830810546875
Algeria,DZA,2003,61.44483184814453
Algeria,DZA,2004,62.332000732421875
Algeria,DZA,2005,72.5312728881836
Algeria,DZA,2006,66.10224914550781
Algeria,DZA,2007,60.45256042480469
Algeria,DZA,2008,55.27941131591797
Algeria,DZA,2009,62.19200134277344
Algeria,DZA,2010,58.27983856201172
Algeria,DZA,2011,70.43485260009766
Algeria,DZA,2012,114.63423156738281
Algeria,DZA,2013,85.26335144042969
Algeria,DZA,2014,79.29411315917969
Algeria,DZA,2015,76.15144348144531
Algeria,DZA,2016,79.13480377197266
Algeria,DZA,2018,84.64131164550781
Algeria,DZA,2019,82.92144775390625
Angola,AGO,1982,2.7367401123046875
Angola,AGO,2008,17.37347984313965
Angola,AGO,2009,17.665760040283203
Angola,AGO,2011,20.738819122314453
Antigua and Barbuda,ATG,1992,106.75
Antigua and Barbuda,ATG,2008,87.83141326904297
Antigua and Barbuda,ATG,2009,83.10810852050781
Antigua and Barbuda,ATG,2010,95.8556137084961
Antigua and Barbuda,ATG,2011,103.01441955566406
Antigua and Barbuda,ATG,2012,103.03421783447266
Antigua and Barbuda,ATG,2013,87.80644989013672
Antigua and Barbuda,ATG,2014,88.51705932617188
Antigua and Barbuda,ATG,2015,95.76612854003906
Antigua and Barbuda,ATG,2016,112.59410858154297
Antigua and Barbuda,ATG,2017,108.24597930908203
Antigua and Barbuda,ATG,2018,98.64865112304688
Argentina,ARG,1970,16.839860916137695
Argentina,ARG,1971,16.048709869384766
Argentina,ARG,1974,17.3564395904541
Argentina,ARG,1975,18.048429489135742
Argentina,ARG,1999,80.33261108398438
Argentina,ARG,2000,85.1910400390625
Argentina,ARG,2001,85.56632232666016
Argentina,ARG,2002,85.19426727294922
Argentina,ARG,2003,80.87042999267578
Argentina,ARG,2004,79.16548919677734
Argentina,ARG,2005,80.16696166992188
Argentina,ARG,2006,76.5988998413086
Argentina,ARG,2007,74.76325225830078
Argentina,ARG,2008,76.435546875
Argentina,ARG,2009,77.73371124267578
Argentina,ARG,2010,81.54737854003906
Argentina,ARG,2011,85.26943969726562
Argentina,ARG,2012,86.21025085449219
Argentina,ARG,2013,88.45620727539062
Argentina,ARG,2014,88.91632080078125
Argentina,ARG,2015,90.11585998535156
Argentina,ARG,2016,89.20530700683594
Argentina,ARG,2017,89.8170394897461
Argentina,ARG,2018,90.86734008789062
Argentina,ARG,2019,93.53919982910156
Armenia,ARM,1994,90.54517364501953
Armenia,ARM,2002,86.45845794677734
Armenia,ARM,2003,85.45826721191406
Armenia,ARM,2004,89.29158782958984
Armenia,ARM,2005,96.79206848144531
Armenia,ARM,2006,100.28970336914062
Armenia,ARM,2007,95.30094146728516
Armenia,ARM,2008,90.42601013183594
Armenia,ARM,2009,106.27339172363281
Armenia,ARM,2010,96.92008972167969
Armenia,ARM,2016,87.51687622070312
Armenia,ARM,2017,89.03903198242188
Armenia,ARM,2018,93.29219818115234
Armenia,ARM,2019,92.19805145263672
Armenia,ARM,2020,90.10375213623047
Aruba,ABW,1999,93.61701965332031
Aruba,ABW,2000,94.82624816894531
Aruba,ABW,2001,98.26676940917969
Aruba,ABW,2002,97.13865661621094
Aruba,ABW,2003,89.52583312988281
Aruba,ABW,2004,87.55947875976562
Aruba,ABW,2005,87.59027862548828
Aruba,ABW,2007,89.02207946777344
Aruba,ABW,2009,96.19109344482422
Aruba,ABW,2013,101.54570007324219
Aruba,ABW,2014,99.25726318359375
Austria,AUT,2002,103.61811828613281
Austria,AUT,2003,103.81987762451172
Austria,AUT,2006,102.33032989501953
Austria,AUT,2007,101.39655303955078
Austria,AUT,2008,100.7072982788086
Austria,AUT,2009,100.02937316894531
Austria,AUT,2010,101.87132263183594
Austria,AUT,2011,101.71398162841797
Austria,AUT,2012,99.30486297607422
Austria,AUT,2013,97.33421325683594
Austria,AUT,2014,96.90894317626953
Austria,AUT,2015,96.22541046142578
Austria,AUT,2016,97.17981719970703
Austria,AUT,2017,97.67305755615234
Austria,AUT,2018,97.46354675292969
Austria,AUT,2019,97.64546966552734
Azerbaijan,AZE,1993,93.17159271240234
Azerbaijan,AZE,1994,90.46990203857422
Azerbaijan,AZE,1996,87.96227264404297
Azerbaijan,AZE,1997,86.47207641601562
Azerbaijan,AZE,1999,86.10856628417969
Azerbaijan,AZE,2000,38.246681213378906
Azerbaijan,AZE,2001,73.99507141113281
Azerbaijan,AZE,2002,88.55606842041016
Azerbaijan,AZE,2003,85.510009765625
Azerbaijan,AZE,2004,83.64337158203125
Azerbaijan,AZE,2005,82.84026336669922
Azerbaijan,AZE,2006,88.86907196044922
Azerbaijan,AZE,2007,89.59931945800781
Azerbaijan,AZE,2008,88.07868194580078
Azerbaijan,AZE,2009,90.74746704101562
Azerbaijan,AZE,2010,90.57910919189453
Azerbaijan,AZE,2011,89.31443786621094
Azerbaijan,AZE,2012,94.17597961425781
Azerbaijan,AZE,2013,86.74861907958984
Azerbaijan,AZE,2014,86.619140625
Azerbaijan,AZE,2015,86.07421875
Azerbaijan,AZE,2016,89.03829193115234
Azerbaijan,AZE,2017,88.45453643798828
Azerbaijan,AZE,2018,84.71309661865234
Azerbaijan,AZE,2020,101.28843688964844
Bahamas,BHS,1999,80.89515686035156
Bahamas,BHS,2004,91.3469467163086
Bahamas,BHS,2005,91.49217224121094
Bahamas,BHS,2006,90.39192962646484
Bahamas,BHS,2007,98.63057708740234
Bahamas,BHS,2008,99.80870056152344
Bahamas,BHS,2010,92.24311828613281
Bahrain,BHR,1971,53.71628189086914
Bahrain,BHR,1972,45.81740188598633
Bahrain,BHR,1973,52.8215217590332
Bahrain,BHR,1974,53.28287124633789
Bahrain,BHR,1975,58.14337921142578
Bahrain,BHR,1976,49.38064956665039
Bahrain,BHR,1977,59.480220794677734
Bahrain,BHR,1978,60.655479431152344
Bahrain,BHR,1979,65.76698303222656
Bahrain,BHR,1980,50.502220153808594
Bahrain,BHR,1981,59.540870666503906
Bahrain,BHR,1982,68.03923797607422
Bahrain,BHR,1983,77.5938720703125
Bahrain,BHR,1984,83.93135833740234
Bahrain,BHR,1986,81.81952667236328
Bahrain,BHR,1988,83.54786682128906
Bahrain,BHR,1991,91.98036193847656
Bahrain,BHR,1992,97.81208038330078
Bahrain,BHR,1993,102.0712890625
Bahrain,BHR,1999,93.07388305664062
Bahrain,BHR,2000,93.60989379882812
Bahrain,BHR,2001,92.4677505493164
Bahrain,BHR,2002,94.48121643066406
Bahrain,BHR,2003,94.49308013916016
Bahrain,BHR,2004,96.40576171875
Bahrain,BHR,2005,93.62187194824219
Bahrain,BHR,2006,94.71214294433594
Bahrain,BHR,2008,95.62757110595703
Bahrain,BHR,2009,94.8559799194336
Bahrain,BHR,2010,92.44214630126953
Bahrain,BHR,2011,92.46174621582031
Bahrain,BHR,2012,89.05645751953125
Bahrain,BHR,2013,93.05419158935547
Bahrain,BHR,2014,96.34488677978516
Bahrain,BHR,2015,99.2039566040039
Bahrain,BHR,2016,97.74153900146484
Bahrain,BHR,2017,95.23229217529297
Bahrain,BHR,2018,94.31429290771484
Bahrain,BHR,2019,93.45411682128906
Bangladesh,BGD,1998,50.49427032470703
Bangladesh,BGD,1999,52.96337127685547
Bangladesh,BGD,2000,54.988800048828125
Bangladesh,BGD,2001,59.42726135253906
Bangladesh,BGD,2002,60.58317947387695
Bangladesh,BGD,2003,60.79832077026367
Bangladesh,BGD,2004,56.20922088623047
Bangladesh,BGD,2005,54.15238952636719
Bangladesh,BGD,2006,54.00373840332031
Bangladesh,BGD,2007,54.86219024658203
Bangladesh,BGD,2009,57.04098129272461
Bangladesh,BGD,2010,55.486778259277344
Bangladesh,BGD,2011,60.08863830566406
Bangladesh,BGD,2013,69.80339050292969
Bangladesh,BGD,2016,79.35987091064453
Bangladesh,BGD,2017,80.43596649169922
Bangladesh,BGD,2018,87.96587371826172
Barbados,BRB,1999,104.48200225830078
Barbados,BRB,2000,101.13468170166016
Barbados,BRB,2001,99.0793685913086
Barbados,BRB,2002,94.49472045898438
Barbados,BRB,2003,101.36398315429688
Barbados,BRB,2004,107.98383331298828
Barbados,BRB,2005,106.42549896240234
Barbados,BRB,2006,109.14372253417969
Barbados,BRB,2007,102.32969665527344
Barbados,BRB,2008,99.05442810058594
Barbados,BRB,2009,100.72463989257812
Barbados,BRB,2020,88.96778106689453
Belarus,BLR,1971,97.65495300292969
Belarus,BLR,1972,96.74224090576172
Belarus,BLR,1973,100.17162322998047
Belarus,BLR,1974,104.72582244873047
Belarus,BLR,1975,102.91172790527344
Belarus,BLR,1976,105.90470886230469
Belarus,BLR,1977,100.70262908935547
Belarus,BLR,1978,99.71180725097656
Belarus,BLR,1979,98.59600830078125
Belarus,BLR,1980,97.32482147216797
Belarus,BLR,1981,99.83984375
Belarus,BLR,1982,99.99931335449219
Belarus,BLR,1983,100.47634887695312
Belarus,BLR,1984,99.61801147460938
Belarus,BLR,1985,99.79743194580078
Belarus,BLR,1986,100.1662368774414
Belarus,BLR,1988,98.29338073730469
Belarus,BLR,1989,97.60848999023438
Belarus,BLR,1990,95.68199157714844
Belarus,BLR,1991,94.11296081542969
Belarus,BLR,1992,93.8297119140625
Belarus,BLR,1993,91.95938110351562
Belarus,BLR,1994,92.537841796875
Belarus,BLR,1995,82.75942993164062
Belarus,BLR,1996,93.6109619140625
Belarus,BLR,1997,90.89359283447266
Belarus,BLR,1999,99.15277862548828
Belarus,BLR,2000,96.06584167480469
Belarus,BLR,2001,98.8202896118164
Belarus,BLR,2002,98.9521484375
Belarus,BLR,2003,101.10469818115234
Belarus,BLR,2004,106.16697692871094
Belarus,BLR,2005,110.52935028076172
Belarus,BLR,2006,116.0301284790039
Belarus,BLR,2007,141.87583923339844
Belarus,BLR,2008,104.4875717163086
Belarus,BLR,2010,97.6773910522461
Belarus,BLR,2011,97.20362091064453
Belarus,BLR,2012,97.46610260009766
Belarus,BLR,2013,100.23890686035156
Belarus,BLR,2014,105.66676330566406
Belarus,BLR,2015,106.2768783569336
Belarus,BLR,2016,107.40646362304688
Belarus,BLR,2017,102.96729278564453
Belarus,BLR,2018,97.84088897705078
Belgium,BEL,1974,41.01808166503906
Belgium,BEL,1975,43.46482849121094
Belgium,BEL,1976,45.94369125366211
Belgium,BEL,1977,48.734928131103516
Belgium,BEL,1993,107.99886322021484
Belgium,BEL,1994,108.69319152832031
Belgium,BEL,2006,89.6042709350586
Belgium,BEL,2007,86.2859878540039
Belgium,BEL,2008,83.71250915527344
Belgium,BEL,2009,84.16925048828125
Belgium,BEL,2010,89.30754852294922
Belgium,BEL,2011,92.20603942871094
Belgium,BEL,2012,92.55734252929688
Belgium,BEL,2013,93.75318145751953
Belgium,BEL,2014,93.93034362792969
Belgium,BEL,2015,95.04216003417969
Belgium,BEL,2016,94.40424346923828
Belgium,BEL,2017,93.55288696289062
Belgium,BEL,2018,92.91880798339844
Belgium,BEL,2019,92.5289306640625
Belize,BLZ,1994,52.299468994140625
Belize,BLZ,1995,49.22417068481445
Belize,BLZ,1999,49.87623977661133
Belize,BLZ,2000,52.12485122680664
Belize,BLZ,2001,54.288719177246094
Belize,BLZ,2003,61.40409851074219
Belize,BLZ,2004,62.03887176513672
Belize,BLZ,2005,62.15742874145508
Belize,BLZ,2006,63.367408752441406
Belize,BLZ,2007,58.889888763427734
Belize,BLZ,2008,55.32661056518555
Belize,BLZ,2009,59.70425033569336
Belize,BLZ,2010,60.20280838012695
Belize,BLZ,2011,62.633018493652344
Belize,BLZ,2012,64.24759674072266
Belize,BLZ,2013,65.1946029663086
Belize,BLZ,2014,64.02999114990234
Belize,BLZ,2015,67.9846420288086
Belize,BLZ,2016,70.3797836303711
Belize,BLZ,2017,66.86398315429688
Belize,BLZ,2018,67.19004821777344
Belize,BLZ,2019,69.5970687866211
Belize,BLZ,2020,69.46466827392578
Benin,BEN,1971,3.7859199047088623
Benin,BEN,1972,4.314310073852539
Benin,BEN,1973,4.985350131988525
Benin,BEN,1974,5.4267802238464355
Benin,BEN,1975,6.344910144805908
Benin,BEN,1976,8.490449905395508
Benin,BEN,1977,8.72996997833252
Benin,BEN,1978,8.519160270690918
Benin,BEN,1979,9.398469924926758
Benin,BEN,1980,9.256930351257324
Benin,BEN,1981,12.404319763183594
Benin,BEN,1983,17.89742088317871
Benin,BEN,1984,16.27560043334961
Benin,BEN,1985,15.711230278015137
Benin,BEN,1986,13.603719711303711
Benin,BEN,1987,9.467329978942871
Benin,BEN,1990,6.569849967956543
Benin,BEN,2000,15.200940132141113
Benin,BEN,2001,16.507339477539062
Benin,BEN,2002,18.044219970703125
Benin,BEN,2006,25.49648094177246
Benin,BEN,2011,37.39508056640625
Benin,BEN,2013,46.5649299621582
Benin,BEN,2014,43.177330017089844
Benin,BEN,2015,45.1002311706543
Benin,BEN,2016,45.847198486328125
Benin,BEN,2020,33.00318145751953
Bermuda,BMU,2001,88.03717041015625
Bermuda,BMU,2002,87.94489288330078
Bermuda,BMU,2003,82.13057708740234
Bermuda,BMU,2004,87.90322875976562
Bermuda,BMU,2005,86.90614318847656
Bermuda,BMU,2006,82.59346008300781
Bermuda,BMU,2011,82.3308334350586
Bermuda,BMU,2012,77.74935913085938
Bermuda,BMU,2015,87.21399688720703
Bhutan,BTN,1976,1.4970899820327759
Bhutan,BTN,1977,2.3389599323272705
Bhutan,BTN,1978,3.345629930496216
Bhutan,BTN,1979,3.4388999938964844
Bhutan,BTN,1988,4.380099773406982
Bhutan,BTN,1993,5.119959831237793
Bhutan,BTN,1994,6.069009780883789
Bhutan,BTN,1998,17.975589752197266
Bhutan,BTN,1999,19.52800941467285
Bhutan,BTN,2000,23.53881072998047
Bhutan,BTN,2001,31.464040756225586
Bhutan,BTN,2004,39.74507141113281
Bhutan,BTN,2006,43.029998779296875
Bhutan,BTN,2007,47.85503005981445
Bhutan,BTN,2008,49.329410552978516
Bhutan,BTN,2009,54.58707046508789
Bhutan,BTN,2010,64.57362365722656
Bhutan,BTN,2011,65.72904968261719
Bhutan,BTN,2012,67.73275756835938
Bhutan,BTN,2013,70.10877227783203
Bhutan,BTN,2014,76.3243637084961
Bhutan,BTN,2015,73.39759063720703
Bhutan,BTN,2016,80.17082214355469
Bhutan,BTN,2017,81.36451721191406
Bhutan,BTN,2018,82.48500061035156
Bhutan,BTN,2019,84.98100280761719
Bhutan,BTN,2020,85.07657623291016
Bolivia,BOL,1973,35.659488677978516
Bolivia,BOL,1990,50.411529541015625
Bolivia,BOL,1991,53.40422058105469
Bolivia,BOL,1992,52.014808654785156
Bolivia,BOL,1993,62.777381896972656
Bolivia,BOL,1994,64.3186264038086
Bolivia,BOL,1995,66.41454315185547
Bolivia,BOL,1996,68.14608764648438
Bolivia,BOL,1997,71.39972686767578
Bolivia,BOL,1998,67.01809692382812
Bolivia,BOL,1999,76.96768188476562
Bolivia,BOL,2000,80.23137664794922
Bolivia,BOL,2001,84.92192077636719
Bolivia,BOL,2002,89.94705200195312
Bolivia,BOL,2003,91.39215850830078
Bolivia,BOL,2004,95.94373321533203
Bolivia,BOL,2005,96.25145721435547
Bolivia,BOL,2006,93.79048156738281
Bolivia,BOL,2007,89.64115142822266
Bolivia,BOL,2008,92.9786605834961
Bolivia,BOL,2009,88.4174575805664
Bolivia,BOL,2010,87.29901123046875
Bolivia,BOL,2011,84.86393737792969
Bolivia,BOL,2012,86.00894165039062
Bolivia,BOL,2013,88.7999496459961
Bolivia,BOL,2014,93.06440734863281
Bolivia,BOL,2015,88.97345733642578
Bolivia,BOL,2016,85.87699127197266
Bolivia,BOL,2017,82.53675842285156
Bolivia,BOL,2018,83.09950256347656
Bolivia,BOL,2019,85.84813690185547
Bosnia and Herzegovina,BIH,2011,28.533449172973633
Bosnia and Herzegovina,BIH,2012,26.88656997680664
Bosnia and Herzegovina,BIH,2013,48.7783203125
Bosnia and Herzegovina,BIH,2014,64.10028839111328
Bosnia and Herzegovina,BIH,2015,71.49482727050781
Bosnia and Herzegovina,BIH,2016,74.5388412475586
Bosnia and Herzegovina,BIH,2017,81.15849304199219
Bosnia and Herzegovina,BIH,2018,94.21224975585938
Botswana,BWA,1985,40.12651824951172
Botswana,BWA,1986,37.60837173461914
Botswana,BWA,1987,36.90810012817383
Botswana,BWA,1988,17.480819702148438
Botswana,BWA,1989,55.197818756103516
Botswana,BWA,1990,53.415401458740234
Botswana,BWA,1991,73.10965728759766
Botswana,BWA,1992,75.53337860107422
Botswana,BWA,1993,88.48130798339844
Botswana,BWA,1994,86.3642807006836
Botswana,BWA,1995,87.61239624023438
Botswana,BWA,1998,91.49788665771484
Botswana,BWA,1999,90.37753295898438
Botswana,BWA,2000,92.25108337402344
Botswana,BWA,2001,91.55921936035156
Botswana,BWA,2002,89.5550308227539
Botswana,BWA,2003,89.27852630615234
Botswana,BWA,2004,90.40534973144531
Botswana,BWA,2005,89.5634536743164
Botswana,BWA,2006,92.43974304199219
Botswana,BWA,2007,89.55075073242188
Botswana,BWA,2008,90.90779876708984
Botswana,BWA,2012,95.46853637695312
Botswana,BWA,2013,93.87333679199219
Botswana,BWA,2014,98.00321197509766
Botswana,BWA,2015,99.07743072509766
Botswana,BWA,2017,92.83197021484375
Brazil,BRA,2004,75.85272216796875
Brazil,BRA,2009,71.62493133544922
Brazil,BRA,2011,71.7501220703125
British Virgin Islands,VGB,1994,86.71328735351562
British Virgin Islands,VGB,2001,91.90030670166016
British Virgin Islands,VGB,2010,86.66667175292969
British Virgin Islands,VGB,2011,86.2694320678711
British Virgin Islands,VGB,2012,87.90122985839844
British Virgin Islands,VGB,2013,70.23809814453125
British Virgin Islands,VGB,2014,76.0465087890625
British Virgin Islands,VGB,2015,91.30435180664062
British Virgin Islands,VGB,2016,98.19004821777344
British Virgin Islands,VGB,2020,73.70892333984375
Brunei,BRN,1973,40.603389739990234
Brunei,BRN,1975,30.80331039428711
Brunei,BRN,1976,42.05226135253906
Brunei,BRN,1977,41.90378189086914
Brunei,BRN,1978,40.05051040649414
Brunei,BRN,1979,41.38798141479492
Brunei,BRN,1980,35.95392990112305
Brunei,BRN,1981,41.516868591308594
Brunei,BRN,1982,43.538570404052734
Brunei,BRN,1983,55.523399353027344
Brunei,BRN,1984,59.451148986816406
Brunei,BRN,1991,54.515869140625
Brunei,BRN,1992,53.57352828979492
Brunei,BRN,1993,55.35578155517578
Brunei,BRN,1994,66.30864715576172
Brunei,BRN,2004,106.04058074951172
Brunei,BRN,2005,103.43099975585938
Brunei,BRN,2006,102.75862121582031
Brunei,BRN,2007,102.55406188964844
Brunei,BRN,2008,101.47547912597656
Brunei,BRN,2009,115.13761138916016
Brunei,BRN,2010,104.31493377685547
Brunei,BRN,2011,101.00361633300781
Brunei,BRN,2012,104.44850158691406
Brunei,BRN,2013,110.66343688964844
Brunei,BRN,2014,105.78666687011719
Brunei,BRN,2015,103.7970962524414
Brunei,BRN,2016,101.48551177978516
Brunei,BRN,2017,102.76275634765625
Brunei,BRN,2018,105.84255981445312
Brunei,BRN,2019,107.1473617553711
Brunei,BRN,2020,110.98651123046875
Bulgaria,BGR,1971,85.08645629882812
Bulgaria,BGR,1972,82.2232666015625
Bulgaria,BGR,1973,82.76307678222656
Bulgaria,BGR,1974,83.93433380126953
Bulgaria,BGR,1975,86.17109680175781
Bulgaria,BGR,1976,89.04673767089844
Bulgaria,BGR,1977,88.26360321044922
Bulgaria,BGR,1978,93.30989837646484
Bulgaria,BGR,1979,83.57974243164062
Bulgaria,BGR,1980,83.40808868408203
Bulgaria,BGR,1981,80.70575714111328
Bulgaria,BGR,1982,82.64054107666016
Bulgaria,BGR,1983,93.7894287109375
Bulgaria,BGR,1984,94.44711303710938
Bulgaria,BGR,1985,90.72432708740234
Bulgaria,BGR,1986,87.78150939941406
Bulgaria,BGR,1987,85.44696807861328
Bulgaria,BGR,1988,90.27375030517578
Bulgaria,BGR,1989,100.6456069946289
Bulgaria,BGR,1990,88.88948059082031
Bulgaria,BGR,1991,84.32723999023438
Bulgaria,BGR,1992,81.53280639648438
Bulgaria,BGR,1993,74.87889099121094
Bulgaria,BGR,1994,75.05835723876953
Bulgaria,BGR,1995,71.35717010498047
Bulgaria,BGR,1996,90.00676727294922
Bulgaria,BGR,1997,91.32013702392578
Bulgaria,BGR,1999,61.23455810546875
Bulgaria,BGR,2017,46.9901008605957
Burkina Faso,BFA,1971,1.15910005569458
Burkina Faso,BFA,1972,1.1460399627685547
Burkina Faso,BFA,1973,1.2045700550079346
Burkina Faso,BFA,1974,1.2694000005722046
Burkina Faso,BFA,1975,1.269950032234192
Burkina Faso,BFA,1976,1.407670021057129
Burkina Faso,BFA,1977,1.4376499652862549
Burkina Faso,BFA,1979,1.526229977607727
Burkina Faso,BFA,1980,2.084700107574463
Burkina Faso,BFA,1981,1.9185600280761719
Burkina Faso,BFA,1982,2.094219923019409
Burkina Faso,BFA,1983,2.362380027770996
Burkina Faso,BFA,1984,2.307149887084961
Burkina Faso,BFA,1986,3.2763900756835938
Burkina Faso,BFA,1988,4.187469959259033
Burkina Faso,BFA,1989,4.922760009765625
Burkina Faso,BFA,1990,5.117159843444824
Burkina Faso,BFA,1991,5.159719944000244
Burkina Faso,BFA,1992,5.745180130004883
Burkina Faso,BFA,1993,5.73321008682251
Burkina Faso,BFA,1994,5.965610027313232
Burkina Faso,BFA,2000,6.543650150299072
Burkina Faso,BFA,2001,7.400169849395752
Burkina Faso,BFA,2003,8.126270294189453
Burkina Faso,BFA,2005,9.892900466918945
Burkina Faso,BFA,2006,10.898280143737793
Burkina Faso,BFA,2007,11.705750465393066
Burkina Faso,BFA,2008,14.737449645996094
Burkina Faso,BFA,2009,15.57863998413086
Burkina Faso,BFA,2010,16.43927001953125
Burkina Faso,BFA,2011,18.06627082824707
Burkina Faso,BFA,2012,20.15291976928711
Burkina Faso,BFA,2013,21.465160369873047
Burkina Faso,BFA,2014,24.725200653076172
Burkina Faso,BFA,2015,27.011579513549805
Burkina Faso,BFA,2016,30.14426040649414
Burkina Faso,BFA,2017,37.009368896484375
Burkina Faso,BFA,2018,42.97488021850586
Burkina Faso,BFA,2019,41.369850158691406
Burkina Faso,BFA,2020,41.36941909790039
Burundi,BDI,1971,0.9598299860954285
Burundi,BDI,1972,0.8549500107765198
Burundi,BDI,1977,1.1518000364303589
Burundi,BDI,1978,1.2351399660110474
Burundi,BDI,1979,1.1739399433135986
Burundi,BDI,1980,1.1122900247573853
Burundi,BDI,1981,1.4296200275421143
Burundi,BDI,1982,1.862089991569519
Burundi,BDI,1983,1.4800200462341309
Burundi,BDI,1984,1.3121099472045898
Burundi,BDI,1985,1.2990000247955322
Burundi,BDI,1986,1.3852800130844116
Burundi,BDI,1987,2.2461800575256348
Burundi,BDI,1988,2.4649100303649902
Burundi,BDI,1989,2.73511004447937
Burundi,BDI,1990,2.996999979019165
Burundi,BDI,1992,4.9876298904418945
Burundi,BDI,1993,5.208360195159912
Burundi,BDI,2004,7.879630088806152
Burundi,BDI,2005,8.239919662475586
Burundi,BDI,2006,9.088179588317871
Burundi,BDI,2008,12.060250282287598
Burundi,BDI,2009,16.42593002319336
Burundi,BDI,2010,16.59922981262207
Burundi,BDI,2011,18.478429794311523
Burundi,BDI,2012,20.295190811157227
Burundi,BDI,2013,23.84695053100586
Burundi,BDI,2014,26.74336051940918
Burundi,BDI,2015,33.87078094482422
Burundi,BDI,2016,40.449310302734375
Burundi,BDI,2017,39.7222900390625
Burundi,BDI,2018,32.57291030883789
Burundi,BDI,2019,29.779869079589844
Burundi,BDI,2021,29.95306968688965
Cambodia,KHM,1997,17.441280364990234
Cambodia,KHM,1999,22.393220901489258
Cambodia,KHM,2001,16.484439849853516
Cambodia,KHM,2002,23.610790252685547
Cambodia,KHM,2003,28.787809371948242
Cambodia,KHM,2004,31.543609619140625
Cambodia,KHM,2005,34.47272872924805
Cambodia,KHM,2006,36.66073989868164
Cambodia,KHM,2007,41.030128479003906
Cambodia,KHM,2008,46.15559005737305
Cambodia,KHM,2010,49.40790939331055
Cambodia,KHM,2011,46.60715866088867
Cambodia,KHM,2012,44.831729888916016
Cambodia,KHM,2013,43.76670837402344
Cambodia,KHM,2014,45.233211517333984
Cambodia,KHM,2015,48.171119689941406
Cambodia,KHM,2016,47.421138763427734
Cambodia,KHM,2017,54.243751525878906
Cambodia,KHM,2018,58.40909957885742
Cambodia,KHM,2019,57.742610931396484
Cambodia,KHM,2020,58.158390045166016
Cameroon,CMR,1971,5.40457010269165
Cameroon,CMR,1972,6.176670074462891
Cameroon,CMR,1973,6.6177802085876465
Cameroon,CMR,1974,7.8797101974487305
Cameroon,CMR,1975,8.890780448913574
Cameroon,CMR,1976,8.940620422363281
Cameroon,CMR,1977,9.698840141296387
Cameroon,CMR,1978,10.523469924926758
Cameroon,CMR,1979,10.767550468444824
Cameroon,CMR,1980,10.854140281677246
Cameroon,CMR,1981,11.64922046661377
Cameroon,CMR,1982,12.12695026397705
Cameroon,CMR,1983,12.841170310974121
Cameroon,CMR,1984,14.040379524230957
Cameroon,CMR,1985,13.924099922180176
Cameroon,CMR,1986,14.966219902038574
Cameroon,CMR,1987,16.140270233154297
Cameroon,CMR,1988,17.294099807739258
Cameroon,CMR,1990,22.626880645751953
Cameroon,CMR,1991,21.4661808013916
Cameroon,CMR,2003,22.50071907043457
Cameroon,CMR,2006,18.535999298095703
Cameroon,CMR,2007,19.9714298248291
Cameroon,CMR,2008,26.35051918029785
Cameroon,CMR,2009,24.793149948120117
Cameroon,CMR,2011,40.85289001464844
Cameroon,CMR,2013,42.05939865112305
Cameroon,CMR,2014,36.4610481262207
Cameroon,CMR,2015,46.39649963378906
Cameroon,CMR,2016,47.17264175415039
Cape Verde,CPV,1980,4.33765983581543
Cape Verde,CPV,1981,5.244060039520264
Cape Verde,CPV,1982,5.718389987945557
Cape Verde,CPV,1983,7.2567901611328125
Cape Verde,CPV,1984,6.13306999206543
Cape Verde,CPV,1985,7.349969863891602
Cape Verde,CPV,1986,8.887749671936035
Cape Verde,CPV,1988,15.059269905090332
Cape Verde,CPV,1990,13.411040306091309
Cape Verde,CPV,1994,24.35494041442871
Cape Verde,CPV,2003,51.7801513671875
Cape Verde,CPV,2004,52.55221176147461
Cape Verde,CPV,2005,53.904441833496094
Cape Verde,CPV,2006,71.48277282714844
Cape Verde,CPV,2007,68.78668212890625
Cape Verde,CPV,2008,73.39633178710938
Cape Verde,CPV,2009,73.70664978027344
Cape Verde,CPV,2010,72.74423217773438
Cape Verde,CPV,2011,80.62029266357422
Cape Verde,CPV,2012,80.77169799804688
Cape Verde,CPV,2013,80.52601623535156
Cape Verde,CPV,2014,78.0549087524414
Cape Verde,CPV,2015,77.1619873046875
Cape Verde,CPV,2016,79.1698989868164
Cape Verde,CPV,2017,81.3042221069336
Cape Verde,CPV,2018,68.22319793701172
Cape Verde,CPV,2019,71.27355194091797
Cayman Islands,CYM,2001,88.4526596069336
Cayman Islands,CYM,2002,87.18486785888672
Cayman Islands,CYM,2004,88.4135513305664
Cayman Islands,CYM,2005,90.23568725585938
Cayman Islands,CYM,2006,81.30989837646484
Cayman Islands,CYM,2007,82.42424011230469
Cayman Islands,CYM,2008,82.61515808105469
Cayman Islands,CYM,2011,91.33126831054688
Cayman Islands,CYM,2012,88.83721160888672
Cayman Islands,CYM,2013,89.52958679199219
Cayman Islands,CYM,2018,80.39734649658203
Cayman Islands,CYM,2020,85.82183074951172
Central African Republic,CAF,1971,3.0399200916290283
Central African Republic,CAF,1972,3.9970901012420654
Central African Republic,CAF,1973,3.6569299697875977
Central African Republic,CAF,1974,5.336410045623779
Central African Republic,CAF,1978,6.6686601638793945
Central African Republic,CAF,1981,8.578689575195312
Central African Republic,CAF,1982,11.248189926147461
Central African Republic,CAF,1983,10.310879707336426
Central African Republic,CAF,1986,13.77163028717041
Central African Republic,CAF,1987,9.335709571838379
Central African Republic,CAF,1988,7.8568902015686035
Central African Republic,CAF,1989,8.121820449829102
Central African Republic,CAF,1990,7.051640033721924
Central African Republic,CAF,1991,7.351099967956543
Central African Republic,CAF,2005,8.531379699707031
Central African Republic,CAF,2009,9.24666976928711
Central African Republic,CAF,2012,12.738369941711426
Central African Republic,CAF,2016,9.811349868774414
Central African Republic,CAF,2017,12.237070083618164
Chad,TCD,1971,1.4455900192260742
Chad,TCD,1974,1.8539600372314453
Chad,TCD,1975,2.342900037765503
Chad,TCD,1988,4.619029998779297
Chad,TCD,1989,4.328929901123047
Chad,TCD,1990,4.960830211639404
Chad,TCD,1991,4.790579795837402
Chad,TCD,1994,6.283659934997559
Chad,TCD,1995,5.934800148010254
Chad,TCD,1996,6.767560005187988
Chad,TCD,2000,8.80741024017334
Chad,TCD,2002,9.880579948425293
Chad,TCD,2003,10.103289604187012
Chad,TCD,2004,10.719090461730957
Chad,TCD,2006,11.744389533996582
Chad,TCD,2009,17.079349517822266
Chad,TCD,2010,16.079179763793945
Chad,TCD,2011,16.469690322875977
Chad,TCD,2012,15.68552017211914
Chad,TCD,2013,17.44693946838379
Chad,TCD,2015,14.797149658203125
Chad,TCD,2016,14.996410369873047
Chad,TCD,2017,15.234230041503906
Chad,TCD,2018,15.039950370788574
Chile,CHL,1970,54.69327926635742
Chile,CHL,1971,61.85490036010742
Chile,CHL,1972,66.61599731445312
Chile,CHL,1973,68.29408264160156
Chile,CHL,1974,67.91909790039062
Chile,CHL,1975,66.71003723144531
Chile,CHL,1976,67.05892944335938
Chile,CHL,1977,69.21399688720703
Chile,CHL,1983,78.8847885131836
Chile,CHL,1997,86.92391204833984
Chile,CHL,2011,94.97573852539062
Chile,CHL,2012,95.60127258300781
Chile,CHL,2013,92.37722778320312
Chile,CHL,2014,96.75611877441406
Chile,CHL,2015,95.8748779296875
Chile,CHL,2016,95.62890625
Chile,CHL,2017,93.8143310546875
Chile,CHL,2018,93.49134063720703
Chile,CHL,2019,94.30049896240234
China,CHN,1990,51.398841857910156
China,CHN,1991,53.418880462646484
China,CHN,1992,57.50355911254883
China,CHN,1993,62.17238998413086
China,CHN,1994,63.092918395996094
China,CHN,1995,65.28263854980469
China,CHN,1996,67.791259765625
China,CHN,1997,75.74609375
China,CHN,2007,98.4672622680664
China,CHN,2008,101.71485900878906
China,CHN,2009,101.4699478149414
China,CHN,2010,99.08818054199219
China,CHN,2011,99.51548767089844
Colombia,COL,1983,33.27996826171875
Colombia,COL,1984,36.5942497253418
Colombia,COL,1985,37.768001556396484
Colombia,COL,1986,42.060829162597656
Colombia,COL,1987,42.99982833862305
Colombia,COL,1988,43.21731948852539
Colombia,COL,1989,43.05141067504883
Colombia,COL,1993,46.86613082885742
Colombia,COL,1998,70.41802215576172
Colombia,COL,2001,60.12485885620117
Colombia,COL,2002,65.35964965820312
Colombia,COL,2004,70.80351257324219
Colombia,COL,2005,75.8519287109375
Colombia,COL,2006,78.21257019042969
Colombia,COL,2007,80.2267074584961
Colombia,COL,2008,82.61653900146484
Colombia,COL,2009,89.43965148925781
Colombia,COL,2010,92.50736999511719
Colombia,COL,2011,91.24649810791016
Colombia,COL,2012,88.20768737792969
Colombia,COL,2013,74.1675033569336
Colombia,COL,2014,74.9432601928711
Colombia,COL,2015,74.64495086669922
Colombia,COL,2016,74.08377838134766
Colombia,COL,2017,73.67666625976562
Colombia,COL,2018,75.72469329833984
Colombia,COL,2019,78.12622833251953
Comoros,COM,1981,28.579660415649414
Comoros,COM,1986,34.495079040527344
Comoros,COM,1987,32.6355094909668
Comoros,COM,1990,22.167709350585938
Comoros,COM,1992,21.194990158081055
Comoros,COM,1993,17.570749282836914
Comoros,COM,2002,28.00598907470703
Comoros,COM,2003,31.479190826416016
Comoros,COM,2004,34.41489028930664
Comoros,COM,2013,45.65420150756836
Comoros,COM,2014,48.31391906738281
Comoros,COM,2017,43.66270065307617
Congo,COG,1971,12.059720039367676
Congo,COG,1972,14.73097038269043
Congo,COG,1973,19.489700317382812
Congo,COG,1974,24.165489196777344
Congo,COG,1975,27.51736068725586
Congo,COG,1976,29.95302963256836
Congo,COG,1977,37.58454895019531
Congo,COG,1978,40.64453125
Congo,COG,1979,44.59189987182617
Congo,COG,1981,48.07157897949219
Congo,COG,1982,45.54153823852539
Congo,COG,1983,37.075008392333984
Congo,COG,1984,39.26171875
Congo,COG,1987,35.47603988647461
Congo,COG,1989,27.040950775146484
Congo,COG,1993,33.17171096801758
Congo,COG,1994,24.415969848632812
Congo,COG,1996,29.52189064025879
Congo,COG,2000,27.22504997253418
Congo,COG,2001,33.49530029296875
Congo,COG,2002,24.18634033203125
Congo,COG,2003,27.11134910583496
Congo,COG,2004,40.20225143432617
Congo,COG,2008,43.210941314697266
Congo,COG,2009,44.25497817993164
Congo,COG,2010,43.41249084472656
Congo,COG,2011,45.38618087768555
Congo,COG,2012,50.10129928588867
Costa Rica,CRI,1970,19.42424964904785
Costa Rica,CRI,1971,21.15958023071289
Costa Rica,CRI,1972,25.978050231933594
Costa Rica,CRI,1980,31.294940948486328
Costa Rica,CRI,1981,32.571250915527344
Costa Rica,CRI,1982,31.430530548095703
Costa Rica,CRI,1983,28.22216033935547
Costa Rica,CRI,1984,26.889440536499023
Costa Rica,CRI,1985,28.23072052001953
Costa Rica,CRI,1986,28.38150978088379
Costa Rica,CRI,1987,27.13665008544922
Costa Rica,CRI,1988,27.770160675048828
Costa Rica,CRI,1989,26.315879821777344
Costa Rica,CRI,1990,28.06804084777832
Costa Rica,CRI,1991,29.097509384155273
Costa Rica,CRI,1992,31.274869918823242
Costa Rica,CRI,1993,29.720989227294922
Costa Rica,CRI,1994,31.51719093322754
Costa Rica,CRI,1995,31.610219955444336
Costa Rica,CRI,1996,31.27998924255371
Costa Rica,CRI,1999,37.98735809326172
Costa Rica,CRI,2000,43.68756103515625
Costa Rica,CRI,2001,42.668331146240234
Costa Rica,CRI,2002,43.92518997192383
Costa Rica,CRI,2004,52.010040283203125
Costa Rica,CRI,2005,56.16020965576172
Costa Rica,CRI,2006,55.81597900390625
Costa Rica,CRI,2007,56.411991119384766
Costa Rica,CRI,2008,58.0157585144043
Costa Rica,CRI,2009,54.77516174316406
Costa Rica,CRI,2010,54.11470031738281
Costa Rica,CRI,2011,53.60002136230469
Costa Rica,CRI,2012,58.538631439208984
Costa Rica,CRI,2013,55.789859771728516
Costa Rica,CRI,2014,58.76533889770508
Costa Rica,CRI,2015,59.00381088256836
Costa Rica,CRI,2016,56.515499114990234
Costa Rica,CRI,2017,59.999168395996094
Costa Rica,CRI,2018,70.298828125
Costa Rica,CRI,2019,73.98821258544922
Costa Rica,CRI,2020,69.22277069091797
Cote d'Ivoire,CIV,1971,8.356490135192871
Cote d'Ivoire,CIV,1973,10.446590423583984
Cote d'Ivoire,CIV,1974,9.83882999420166
Cote d'Ivoire,CIV,1975,10.807999610900879
Cote d'Ivoire,CIV,1976,10.277299880981445
Cote d'Ivoire,CIV,1977,11.034099578857422
Cote d'Ivoire,CIV,1978,11.83644962310791
Cote d'Ivoire,CIV,1979,12.324549674987793
Cote d'Ivoire,CIV,1980,13.624039649963379
Cote d'Ivoire,CIV,1981,15.61935043334961
Cote d'Ivoire,CIV,1982,16.344810485839844
Cote d'Ivoire,CIV,1983,17.063749313354492
Cote d'Ivoire,CIV,1984,17.090330123901367
Cote d'Ivoire,CIV,1985,16.891220092773438
Cote d'Ivoire,CIV,1986,16.717679977416992
Cote d'Ivoire,CIV,1987,15.078700065612793
Cote d'Ivoire,CIV,1988,15.404919624328613
Cote d'Ivoire,CIV,1989,16.29754066467285
Cote d'Ivoire,CIV,1990,16.80537986755371
Cote d'Ivoire,CIV,1991,19.081539154052734
Cote d'Ivoire,CIV,1992,18.0757999420166
Cote d'Ivoire,CIV,1993,18.570350646972656
Cote d'Ivoire,CIV,1994,18.43971061706543
Cote d'Ivoire,CIV,1995,18.310449600219727
Cote d'Ivoire,CIV,1996,17.494150161743164
Cote d'Ivoire,CIV,1997,21.53931999206543
Cote d'Ivoire,CIV,1998,22.544570922851562
Cote d'Ivoire,CIV,2000,23.65958023071289
Cote d'Ivoire,CIV,2001,22.999040603637695
Cote d'Ivoire,CIV,2002,24.758169174194336
Cote d'Ivoire,CIV,2006,26.003530502319336
Cote d'Ivoire,CIV,2007,26.062129974365234
Cote d'Ivoire,CIV,2008,34.069000244140625
Cote d'Ivoire,CIV,2009,32.369110107421875
Cote d'Ivoire,CIV,2011,27.760589599609375
Cote d'Ivoire,CIV,2012,31.021099090576172
Cote d'Ivoire,CIV,2013,34.12900161743164
Cote d'Ivoire,CIV,2014,31.687219619750977
Cote d'Ivoire,CIV,2015,33.99787139892578
Cote d'Ivoire,CIV,2016,38.63138961791992
Cote d'Ivoire,CIV,2017,45.81291961669922
Cote d'Ivoire,CIV,2018,49.357601165771484
Cote d'Ivoire,CIV,2019,52.58440017700195
Cote d'Ivoire,CIV,2020,57.3053092956543
Croatia,HRV,1994,90.1101303100586
Croatia,HRV,1995,89.05896759033203
Croatia,HRV,1996,85.92996215820312
Croatia,HRV,1997,82.44856262207031
Croatia,HRV,1999,85.47406768798828
Croatia,HRV,2000,89.79843139648438
Croatia,HRV,2001,89.85572814941406
Croatia,HRV,2002,91.69670867919922
Croatia,HRV,2003,90.11454772949219
Croatia,HRV,2005,94.94718933105469
Croatia,HRV,2006,97.87799072265625
Croatia,HRV,2007,97.19590759277344
Croatia,HRV,2008,98.87816619873047
Croatia,HRV,2009,101.13324737548828
Croatia,HRV,2010,99.70408630371094
Croatia,HRV,2011,102.13848876953125
Croatia,HRV,2012,96.78730010986328
Croatia,HRV,2016,93.08521270751953
Croatia,HRV,2017,95.61271667480469
Croatia,HRV,2018,98.68070220947266
Croatia,HRV,2019,100.98005676269531
Cuba,CUB,1971,10.137519836425781
Cuba,CUB,1972,9.892930030822754
Cuba,CUB,1973,12.286620140075684
Cuba,CUB,1974,14.364399909973145
Cuba,CUB,1975,18.099990844726562
Cuba,CUB,1976,20.841140747070312
Cuba,CUB,1977,24.760629653930664
Cuba,CUB,1978,48.23073959350586
Cuba,CUB,1979,62.419578552246094
Cuba,CUB,1980,77.53974151611328
Cuba,CUB,1981,78.77735900878906
Cuba,CUB,1982,84.42745971679688
Cuba,CUB,1983,79.7997817993164
Cuba,CUB,1984,78.79962158203125
Cuba,CUB,1985,76.23963928222656
Cuba,CUB,1986,82.54844665527344
Cuba,CUB,1987,75.38606262207031
Cuba,CUB,1988,76.30036163330078
Cuba,CUB,1989,79.02974700927734
Cuba,CUB,1990,80.7283935546875
Cuba,CUB,1991,84.69744110107422
Cuba,CUB,1992,80.63384246826172
Cuba,CUB,1993,77.71806335449219
Cuba,CUB,1994,75.66864776611328
Cuba,CUB,1995,69.1821517944336
Cuba,CUB,1996,66.95056915283203
Cuba,CUB,1997,80.83651733398438
Cuba,CUB,1999,84.28160095214844
Cuba,CUB,2000,94.90400695800781
Cuba,CUB,2001,83.13665008544922
Cuba,CUB,2002,86.36734771728516
Cuba,CUB,2003,89.61683654785156
Cuba,CUB,2004,92.12931823730469
Cuba,CUB,2005,100.53024291992188
Cuba,CUB,2006,97.8099136352539
Cuba,CUB,2007,95.76515197753906
Cuba,CUB,2008,96.4773178100586
Cuba,CUB,2009,93.89900970458984
Cuba,CUB,2010,92.60385131835938
Cuba,CUB,2011,85.87918853759766
Cuba,CUB,2012,92.250732421875
Cuba,CUB,2013,91.62274932861328
Cuba,CUB,2014,92.53015899658203
Cuba,CUB,2015,89.8946533203125
Cuba,CUB,2016,89.17572021484375
Cuba,CUB,2017,93.14277648925781
Cuba,CUB,2018,93.02477264404297
Cuba,CUB,2019,89.33351135253906
Cuba,CUB,2020,86.05069732666016
Cyprus,CYP,1971,47.08203887939453
Cyprus,CYP,1972,48.158321380615234
Cyprus,CYP,1973,63.65671157836914
Cyprus,CYP,1974,62.3166618347168
Cyprus,CYP,1975,58.29615020751953
Cyprus,CYP,1976,59.32664108276367
Cyprus,CYP,1977,58.507171630859375
Cyprus,CYP,1978,61.34564971923828
Cyprus,CYP,1979,64.17485046386719
Cyprus,CYP,1980,57.20220184326172
Cyprus,CYP,1981,63.375091552734375
Cyprus,CYP,1982,68.07198333740234
Cyprus,CYP,1983,62.603759765625
Cyprus,CYP,1984,82.52279663085938
Cyprus,CYP,1985,72.03099822998047
Cyprus,CYP,1986,71.61093139648438
Cyprus,CYP,1987,69.0171127319336
Cyprus,CYP,1988,53.28202819824219
Cyprus,CYP,1990,61.876121520996094
Cyprus,CYP,1993,93.17381286621094
Cyprus,CYP,1994,98.62928771972656
Cyprus,CYP,1995,90.85932159423828
Cyprus,CYP,1996,91.68565368652344
Cyprus,CYP,1997,92.85649871826172
Cyprus,CYP,1999,88.6383285522461
Cyprus,CYP,2000,91.2685775756836
Cyprus,CYP,2001,91.5246810913086
Cyprus,CYP,2002,100.85301971435547
Cyprus,CYP,2003,95.85645294189453
Cyprus,CYP,2004,98.73725891113281
Cyprus,CYP,2005,99.84481811523438
Cyprus,CYP,2006,99.81640625
Cyprus,CYP,2007,86.6277084350586
Cyprus,CYP,2008,99.67532348632812
Cyprus,CYP,2009,100.98400115966797
Cyprus,CYP,2010,94.7114486694336
Cyprus,CYP,2011,92.87139129638672
Cyprus,CYP,2012,95.6126937866211
Cyprus,CYP,2013,96.59719848632812
Cyprus,CYP,2014,100.85157012939453
Cyprus,CYP,2015,97.61321258544922
Cyprus,CYP,2016,98.34835052490234
Cyprus,CYP,2017,98.9419174194336
Cyprus,CYP,2018,95.822509765625
Cyprus,CYP,2019,98.0986099243164
Czechia,CZE,1994,106.58782196044922
Czechia,CZE,1995,98.9954833984375
Czechia,CZE,1996,101.64537811279297
Czechia,CZE,2002,92.04766845703125
Czechia,CZE,2003,91.58660888671875
Czechia,CZE,2004,91.82942199707031
Czechia,CZE,2005,91.95054626464844
Czechia,CZE,2006,99.21669006347656
Czechia,CZE,2007,94.0914306640625
Czechia,CZE,2008,94.98961639404297
Czechia,CZE,2009,94.65381622314453
Czechia,CZE,2010,86.63262939453125
Czechia,CZE,2011,88.61505889892578
Czechia,CZE,2012,92.1709976196289
Czechia,CZE,2013,96.78569030761719
Czechia,CZE,2014,98.05776977539062
Czechia,CZE,2015,98.93682861328125
Czechia,CZE,2016,96.9542236328125
Czechia,CZE,2017,95.52796173095703
Czechia,CZE,2018,93.91185760498047
Czechia,CZE,2019,91.96784973144531
Democratic Republic of Congo,COD,1971,12.019399642944336
Democratic Republic of Congo,COD,1972,13.440719604492188
Democratic Republic of Congo,COD,1974,13.586370468139648
Democratic Republic of Congo,COD,1992,10.7389497756958
Democratic Republic of Congo,COD,1993,12.060259819030762
Democratic Republic of Congo,COD,1994,15.905570030212402
Democratic Republic of Congo,COD,2012,41.537078857421875
Democratic Republic of Congo,COD,2013,42.339359283447266
Democratic Republic of Congo,COD,2014,50.43238830566406
Denmark,DNK,2008,99.21456146240234
Denmark,DNK,2009,97.11873626708984
Denmark,DNK,2010,97.80104064941406
Denmark,DNK,2011,99.7081527709961
Denmark,DNK,2012,96.37104034423828
Denmark,DNK,2013,97.55674743652344
Denmark,DNK,2014,95.83186340332031
Denmark,DNK,2015,97.59461212158203
Denmark,DNK,2016,99.45043182373047
Denmark,DNK,2017,99.39810180664062
Denmark,DNK,2018,99.3786392211914
Denmark,DNK,2019,103.61701965332031
Djibouti,DJI,1973,4.01216983795166
Djibouti,DJI,1974,4.237289905548096
Djibouti,DJI,1975,4.543310165405273
Djibouti,DJI,1976,3.1509499549865723
Djibouti,DJI,1986,7.771279811859131
Djibouti,DJI,1987,8.696499824523926
Djibouti,DJI,1988,8.478139877319336
Djibouti,DJI,1989,8.819009780883789
Djibouti,DJI,1992,8.69441032409668
Djibouti,DJI,1993,7.489840030670166
Djibouti,DJI,1996,10.37343978881836
Djibouti,DJI,1997,11.18943977355957
Djibouti,DJI,1999,13.946869850158691
Djibouti,DJI,2000,14.458060264587402
Djibouti,DJI,2002,17.271129608154297
Djibouti,DJI,2005,19.013900756835938
Djibouti,DJI,2006,20.611919403076172
Djibouti,DJI,2007,21.583850860595703
Djibouti,DJI,2008,22.59572982788086
Djibouti,DJI,2009,32.05598068237305
Djibouti,DJI,2011,50.184871673583984
Djibouti,DJI,2012,47.79492950439453
Djibouti,DJI,2013,43.07794189453125
Djibouti,DJI,2014,42.23041915893555
Djibouti,DJI,2015,44.57154846191406
Djibouti,DJI,2016,43.27186965942383
Djibouti,DJI,2017,47.116119384765625
Djibouti,DJI,2018,49.225120544433594
Djibouti,DJI,2019,49.93653106689453
Djibouti,DJI,2020,49.81560134887695
Djibouti,DJI,2021,55.00905990600586
Dominica,DMA,1988,90.44908142089844
Dominica,DMA,2003,106.12088775634766
Dominica,DMA,2004,101.83283996582031
Dominica,DMA,2005,92.36062622070312
Dominica,DMA,2006,85.8823471069336
Dominica,DMA,2007,81.32417297363281
Dominica,DMA,2008,79.24066162109375
Dominica,DMA,2009,82.2097396850586
Dominica,DMA,2010,77.9594497680664
Dominica,DMA,2011,80.02735900878906
Dominica,DMA,2012,82.34870147705078
Dominica,DMA,2013,73.97260284423828
Dominica,DMA,2014,87.1692123413086
Dominica,DMA,2015,90.69374084472656
Dominican Republic,DOM,1994,48.05923843383789
Dominican Republic,DOM,1999,57.491920471191406
Dominican Republic,DOM,2000,60.7866096496582
Dominican Republic,DOM,2002,64.12970733642578
Dominican Republic,DOM,2004,72.3968276977539
Dominican Republic,DOM,2005,75.25054931640625
Dominican Republic,DOM,2007,80.47181701660156
Dominican Republic,DOM,2008,85.7294692993164
Dominican Republic,DOM,2009,82.16031646728516
Dominican Republic,DOM,2010,83.52984619140625
Dominican Republic,DOM,2011,76.53803253173828
Dominican Republic,DOM,2012,75.78302764892578
Dominican Republic,DOM,2013,77.92019653320312
Dominican Republic,DOM,2014,77.73143768310547
Dominican Republic,DOM,2015,78.42523193359375
Dominican Republic,DOM,2016,84.59304809570312
Dominican Republic,DOM,2017,85.3822021484375
Dominican Republic,DOM,2018,89.3466567993164
Dominican Republic,DOM,2019,83.62653350830078
Dominican Republic,DOM,2020,85.31755828857422
East Asia and Pacific,,1989,54.593101501464844
East Asia and Pacific,,1990,54.84608840942383
East Asia and Pacific,,1991,56.258460998535156
East Asia and Pacific,,1992,59.001991271972656
East Asia and Pacific,,1993,62.01066970825195
East Asia and Pacific,,1994,62.782981872558594
East Asia and Pacific,,1995,64.24111938476562
East Asia and Pacific,,1996,66.14132690429688
East Asia and Pacific,,1997,71.05130004882812
East Asia and Pacific,,1998,72.83621215820312
East Asia and Pacific,,1999,74.65972137451172
East Asia and Pacific,,2000,76.89192199707031
East Asia and Pacific,,2001,78.8433837890625
East Asia and Pacific,,2002,81.35752868652344
East Asia and Pacific,,2003,83.96975708007812
East Asia and Pacific,,2004,86.21482849121094
East Asia and Pacific,,2005,86.8907699584961
East Asia and Pacific,,2006,87.97370147705078
East Asia and Pacific,,2007,89.39827728271484
East Asia and Pacific,,2008,91.21041870117188
East Asia and Pacific,,2009,91.77703857421875
East Asia and Pacific,,2010,90.94209289550781
East Asia and Pacific,,2011,91.7210922241211
East Asia and Pacific,,2012,88.90357971191406
East Asia and Pacific,,2013,87.04923248291016
East Asia and Pacific,,2014,84.12261962890625
East Asia and Pacific,,2015,86.41221618652344
East Asia and Pacific,,2016,87.38368225097656
East Asia and Pacific,,2017,86.47786712646484
East Asia and Pacific,,2018,86.29859161376953
East Asia and Pacific,,2019,89.36428833007812
East Asia and Pacific,,2020,91.68305969238281
Ecuador,ECU,1971,23.803340911865234
Ecuador,ECU,1972,25.132829666137695
Ecuador,ECU,1975,31.791900634765625
Ecuador,ECU,1976,35.723140716552734
Ecuador,ECU,1977,37.38779830932617
Ecuador,ECU,1978,40.53767013549805
Ecuador,ECU,1979,42.89937973022461
Ecuador,ECU,1981,46.21112823486328
Ecuador,ECU,1982,48.551170349121094
Ecuador,ECU,1983,49.7724609375
Ecuador,ECU,1984,48.865230560302734
Ecuador,ECU,1985,51.57204818725586
Ecuador,ECU,1994,48.60087966918945
Ecuador,ECU,1999,56.724220275878906
Ecuador,ECU,2000,57.12361145019531
Ecuador,ECU,2001,56.77544021606445
Ecuador,ECU,2002,57.16524124145508
Ecuador,ECU,2003,57.298709869384766
Ecuador,ECU,2004,58.56632995605469
Ecuador,ECU,2005,60.70466995239258
Ecuador,ECU,2006,62.37028884887695
Ecuador,ECU,2007,64.32952880859375
Ecuador,ECU,2009,79.6001968383789
Ecuador,ECU,2010,84.9476318359375
Ecuador,ECU,2011,82.43829345703125
Ecuador,ECU,2012,83.96199035644531
Ecuador,ECU,2013,91.2951889038086
Ecuador,ECU,2014,98.2381591796875
Ecuador,ECU,2015,101.1498031616211
Ecuador,ECU,2016,100.4854965209961
Ecuador,ECU,2017,97.76213073730469
Ecuador,ECU,2018,96.82608032226562
Ecuador,ECU,2019,96.02420043945312
Ecuador,ECU,2020,102.3216323852539
Egypt,EGY,1975,34.85084915161133
Egypt,EGY,1976,37.05984115600586
Egypt,EGY,1977,41.555809020996094
Egypt,EGY,1978,48.44171142578125
Egypt,EGY,1979,46.55720901489258
Egypt,EGY,1980,47.50679016113281
Egypt,EGY,1983,48.007591247558594
Egypt,EGY,1994,69.19650268554688
Egypt,EGY,2002,84.45278930664062
Egypt,EGY,2003,80.32718658447266
Egypt,EGY,2004,78.19512176513672
Egypt,EGY,2009,71.62684631347656
Egypt,EGY,2013,77.67755889892578
Egypt,EGY,2014,77.20571899414062
Egypt,EGY,2016,83.54232025146484
Egypt,EGY,2017,82.39573669433594
Egypt,EGY,2018,84.57682800292969
Egypt,EGY,2019,88.41783142089844
El Salvador,SLV,1970,15.484330177307129
El Salvador,SLV,1971,17.28447914123535
El Salvador,SLV,1972,20.476350784301758
El Salvador,SLV,1973,24.205949783325195
El Salvador,SLV,1974,29.47088050842285
El Salvador,SLV,1975,33.557159423828125
El Salvador,SLV,1976,35.89439010620117
El Salvador,SLV,1977,37.57923889160156
El Salvador,SLV,1981,32.83623123168945
El Salvador,SLV,1982,36.93735122680664
El Salvador,SLV,1983,38.99365997314453
El Salvador,SLV,1984,39.57917022705078
El Salvador,SLV,1987,37.33477020263672
El Salvador,SLV,1988,39.91598892211914
El Salvador,SLV,1989,41.790828704833984
El Salvador,SLV,1991,44.1414794921875
El Salvador,SLV,1992,45.288429260253906
El Salvador,SLV,1993,47.66815185546875
El Salvador,SLV,1995,53.929988861083984
El Salvador,SLV,1996,53.93743133544922
El Salvador,SLV,2001,63.34788131713867
El Salvador,SLV,2002,67.9228286743164
El Salvador,SLV,2003,72.69349670410156
El Salvador,SLV,2005,73.6662826538086
El Salvador,SLV,2006,70.94586181640625
El Salvador,SLV,2007,70.0670166015625
El Salvador,SLV,2008,70.40786743164062
El Salvador,SLV,2009,72.1769790649414
El Salvador,SLV,2010,77.70577239990234
El Salvador,SLV,2011,81.02259063720703
El Salvador,SLV,2012,82.72879791259766
El Salvador,SLV,2013,80.70025634765625
El Salvador,SLV,2014,80.75428009033203
El Salvador,SLV,2015,83.0759506225586
El Salvador,SLV,2016,79.5585708618164
El Salvador,SLV,2017,77.8493881225586
El Salvador,SLV,2018,77.42192840576172
Equatorial Guinea,GNQ,2000,12.49407958984375
Equatorial Guinea,GNQ,2005,19.66152000427246
Equatorial Guinea,GNQ,2011,26.890600204467773
Equatorial Guinea,GNQ,2012,28.843069076538086
Equatorial Guinea,GNQ,2015,24.197349548339844
Eritrea,ERI,1994,19.303369522094727
Eritrea,ERI,1995,23.705520629882812
Eritrea,ERI,1996,26.108959197998047
Eritrea,ERI,1997,25.062549591064453
Eritrea,ERI,1999,37.23603057861328
Eritrea,ERI,2000,37.32304000854492
Eritrea,ERI,2001,35.4019889831543
Eritrea,ERI,2002,39.91184997558594
Eritrea,ERI,2003,37.25859069824219
Eritrea,ERI,2004,39.037818908691406
Eritrea,ERI,2006,43.62208938598633
Eritrea,ERI,2007,46.80738067626953
Eritrea,ERI,2008,48.74066925048828
Eritrea,ERI,2009,55.139060974121094
Eritrea,ERI,2010,58.2789306640625
Eritrea,ERI,2015,52.411888122558594
Eritrea,ERI,2017,47.207191467285156
Eritrea,ERI,2018,51.1645393371582
Estonia,EST,1995,89.89306640625
Estonia,EST,1996,94.61068725585938
Estonia,EST,1999,91.30034637451172
Estonia,EST,2000,90.01629638671875
Estonia,EST,2001,90.1282730102539
Estonia,EST,2002,93.96417999267578
Estonia,EST,2004,100.28160095214844
Estonia,EST,2005,104.53211212158203
Estonia,EST,2006,107.08500671386719
Estonia,EST,2008,103.61801147460938
Estonia,EST,2009,98.93314361572266
Estonia,EST,2010,97.65381622314453
Estonia,EST,2011,97.51712799072266
Estonia,EST,2012,100.7020034790039
Estonia,EST,2013,104.84268188476562
Estonia,EST,2014,105.28653717041016
Estonia,EST,2015,107.41864013671875
Estonia,EST,2016,107.96253204345703
Estonia,EST,2017,104.41957092285156
Estonia,EST,2018,102.23782348632812
Estonia,EST,2019,100.912353515625
Eswatini,SWZ,1970,16.193889617919922
Eswatini,SWZ,1971,15.932829856872559
Eswatini,SWZ,1972,18.347139358520508
Eswatini,SWZ,1973,21.53973960876465
Eswatini,SWZ,1974,26.020360946655273
Eswatini,SWZ,1975,27.00455093383789
Eswatini,SWZ,1976,28.97260093688965
Eswatini,SWZ,1977,33.55208969116211
Eswatini,SWZ,1978,35.100669860839844
Eswatini,SWZ,1979,35.307308197021484
Eswatini,SWZ,1980,36.35280990600586
Eswatini,SWZ,1981,35.904850006103516
Eswatini,SWZ,1982,37.31394958496094
Eswatini,SWZ,1983,37.495811462402344
Eswatini,SWZ,1984,36.376399993896484
Eswatini,SWZ,1985,34.96244812011719
Eswatini,SWZ,1986,32.239200592041016
Eswatini,SWZ,1987,32.461021423339844
Eswatini,SWZ,1988,31.72757911682129
Eswatini,SWZ,1989,36.304351806640625
Eswatini,SWZ,1990,33.326820373535156
Eswatini,SWZ,1991,38.164161682128906
Eswatini,SWZ,1992,41.586368560791016
Eswatini,SWZ,1993,39.0458984375
Eswatini,SWZ,1994,39.19721984863281
Eswatini,SWZ,1995,38.797950744628906
Eswatini,SWZ,1996,37.318870544433594
Eswatini,SWZ,1998,38.437408447265625
Eswatini,SWZ,1999,34.174930572509766
Eswatini,SWZ,2000,33.75621032714844
Eswatini,SWZ,2001,34.70610046386719
Eswatini,SWZ,2002,37.424171447753906
Eswatini,SWZ,2003,35.35322952270508
Eswatini,SWZ,2004,39.33086013793945
Eswatini,SWZ,2005,41.70880126953125
Eswatini,SWZ,2006,47.18980026245117
Eswatini,SWZ,2007,49.5366096496582
Eswatini,SWZ,2009,49.3201789855957
Eswatini,SWZ,2010,52.606929779052734
Eswatini,SWZ,2011,51.816890716552734
Eswatini,SWZ,2012,51.96464157104492
Eswatini,SWZ,2013,55.34272003173828
Eswatini,SWZ,2014,53.125
Eswatini,SWZ,2015,53.190120697021484
Eswatini,SWZ,2016,62.661041259765625
Eswatini,SWZ,2017,67.44851684570312
Eswatini,SWZ,2019,69.75833892822266
Ethiopia,ETH,1987,17.544979095458984
Ethiopia,ETH,1988,19.015819549560547
Ethiopia,ETH,1994,11.830269813537598
Ethiopia,ETH,1995,11.276849746704102
Ethiopia,ETH,1996,10.826120376586914
Ethiopia,ETH,1999,8.314800262451172
Ethiopia,ETH,2005,19.212509155273438
Ethiopia,ETH,2008,29.412830352783203
Ethiopia,ETH,2009,27.757570266723633
Ethiopia,ETH,2010,28.535280227661133
Ethiopia,ETH,2012,25.631349563598633
Ethiopia,ETH,2014,29.194080352783203
Ethiopia,ETH,2015,29.46479034423828
Europe and Central Asia,,1976,81.0850830078125
Europe and Central Asia,,1977,80.90765380859375
Europe and Central Asia,,1978,77.549072265625
Europe and Central Asia,,1979,81.2676010131836
Europe and Central Asia,,1980,80.83264923095703
Europe and Central Asia,,1981,80.57180786132812
Europe and Central Asia,,1982,79.9714126586914
Europe and Central Asia,,1983,79.70130157470703
Europe and Central Asia,,1984,80.0682373046875
Europe and Central Asia,,1985,80.71308898925781
Europe and Central Asia,,1986,81.19351196289062
Europe and Central Asia,,1987,81.67317962646484
Europe and Central Asia,,1988,78.32859802246094
Europe and Central Asia,,1989,83.37162780761719
Europe and Central Asia,,1990,83.6449203491211
Europe and Central Asia,,1991,84.20733642578125
Europe and Central Asia,,1992,84.54582977294922
Europe and Central Asia,,1993,84.9100112915039
Europe and Central Asia,,1994,84.81111145019531
Europe and Central Asia,,1995,85.15242767333984
Europe and Central Asia,,1996,86.29035186767578
Europe and Central Asia,,1997,87.0750503540039
Europe and Central Asia,,1998,87.8998031616211
Europe and Central Asia,,1999,88.75135040283203
Europe and Central Asia,,2000,88.41136169433594
Europe and Central Asia,,2001,89.60472869873047
Europe and Central Asia,,2002,91.2890625
Europe and Central Asia,,2003,91.77883911132812
Europe and Central Asia,,2004,91.16776275634766
Europe and Central Asia,,2005,91.34281158447266
Europe and Central Asia,,2006,91.24532318115234
Europe and Central Asia,,2007,91.21753692626953
Europe and Central Asia,,2008,90.8721923828125
Europe and Central Asia,,2009,88.810546875
Europe and Central Asia,,2010,93.68010711669922
Europe and Central Asia,,2011,94.33513641357422
Europe and Central Asia,,2012,93.79589080810547
Europe and Central Asia,,2013,94.25509643554688
Europe and Central Asia,,2014,95.28282928466797
Europe and Central Asia,,2015,95.13641357421875
Europe and Central Asia,,2016,95.12055969238281
Europe and Central Asia,,2017,95.1620101928711
Europe and Central Asia,,2018,95.76895141601562
Europe and Central Asia,,2019,96.40087127685547
Europe and Central Asia,,2020,96.40675354003906
European Union,,1971,77.72657012939453
European Union,,1972,77.61813354492188
European Union,,1973,78.36322021484375
European Union,,1974,78.91777038574219
European Union,,1975,79.55072021484375
European Union,,1976,80.32140350341797
European Union,,1977,80.69670867919922
European Union,,1978,74.93617248535156
European Union,,1979,82.2267074584961
European Union,,1980,82.21460723876953
European Union,,1981,81.64974212646484
European Union,,1982,80.93698120117188
European Union,,1983,80.93927001953125
European Union,,1984,81.35832977294922
European Union,,1985,82.17787170410156
European Union,,1986,82.91596221923828
European Union,,1987,83.88358306884766
European Union,,1988,78.2156982421875
European Union,,1989,87.27281188964844
European Union,,1990,87.77887725830078
European Union,,1991,88.31391143798828
European Union,,1992,88.77481079101562
European Union,,1993,89.09053802490234
European Union,,1994,88.62371063232422
European Union,,1995,88.36356353759766
European Union,,1996,89.05268096923828
European Union,,1997,89.4587173461914
European Union,,1998,89.74665832519531
European Union,,1999,90.04241180419922
European Union,,2000,90.44761657714844
European Union,,2001,90.82560729980469
European Union,,2002,91.62532043457031
European Union,,2003,92.1505126953125
European Union,,2004,93.12637329101562
European Union,,2005,93.50665283203125
European Union,,2006,94.51412963867188
European Union,,2007,94.04759979248047
European Union,,2008,93.9052734375
European Union,,2009,93.62986755371094
European Union,,2010,93.4542007446289
European Union,,2011,94.79440307617188
European Union,,2012,94.41261291503906
European Union,,2013,94.53375244140625
European Union,,2014,94.99376678466797
European Union,,2015,94.97480010986328
European Union,,2016,95.26879119873047
European Union,,2017,95.8077163696289
European Union,,2018,95.64349365234375
European Union,,2019,95.58146667480469
European Union,,2020,95.58895874023438
Fiji,FJI,1972,41.17647171020508
Fiji,FJI,1973,49.710670471191406
Fiji,FJI,1974,55.958831787109375
Fiji,FJI,1977,68.19319915771484
Fiji,FJI,1979,66.21717834472656
Fiji,FJI,1980,65.4247817993164
Fiji,FJI,1981,63.475608825683594
Fiji,FJI,1983,62.67522048950195
Fiji,FJI,1984,63.921180725097656
Fiji,FJI,1985,61.76667022705078
Fiji,FJI,1986,58.475990295410156
Fiji,FJI,2003,90.54036712646484
Fiji,FJI,2004,91.3746337890625
Fiji,FJI,2008,92.73339080810547
Fiji,FJI,2009,89.07023620605469
Fiji,FJI,2011,97.59725189208984
Fiji,FJI,2012,96.3536605834961
Fiji,FJI,2013,101.0780029296875
Fiji,FJI,2015,101.97219848632812
Fiji,FJI,2016,102.56427764892578
Finland,FIN,1987,105.09417724609375
Finland,FIN,1988,105.8756332397461
Finland,FIN,1989,103.88803100585938
Finland,FIN,1990,111.34089660644531
Finland,FIN,1991,113.44042205810547
Finland,FIN,1992,114.19696044921875
Finland,FIN,1993,109.06033325195312
Finland,FIN,1994,104.24854278564453
Finland,FIN,2004,104.26985931396484
Finland,FIN,2005,103.398681640625
Finland,FIN,2007,99.87738800048828
Finland,FIN,2009,96.35220336914062
Finland,FIN,2010,97.75357055664062
Finland,FIN,2011,98.72907257080078
Finland,FIN,2012,97.87515258789062
Finland,FIN,2013,98.6672592163086
Finland,FIN,2014,98.1656494140625
Finland,FIN,2015,100.0937728881836
Finland,FIN,2016,99.84461212158203
Finland,FIN,2017,99.47028350830078
Finland,FIN,2018,99.4887924194336
Finland,FIN,2019,101.24671936035156
France,FRA,1977,69.00318908691406
France,FRA,1978,69.47151947021484
France,FRA,1979,71.10343170166016
France,FRA,1980,72.06095886230469
France,FRA,1982,61.28837966918945
France,FRA,1983,61.493778228759766
France,FRA,1985,64.7369613647461
France,FRA,1986,66.603271484375
France,FRA,1987,70.17484283447266
France,FRA,1989,80.2021484375
France,FRA,1990,82.56226348876953
France,FRA,1991,85.47714233398438
France,FRA,1992,90.10987091064453
France,FRA,1993,92.46936798095703
France,FRA,1994,83.60951232910156
France,FRA,1995,84.78045654296875
France,FRA,1996,85.19789123535156
France,FRA,2005,89.91944122314453
France,FRA,2006,98.26522827148438
France,FRA,2007,97.34452819824219
France,FRA,2008,99.46753692626953
France,FRA,2009,97.72740173339844
France,FRA,2010,96.58065032958984
France,FRA,2011,97.19853973388672
France,FRA,2012,98.71588134765625
France,FRA,2013,97.2954330444336
France,FRA,2014,97.228271484375
France,FRA,2015,96.09105682373047
France,FRA,2016,98.45285034179688
France,FRA,2017,99.64927673339844
France,FRA,2018,99.34403991699219
France,FRA,2019,99.4556884765625
French Polynesia,PYF,1993,60.16761016845703
Gabon,GAB,1971,10.164810180664062
Gabon,GAB,1972,11.623470306396484
Gabon,GAB,1973,13.406120300292969
Gabon,GAB,1974,16.709829330444336
Gabon,GAB,1980,17.372299194335938
Gabon,GAB,1981,16.527469635009766
Gabon,GAB,1983,14.949769973754883
Gabon,GAB,1984,16.009769439697266
Gabon,GAB,1985,16.408000946044922
Gabon,GAB,1986,16.442230224609375
Gabon,GAB,1987,15.70829963684082
Gabon,GAB,1988,15.77495002746582
Gabon,GAB,1995,21.600460052490234
Gabon,GAB,2019,59.26791000366211
Gambia,GMB,1974,10.534560203552246
Gambia,GMB,1976,11.572699546813965
Gambia,GMB,1977,12.314189910888672
Gambia,GMB,1978,11.675589561462402
Gambia,GMB,1979,14.083769798278809
Gambia,GMB,1980,14.253990173339844
Gambia,GMB,1981,14.691710472106934
Gambia,GMB,1982,15.325610160827637
Gambia,GMB,1983,16.52988052368164
Gambia,GMB,1984,17.859779357910156
Gambia,GMB,1985,19.83946990966797
Gambia,GMB,1986,21.649200439453125
Gambia,GMB,1987,21.538660049438477
Gambia,GMB,1999,38.08993911743164
Gambia,GMB,2000,40.1999397277832
Gambia,GMB,2001,39.46977996826172
Gambia,GMB,2002,38.55857849121094
Gambia,GMB,2003,47.98786163330078
Gambia,GMB,2004,54.129058837890625
Gambia,GMB,2005,58.674869537353516
Gambia,GMB,2006,57.759071350097656
Gambia,GMB,2007,54.611820220947266
Gambia,GMB,2008,49.46828842163086
Gambia,GMB,2009,51.87958908081055
Gambia,GMB,2010,52.143890380859375
Gambia,GMB,2011,56.3013916015625
Gambia,GMB,2012,58.101661682128906
Gambia,GMB,2013,58.798641204833984
Gambia,GMB,2014,59.20899963378906
Gambia,GMB,2015,59.79066848754883
Gambia,GMB,2016,56.82075881958008
Gambia,GMB,2017,55.298561096191406
Gambia,GMB,2018,56.29621887207031
Gambia,GMB,2019,56.0123405456543
Gambia,GMB,2020,57.58168029785156
Gambia,GMB,2021,61.8172492980957
Georgia,GEO,1995,75.7747802734375
Georgia,GEO,1996,74.89779663085938
Georgia,GEO,1997,79.72866821289062
Georgia,GEO,1999,88.52664947509766
Georgia,GEO,2000,91.25122833251953
Georgia,GEO,2001,91.27194213867188
Georgia,GEO,2002,92.21308898925781
Georgia,GEO,2003,90.1045913696289
Georgia,GEO,2004,92.5615463256836
Georgia,GEO,2005,106.1359634399414
Georgia,GEO,2006,107.42040252685547
Georgia,GEO,2007,106.38275146484375
Georgia,GEO,2008,97.42311096191406
Georgia,GEO,2009,93.15206909179688
Georgia,GEO,2010,99.63133239746094
Georgia,GEO,2012,103.41425323486328
Georgia,GEO,2013,104.99958801269531
Georgia,GEO,2014,97.99928283691406
Georgia,GEO,2015,101.77565002441406
Georgia,GEO,2016,103.38188171386719
Georgia,GEO,2017,103.32939910888672
Georgia,GEO,2018,101.8094482421875
Georgia,GEO,2019,113.86927795410156
Georgia,GEO,2020,111.9635009765625
Germany,DEU,1993,72.6692123413086
Germany,DEU,1994,74.71337127685547
Germany,DEU,1995,74.79222869873047
Germany,DEU,1996,76.53816986083984
Germany,DEU,1997,77.43868255615234
Ghana,GHA,1971,46.883419036865234
Ghana,GHA,1972,48.123291015625
Ghana,GHA,1974,49.39997100830078
Ghana,GHA,1975,48.001590728759766
Ghana,GHA,1989,41.81156921386719
Ghana,GHA,1991,55.43989181518555
Ghana,GHA,1992,59.50981140136719
Ghana,GHA,1999,52.681549072265625
Ghana,GHA,2000,53.37593078613281
Ghana,GHA,2001,49.51353073120117
Ghana,GHA,2002,53.53757095336914
Ghana,GHA,2003,50.7116813659668
Ghana,GHA,2004,52.1698112487793
Ghana,GHA,2005,55.304100036621094
Ghana,GHA,2008,63.36909103393555
Ghana,GHA,2009,69.6990966796875
Ghana,GHA,2011,64.42613983154297
Ghana,GHA,2012,63.2622184753418
Ghana,GHA,2013,66.30104064941406
Ghana,GHA,2014,65.55722045898438
Ghana,GHA,2015,74.09867858886719
Ghana,GHA,2017,73.45259857177734
Ghana,GHA,2018,78.04167938232422
Ghana,GHA,2019,78.1767807006836
Gibraltar,GIB,2016,79.11392211914062
Gibraltar,GIB,2017,98.72339630126953
Gibraltar,GIB,2019,98.49462127685547
Gibraltar,GIB,2020,91.77488708496094
Greece,GRC,1971,48.97193908691406
Greece,GRC,1972,48.78390121459961
Greece,GRC,1973,54.04806137084961
Greece,GRC,1974,53.65093994140625
Greece,GRC,1975,56.17546081542969
Greece,GRC,1976,59.096500396728516
Greece,GRC,1977,61.89611053466797
Greece,GRC,1978,63.46205139160156
Greece,GRC,1979,67.49413299560547
Greece,GRC,1980,72.74787902832031
Greece,GRC,1982,80.74835205078125
Greece,GRC,1983,80.6666030883789
Greece,GRC,1984,77.71949005126953
Greece,GRC,1985,80.8238296508789
Greece,GRC,1986,82.60417175292969
Greece,GRC,1987,85.74510955810547
Greece,GRC,1988,86.1523666381836
Greece,GRC,1989,88.50482177734375
Greece,GRC,1990,84.39459228515625
Greece,GRC,1991,84.80835723876953
Greece,GRC,1992,83.36331176757812
Greece,GRC,2005,90.08999633789062
Greece,GRC,2006,86.49993133544922
Greece,GRC,2007,95.09723663330078
Greece,GRC,2010,98.71601867675781
Greece,GRC,2011,95.45001220703125
Greece,GRC,2012,95.72358703613281
Greece,GRC,2013,92.64518737792969
Greece,GRC,2014,89.20694732666016
Greece,GRC,2015,94.03723907470703
Greece,GRC,2016,92.5322036743164
Greece,GRC,2017,94.79083251953125
Greece,GRC,2018,94.27149200439453
Greece,GRC,2019,93.94551849365234
Grenada,GRD,1983,50.82732009887695
Grenada,GRD,1993,83.46636199951172
Grenada,GRD,2002,97.58941650390625
Grenada,GRD,2003,98.41017150878906
Grenada,GRD,2005,89.65516662597656
Grenada,GRD,2007,85.580078125
Grenada,GRD,2008,90.79074096679688
Grenada,GRD,2009,109.14031982421875
Grenada,GRD,2013,108.3195571899414
Grenada,GRD,2014,106.7087173461914
Grenada,GRD,2015,98.43843841552734
Grenada,GRD,2016,102.58023834228516
Grenada,GRD,2017,104.77454376220703
Grenada,GRD,2018,106.6802978515625
Guatemala,GTM,1971,7.860469818115234
Guatemala,GTM,1975,10.630120277404785
Guatemala,GTM,1976,12.805259704589844
Guatemala,GTM,1979,17.701610565185547
Guatemala,GTM,1980,17.842649459838867
Guatemala,GTM,1999,26.85059928894043
Guatemala,GTM,2000,29.597360610961914
Guatemala,GTM,2001,32.795291900634766
Guatemala,GTM,2002,36.62028884887695
Guatemala,GTM,2004,40.04302978515625
Guatemala,GTM,2005,41.556129455566406
Guatemala,GTM,2006,45.36431884765625
Guatemala,GTM,2007,47.095550537109375
Guatemala,GTM,2008,49.17168045043945
Guatemala,GTM,2009,51.18574142456055
Guatemala,GTM,2010,55.63240051269531
Guatemala,GTM,2011,59.0926513671875
Guatemala,GTM,2012,58.74863815307617
Guatemala,GTM,2013,56.77069091796875
Guatemala,GTM,2014,58.434410095214844
Guatemala,GTM,2015,61.6987190246582
Guatemala,GTM,2016,62.63901901245117
Guatemala,GTM,2017,56.93645095825195
Guatemala,GTM,2018,56.40378189086914
Guatemala,GTM,2019,56.37297821044922
Guatemala,GTM,2020,56.2198486328125
Guinea,GIN,1980,11.707090377807617
Guinea,GIN,1981,8.592209815979004
Guinea,GIN,1985,8.907750129699707
Guinea,GIN,1986,7.55472993850708
Guinea,GIN,1987,6.988269805908203
Guinea,GIN,1988,5.654729843139648
Guinea,GIN,1989,6.334060192108154
Guinea,GIN,1990,6.937759876251221
Guinea,GIN,1991,8.10216999053955
Guinea,GIN,1992,7.922749996185303
Guinea,GIN,1993,8.464770317077637
Guinea,GIN,1994,10.667830467224121
Guinea,GIN,1998,9.630889892578125
Guinea,GIN,2000,11.30955982208252
Guinea,GIN,2001,12.392210006713867
Guinea,GIN,2003,16.375530242919922
Guinea,GIN,2004,21.2352294921875
Guinea,GIN,2005,22.913780212402344
Guinea,GIN,2006,24.594730377197266
Guinea,GIN,2007,30.248640060424805
Guinea,GIN,2009,33.97924041748047
Guinea,GIN,2010,35.332828521728516
Guinea,GIN,2011,31.00712013244629
Guinea,GIN,2012,35.79413986206055
Guinea,GIN,2013,36.27384948730469
Guinea,GIN,2014,35.41117858886719
Guinea,GIN,2020,33.16056823730469
Guinea-Bissau,GNB,1976,1.3520400524139404
Guinea-Bissau,GNB,1977,2.0879299640655518
Guinea-Bissau,GNB,1978,3.290760040283203
Guinea-Bissau,GNB,1979,2.3866500854492188
Guinea-Bissau,GNB,1981,2.715820074081421
Guinea-Bissau,GNB,1982,5.391660213470459
Guinea-Bissau,GNB,1983,2.5685598850250244
Guinea-Bissau,GNB,1984,7.534450054168701
Guinea-Bissau,GNB,1985,6.312819957733154
Guinea-Bissau,GNB,1987,3.5254299640655518
Guinea-Bissau,GNB,1989,4.261670112609863
Guinea-Bissau,GNB,2000,13.244429588317871
Guinea-Bissau,GNB,2010,36.79169845581055
Guyana,GUY,1971,50.22782897949219
Guyana,GUY,1972,44.232669830322266
Guyana,GUY,1973,45.728981018066406
Guyana,GUY,1974,45.49617004394531
Guyana,GUY,1976,49.62128829956055
Guyana,GUY,1978,76.27018737792969
Guyana,GUY,1979,72.9510726928711
Guyana,GUY,1980,73.58779907226562
Guyana,GUY,1981,78.5919418334961
Guyana,GUY,1982,74.0136489868164
Guyana,GUY,1983,63.7352409362793
Guyana,GUY,1984,60.1279296875
Guyana,GUY,1987,74.15061950683594
Guyana,GUY,1991,82.0190200805664
Guyana,GUY,1992,74.21456146240234
Guyana,GUY,1993,73.13043212890625
Guyana,GUY,1996,73.40296936035156
Guyana,GUY,1997,74.9288101196289
Guyana,GUY,1999,77.6124267578125
Guyana,GUY,2000,92.71273803710938
Guyana,GUY,2001,78.51789093017578
Guyana,GUY,2008,70.7582778930664
Guyana,GUY,2009,75.7433090209961
Guyana,GUY,2010,79.0836181640625
Haiti,HTI,1977,7.324019908905029
Haiti,HTI,1978,8.634539604187012
Haiti,HTI,1979,10.087249755859375
Haiti,HTI,1980,10.762669563293457
Haiti,HTI,1981,12.241290092468262
Haiti,HTI,1982,12.474349975585938
Haiti,HTI,1983,14.188639640808105
Haiti,HTI,1985,18.00436019897461
Haiti,HTI,1986,15.936409950256348
Haiti,HTI,1987,17.467510223388672
Haiti,HTI,1988,17.537090301513672
Haiti,HTI,1989,18.507770538330078
Haiti,HTI,1990,18.61886978149414
Haiti,HTI,1991,18.75126075744629
Haiti,HTI,1997,24.854400634765625
High income,,1970,77.8284912109375
High income,,1971,82.06466674804688
High income,,1972,82.07366180419922
High income,,1973,82.6973876953125
High income,,1974,83.93933868408203
High income,,1975,84.07942962646484
High income,,1976,84.47924041748047
High income,,1977,84.78640747070312
High income,,1978,82.14421081542969
High income,,1979,86.13195037841797
High income,,1980,86.70123291015625
High income,,1981,86.4266128540039
High income,,1982,85.5221176147461
High income,,1983,87.1952896118164
High income,,1984,87.68570709228516
High income,,1985,87.4889907836914
High income,,1986,87.94783020019531
High income,,1987,88.88015747070312
High income,,1988,86.20570373535156
High income,,1989,90.69200134277344
High income,,1990,91.17542266845703
High income,,1991,91.25189971923828
High income,,1992,91.53398132324219
High income,,1993,91.92913055419922
High income,,1994,91.85588073730469
High income,,1995,91.7918701171875
High income,,1996,91.76667785644531
High income,,1997,91.81935119628906
High income,,1998,91.9225082397461
High income,,1999,91.88912200927734
High income,,2000,92.54562377929688
High income,,2001,93.0073471069336
High income,,2002,93.58502197265625
High income,,2003,94.0149917602539
High income,,2004,94.40514373779297
High income,,2005,94.52742004394531
High income,,2006,95.0955581665039
High income,,2007,94.77156829833984
High income,,2008,94.80684661865234
High income,,2009,95.09288024902344
High income,,2010,95.48844909667969
High income,,2011,95.8687973022461
High income,,2012,95.92793273925781
High income,,2013,96.07646942138672
High income,,2014,96.54762268066406
High income,,2015,96.99215698242188
High income,,2016,96.61724090576172
High income,,2017,96.65158081054688
High income,,2018,96.74935913085938
High income,,2019,96.88594818115234
High income,,2020,96.61229705810547
Honduras,HND,1991,24.66128921508789
Honduras,HND,2005,43.480628967285156
Honduras,HND,2007,47.06758117675781
Honduras,HND,2012,42.873939514160156
Honduras,HND,2013,36.82339096069336
Honduras,HND,2014,46.72914123535156
Honduras,HND,2016,45.763671875
Honduras,HND,2019,43.6043701171875
Honduras,HND,2020,43.175018310546875
Hong Kong,HKG,1980,51.612239837646484
Hong Kong,HKG,1981,56.058509826660156
Hong Kong,HKG,1982,63.05263137817383
Hong Kong,HKG,1983,71.05998992919922
Hong Kong,HKG,1984,69.94071960449219
Hong Kong,HKG,1985,68.0363998413086
Hong Kong,HKG,1991,72.11454772949219
Hong Kong,HKG,1992,73.22073364257812
Hong Kong,HKG,1993,75.69627380371094
Hong Kong,HKG,1994,77.73658752441406
Hong Kong,HKG,1995,81.1763687133789
Hong Kong,HKG,1996,82.29232025146484
Hong Kong,HKG,2001,89.14215087890625
Hong Kong,HKG,2002,89.62088012695312
Hong Kong,HKG,2003,96.83611297607422
Hong Kong,HKG,2004,95.67463684082031
Hong Kong,HKG,2005,95.84221649169922
Hong Kong,HKG,2006,96.08480834960938
Hong Kong,HKG,2007,96.69377136230469
Hong Kong,HKG,2008,97.45829010009766
Hong Kong,HKG,2009,98.425048828125
Hong Kong,HKG,2010,101.12934875488281
Hong Kong,HKG,2011,99.9404525756836
Hong Kong,HKG,2012,98.65617370605469
Hong Kong,HKG,2013,95.61843872070312
Hong Kong,HKG,2014,93.77168273925781
Hong Kong,HKG,2015,100.99244689941406
Hong Kong,HKG,2016,101.00920104980469
Hong Kong,HKG,2017,104.70068359375
Hong Kong,HKG,2018,106.70350646972656
Hong Kong,HKG,2019,105.70101165771484
Hong Kong,HKG,2020,103.92085266113281
Hungary,HUN,1971,85.7825927734375
Hungary,HUN,1972,80.84892272949219
Hungary,HUN,1973,80.66220092773438
Hungary,HUN,1974,82.63362121582031
Hungary,HUN,1975,84.4139175415039
Hungary,HUN,1976,84.7583999633789
Hungary,HUN,1977,90.08116912841797
Hungary,HUN,1978,95.8128433227539
Hungary,HUN,1979,96.41459655761719
Hungary,HUN,1980,93.9912109375
Hungary,HUN,1981,95.10945892333984
Hungary,HUN,1982,99.68054962158203
Hungary,HUN,1983,95.44840240478516
Hungary,HUN,1984,93.63028717041016
Hungary,HUN,1985,89.92855834960938
Hungary,HUN,1986,89.08560943603516
Hungary,HUN,1987,89.96177673339844
Hungary,HUN,1988,98.1281967163086
Hungary,HUN,1989,107.93058776855469
Hungary,HUN,1990,99.6041030883789
Hungary,HUN,1991,92.4901123046875
Hungary,HUN,1992,84.7777099609375
Hungary,HUN,1993,80.47553253173828
Hungary,HUN,1997,91.5246810913086
Hungary,HUN,2013,92.89568328857422
Hungary,HUN,2014,92.13105010986328
Hungary,HUN,2015,93.8041763305664
Hungary,HUN,2016,93.45755004882812
Hungary,HUN,2017,93.73494720458984
Hungary,HUN,2018,92.87969970703125
Hungary,HUN,2019,93.73558044433594
Iceland,ISL,1998,101.25581359863281
Iceland,ISL,1999,96.52873992919922
Iceland,ISL,2000,93.37474060058594
Iceland,ISL,2001,90.17503356933594
Iceland,ISL,2002,92.02847290039062
Iceland,ISL,2003,100.65406799316406
Iceland,ISL,2004,111.92326354980469
Iceland,ISL,2005,106.09928894042969
Iceland,ISL,2006,108.1711196899414
Iceland,ISL,2007,97.56732940673828
Iceland,ISL,2008,96.80584716796875
Iceland,ISL,2009,96.3729476928711
Iceland,ISL,2010,93.53099822998047
Iceland,ISL,2011,92.93816375732422
Iceland,ISL,2012,96.73960876464844
Iceland,ISL,2013,96.65989685058594
Iceland,ISL,2014,99.09365844726562
Iceland,ISL,2015,99.00920104980469
Iceland,ISL,2016,102.5035400390625
Iceland,ISL,2017,98.9351577758789
Iceland,ISL,2018,97.814208984375
Iceland,ISL,2019,101.0394515991211
India,IND,1987,42.33671188354492
India,IND,1988,43.50130844116211
India,IND,1989,43.84170150756836
India,IND,2002,53.25109100341797
India,IND,2003,56.44676971435547
India,IND,2006,62.54975891113281
India,IND,2008,68.09647369384766
India,IND,2011,76.27423858642578
India,IND,2013,80.78497314453125
India,IND,2014,85.50408172607422
India,IND,2015,85.43350219726562
India,IND,2016,85.85585021972656
India,IND,2017,84.99944305419922
India,IND,2019,83.2234115600586
India,IND,2020,84.58222198486328
Indonesia,IDN,1971,12.843130111694336
Indonesia,IDN,1984,36.21184158325195
Indonesia,IDN,1985,38.802330017089844
Indonesia,IDN,1986,40.999149322509766
Indonesia,IDN,1988,49.944461822509766
Indonesia,IDN,1995,51.92298889160156
Indonesia,IDN,2002,69.11963653564453
Indonesia,IDN,2003,72.5071029663086
Indonesia,IDN,2004,73.63897705078125
Indonesia,IDN,2005,69.4809799194336
Indonesia,IDN,2006,70.39806365966797
Indonesia,IDN,2007,78.24227905273438
Indonesia,IDN,2008,74.92701721191406
Indonesia,IDN,2009,82.33576965332031
Indonesia,IDN,2010,85.64961242675781
Indonesia,IDN,2011,89.2398681640625
Indonesia,IDN,2012,82.65231323242188
Indonesia,IDN,2013,81.36431121826172
Indonesia,IDN,2015,91.58335876464844
Indonesia,IDN,2016,93.85369110107422
Indonesia,IDN,2017,89.97176361083984
Iran,IRN,1984,40.175270080566406
Iran,IRN,1985,43.5376091003418
Iran,IRN,1986,45.17710876464844
Iran,IRN,1987,45.2948112487793
Iran,IRN,1988,48.74045181274414
Iran,IRN,1989,49.494239807128906
Iran,IRN,1990,55.08855056762695
Iran,IRN,1991,52.49576950073242
Iran,IRN,1993,62.69335174560547
Iran,IRN,1994,68.1441879272461
Iran,IRN,2000,77.00084686279297
Iran,IRN,2001,74.00012969970703
Iran,IRN,2002,73.40541076660156
Iran,IRN,2003,82.81996154785156
Iran,IRN,2006,85.38604736328125
Iran,IRN,2008,87.44450378417969
Iran,IRN,2009,89.60530090332031
Iran,IRN,2010,85.81436157226562
Iran,IRN,2011,88.41346740722656
Iran,IRN,2012,91.88490295410156
Iran,IRN,2016,89.27987670898438
Iran,IRN,2017,90.22688293457031
Iraq,IRQ,1971,17.47627067565918
Iraq,IRQ,1972,21.297740936279297
Iraq,IRQ,1973,22.213470458984375
Iraq,IRQ,1974,21.88542938232422
Iraq,IRQ,1975,28.869220733642578
Iraq,IRQ,1976,29.95210075378418
Iraq,IRQ,1977,30.567289352416992
Iraq,IRQ,1978,35.360740661621094
Iraq,IRQ,1979,37.875709533691406
Iraq,IRQ,1980,37.30295181274414
Iraq,IRQ,1983,33.980140686035156
Iraq,IRQ,1985,35.96514129638672
Iraq,IRQ,1986,35.441280364990234
Iraq,IRQ,1987,32.57503890991211
Iraq,IRQ,1988,34.88084030151367
Iraq,IRQ,1989,31.308670043945312
Iraq,IRQ,1993,28.571430206298828
Iraq,IRQ,1999,25.621660232543945
Iraq,IRQ,2000,28.621999740600586
Iraq,IRQ,2004,48.65196990966797
Iraq,IRQ,2007,48.40230941772461
Ireland,IRL,1996,96.97474670410156
Ireland,IRL,1997,95.77984619140625
Ireland,IRL,1998,93.78632354736328
Ireland,IRL,1999,95.8257827758789
Ireland,IRL,2000,97.01641845703125
Ireland,IRL,2001,97.00375366210938
Ireland,IRL,2002,97.9725570678711
Ireland,IRL,2003,98.32364654541016
Ireland,IRL,2004,97.86054992675781
Ireland,IRL,2005,99.32318115234375
Ireland,IRL,2006,98.51204681396484
Ireland,IRL,2007,98.52217864990234
Ireland,IRL,2008,97.79070281982422
Ireland,IRL,2009,98.67719268798828
Ireland,IRL,2010,99.90876770019531
Ireland,IRL,2011,100.33778381347656
Ireland,IRL,2014,100.84992980957031
Ireland,IRL,2015,98.85193634033203
Ireland,IRL,2016,99.40218353271484
Ireland,IRL,2017,100.11219787597656
Ireland,IRL,2018,99.05756378173828
Ireland,IRL,2019,101.17485046386719
Israel,ISR,2002,99.46050262451172
Israel,ISR,2003,100.7847671508789
Israel,ISR,2004,105.17095184326172
Israel,ISR,2005,101.82710266113281
Israel,ISR,2006,98.3172378540039
Israel,ISR,2007,101.16845703125
Israel,ISR,2008,97.06613159179688
Israel,ISR,2009,95.44660186767578
Israel,ISR,2010,99.322509765625
Israel,ISR,2011,97.1639404296875
Israel,ISR,2012,99.23238372802734
Israel,ISR,2013,102.17259979248047
Israel,ISR,2014,101.01953125
Israel,ISR,2015,106.78382110595703
Israel,ISR,2016,102.56852722167969
Israel,ISR,2017,102.70539855957031
Israel,ISR,2018,108.22164154052734
Israel,ISR,2019,103.21807861328125
Italy,ITA,1971,71.20005798339844
Italy,ITA,1972,74.72476959228516
Italy,ITA,1973,79.62284088134766
Italy,ITA,1974,81.66615295410156
Italy,ITA,1975,83.83049774169922
Italy,ITA,1976,86.46305084228516
Italy,ITA,1977,88.44854736328125
Italy,ITA,1978,94.41850280761719
Italy,ITA,1979,93.29920196533203
Italy,ITA,1980,92.83065032958984
Italy,ITA,1981,91.06475067138672
Italy,ITA,1982,89.54132080078125
Italy,ITA,1983,91.47557067871094
Italy,ITA,1984,91.24049377441406
Italy,ITA,1985,92.61416625976562
Italy,ITA,1986,93.32501220703125
Italy,ITA,1987,94.32424926757812
Italy,ITA,1988,96.0310287475586
Italy,ITA,1989,96.50688171386719
Italy,ITA,1990,96.80877685546875
Italy,ITA,1991,97.32198333740234
Italy,ITA,1992,98.03341674804688
Italy,ITA,1993,98.67626190185547
Italy,ITA,1994,95.38964080810547
Italy,ITA,1995,96.5582504272461
Italy,ITA,1996,98.86073303222656
Italy,ITA,1997,98.86186218261719
Italy,ITA,1999,98.0404281616211
Italy,ITA,2001,98.314453125
Italy,ITA,2002,102.68334197998047
Italy,ITA,2003,102.30367279052734
Italy,ITA,2004,103.77571868896484
Italy,ITA,2005,103.68518829345703
Italy,ITA,2006,104.85755157470703
Italy,ITA,2007,101.7800064086914
Italy,ITA,2008,99.28079223632812
Italy,ITA,2009,99.49027252197266
Italy,ITA,2010,100.77261352539062
Italy,ITA,2011,103.97073364257812
Italy,ITA,2012,103.0208969116211
Italy,ITA,2013,103.2841567993164
Italy,ITA,2014,103.72931671142578
Italy,ITA,2015,99.97075653076172
Italy,ITA,2016,98.88941192626953
Italy,ITA,2017,98.97453308105469
Italy,ITA,2018,98.95992279052734
Italy,ITA,2019,97.53910827636719
Jamaica,JAM,1976,75.78832244873047
Jamaica,JAM,1977,74.4558334350586
Jamaica,JAM,1980,90.15818786621094
Jamaica,JAM,1981,90.67030334472656
Jamaica,JAM,1983,85.08396911621094
Jamaica,JAM,1984,85.01558685302734
Jamaica,JAM,1985,85.52448272705078
Jamaica,JAM,1986,83.72891998291016
Jamaica,JAM,1990,95.92159271240234
Jamaica,JAM,1991,100.48280334472656
Jamaica,JAM,1993,98.59825134277344
Jamaica,JAM,2000,97.64144897460938
Jamaica,JAM,2001,95.07496643066406
Jamaica,JAM,2002,92.38040924072266
Jamaica,JAM,2003,92.8107681274414
Jamaica,JAM,2004,100.07125854492188
Jamaica,JAM,2009,99.01315307617188
Jamaica,JAM,2010,99.5270004272461
Jamaica,JAM,2011,95.12174224853516
Jamaica,JAM,2013,90.60658264160156
Jamaica,JAM,2014,85.6224594116211
Jamaica,JAM,2015,88.33255004882812
Jamaica,JAM,2016,88.65621185302734
Jamaica,JAM,2017,84.96320343017578
Jamaica,JAM,2018,82.38955688476562
Jamaica,JAM,2019,84.05854797363281
Jamaica,JAM,2020,82.73162078857422
Japan,JPN,1971,96.79299926757812
Japan,JPN,1972,96.511962890625
Japan,JPN,1973,96.24217224121094
Japan,JPN,1974,103.39067840576172
Japan,JPN,1975,99.84342956542969
Japan,JPN,1976,97.75372314453125
Japan,JPN,1977,97.43144226074219
Japan,JPN,1978,97.52229309082031
Japan,JPN,1979,97.73795318603516
Japan,JPN,1980,101.48539733886719
Japan,JPN,1981,97.41947937011719
Japan,JPN,1982,89.13580322265625
Japan,JPN,1983,103.73435974121094
Japan,JPN,1984,102.04107666015625
Japan,JPN,1985,98.10590362548828
Japan,JPN,1986,97.29386901855469
Japan,JPN,1987,97.52442169189453
Japan,JPN,1988,98.1676025390625
Japan,JPN,1989,100.46910858154297
Japan,JPN,1990,101.6398696899414
Japan,JPN,1991,99.89608764648438
Japan,JPN,1992,100.1794662475586
Japan,JPN,1994,102.17333221435547
Jordan,JOR,1988,42.56053161621094
Jordan,JOR,1989,55.577308654785156
Jordan,JOR,2002,83.97418212890625
Jordan,JOR,2003,84.94796752929688
Jordan,JOR,2004,83.5654067993164
Jordan,JOR,2006,79.41600799560547
Jordan,JOR,2007,81.55946350097656
Jordan,JOR,2008,82.67891693115234
Jordan,JOR,2011,79.92716979980469
Jordan,JOR,2012,76.80902099609375
Jordan,JOR,2013,70.40943145751953
Jordan,JOR,2014,68.52130126953125
Jordan,JOR,2017,58.74140167236328
Jordan,JOR,2018,59.02954864501953
Jordan,JOR,2019,64.3248519897461
Jordan,JOR,2020,66.35639190673828
Kazakhstan,KAZ,1994,90.57080078125
Kazakhstan,KAZ,1997,94.21537780761719
Kazakhstan,KAZ,2000,94.89778900146484
Kazakhstan,KAZ,2001,99.68257141113281
Kazakhstan,KAZ,2002,98.26628112792969
Kazakhstan,KAZ,2003,94.51477813720703
Kazakhstan,KAZ,2004,96.04164123535156
Kazakhstan,KAZ,2005,94.99085998535156
Kazakhstan,KAZ,2006,95.72866821289062
Kazakhstan,KAZ,2007,95.41655731201172
Kazakhstan,KAZ,2008,95.5647964477539
Kazakhstan,KAZ,2009,101.31324768066406
Kazakhstan,KAZ,2010,101.75171661376953
Kazakhstan,KAZ,2011,98.33863067626953
Kazakhstan,KAZ,2012,97.16124725341797
Kazakhstan,KAZ,2013,103.03936767578125
Kazakhstan,KAZ,2014,105.76367950439453
Kazakhstan,KAZ,2015,109.13784790039062
Kazakhstan,KAZ,2016,116.68138885498047
Kazakhstan,KAZ,2017,110.8607406616211
Kazakhstan,KAZ,2018,113.61076354980469
Kazakhstan,KAZ,2019,117.91401672363281
Kazakhstan,KAZ,2020,104.02691650390625
Kenya,KEN,1971,13.318960189819336
Kenya,KEN,1972,15.09531021118164
Kenya,KEN,2014,76.24432373046875
Kenya,KEN,2015,78.45523071289062
Kenya,KEN,2016,79.20054626464844
Kiribati,KIR,1979,14.697990417480469
Kiribati,KIR,1980,15.608110427856445
Kiribati,KIR,1981,17.18539047241211
Kiribati,KIR,1982,12.839179992675781
Kiribati,KIR,1983,15.304800033569336
Kiribati,KIR,1984,15.63113021850586
Kiribati,KIR,1986,23.52518081665039
Kiribati,KIR,1989,42.91307830810547
Kiribati,KIR,1990,42.92068099975586
Kiribati,KIR,1991,50.70922088623047
Kiribati,KIR,1992,46.008121490478516
Kiribati,KIR,2014,101.57549285888672
Kiribati,KIR,2015,101.0138168334961
Kiribati,KIR,2016,94.55615234375
Kiribati,KIR,2020,99.91758728027344
Kuwait,KWT,1973,47.65597152709961
Kuwait,KWT,1974,46.44689178466797
Kuwait,KWT,1975,44.40916061401367
Kuwait,KWT,1976,56.319950103759766
Kuwait,KWT,1977,58.47126007080078
Kuwait,KWT,1978,55.084129333496094
Kuwait,KWT,1979,56.35905075073242
Kuwait,KWT,1980,61.653568267822266
Kuwait,KWT,1981,74.48565673828125
Kuwait,KWT,1982,82.68728637695312
Kuwait,KWT,1983,87.4018325805664
Kuwait,KWT,1984,95.44558715820312
Kuwait,KWT,1985,90.13398742675781
Kuwait,KWT,1988,72.6053695678711
Kuwait,KWT,1992,55.14891815185547
Kuwait,KWT,1994,65.84406280517578
Kuwait,KWT,1995,75.4681396484375
Kuwait,KWT,1996,86.66133880615234
Kuwait,KWT,1997,88.33692932128906
Kuwait,KWT,1999,83.20269012451172
Kuwait,KWT,2000,89.26168060302734
Kuwait,KWT,2001,85.98477172851562
Kuwait,KWT,2002,92.83679962158203
Kuwait,KWT,2003,95.70626831054688
Kuwait,KWT,2004,99.25122833251953
Kuwait,KWT,2005,111.92401123046875
Kuwait,KWT,2006,81.92915344238281
Kuwait,KWT,2007,97.29329681396484
Kuwait,KWT,2008,94.9878921508789
Kuwait,KWT,2009,96.7627182006836
Kuwait,KWT,2010,96.87566375732422
Kuwait,KWT,2012,92.59510803222656
Kuwait,KWT,2013,88.97962188720703
Kuwait,KWT,2016,89.49685668945312
Kuwait,KWT,2017,92.5972671508789
Kuwait,KWT,2018,94.29438018798828
Kuwait,KWT,2019,92.42919158935547
Kuwait,KWT,2020,92.15296173095703
Kyrgyzstan,KGZ,1995,81.12383270263672
Kyrgyzstan,KGZ,2001,93.03375244140625
Kyrgyzstan,KGZ,2002,94.11862182617188
Kyrgyzstan,KGZ,2003,90.19818115234375
Kyrgyzstan,KGZ,2004,86.50328826904297
Kyrgyzstan,KGZ,2005,87.29553985595703
Kyrgyzstan,KGZ,2006,86.99131774902344
Kyrgyzstan,KGZ,2007,86.5416030883789
Kyrgyzstan,KGZ,2008,83.9858627319336
Kyrgyzstan,KGZ,2009,85.32238006591797
Kyrgyzstan,KGZ,2010,90.1920394897461
Kyrgyzstan,KGZ,2011,92.06855773925781
Kyrgyzstan,KGZ,2012,89.07801055908203
Kyrgyzstan,KGZ,2013,88.74334716796875
Kyrgyzstan,KGZ,2014,91.73119354248047
Kyrgyzstan,KGZ,2015,90.74030303955078
Kyrgyzstan,KGZ,2016,90.27580261230469
Kyrgyzstan,KGZ,2017,91.725830078125
Kyrgyzstan,KGZ,2018,95.1077880859375
Kyrgyzstan,KGZ,2019,98.02912902832031
Kyrgyzstan,KGZ,2020,103.89859771728516
Laos,LAO,1971,1.4361000061035156
Laos,LAO,1972,1.6275299787521362
Laos,LAO,1973,1.7107800245285034
Laos,LAO,1974,2.037029981613159
Laos,LAO,1988,21.956239700317383
Laos,LAO,1990,22.530550003051758
Laos,LAO,1992,20.580459594726562
Laos,LAO,1993,21.932979583740234
Laos,LAO,1994,22.95560073852539
Laos,LAO,1997,26.85780906677246
Laos,LAO,1999,32.79291915893555
Laos,LAO,2000,35.25088119506836
Laos,LAO,2001,36.696250915527344
Laos,LAO,2002,40.527408599853516
Laos,LAO,2003,43.279441833496094
Laos,LAO,2004,45.42475891113281
Laos,LAO,2005,44.994720458984375
Laos,LAO,2006,43.082828521728516
Laos,LAO,2007,43.17177963256836
Laos,LAO,2008,44.50558090209961
Laos,LAO,2009,47.38916015625
Laos,LAO,2010,42.26723861694336
Laos,LAO,2011,43.90433120727539
Laos,LAO,2012,46.77798843383789
Laos,LAO,2013,50.24407958984375
Laos,LAO,2014,55.482269287109375
Laos,LAO,2015,62.33985900878906
Laos,LAO,2016,66.55461883544922
Laos,LAO,2017,69.28462982177734
Laos,LAO,2018,67.1064682006836
Laos,LAO,2019,65.2140884399414
Laos,LAO,2020,62.001731872558594
Latin America and Caribbean,,1976,50.32529067993164
Latin America and Caribbean,,1977,50.956878662109375
Latin America and Caribbean,,1978,52.4293212890625
Latin America and Caribbean,,1979,54.230281829833984
Latin America and Caribbean,,1980,55.59265899658203
Latin America and Caribbean,,1981,56.00141906738281
Latin America and Caribbean,,1982,57.20806884765625
Latin America and Caribbean,,1983,57.6916618347168
Latin America and Caribbean,,1984,58.804931640625
Latin America and Caribbean,,1985,59.90586853027344
Latin America and Caribbean,,1986,60.843650817871094
Latin America and Caribbean,,1987,60.975868225097656
Latin America and Caribbean,,1988,61.308380126953125
Latin America and Caribbean,,1989,61.72880172729492
Latin America and Caribbean,,1990,61.75659942626953
Latin America and Caribbean,,1991,61.85660934448242
Latin America and Caribbean,,1992,61.96371841430664
Latin America and Caribbean,,1993,62.299591064453125
Latin America and Caribbean,,1994,63.22713851928711
Latin America and Caribbean,,1995,64.15415954589844
Latin America and Caribbean,,1996,65.44526672363281
Latin America and Caribbean,,1997,67.0656967163086
Latin America and Caribbean,,1998,67.98255157470703
Latin America and Caribbean,,1999,68.40606689453125
Latin America and Caribbean,,2000,69.57366180419922
Latin America and Caribbean,,2001,70.20842742919922
Latin America and Caribbean,,2002,71.81204223632812
Latin America and Caribbean,,2003,72.743896484375
Latin America and Caribbean,,2004,73.83869934082031
Latin America and Caribbean,,2005,75.1178207397461
Latin America and Caribbean,,2006,75.2163314819336
Latin America and Caribbean,,2007,75.39579010009766
Latin America and Caribbean,,2008,76.0953369140625
Latin America and Caribbean,,2009,77.00141906738281
Latin America and Caribbean,,2010,77.94621276855469
Latin America and Caribbean,,2011,77.85472106933594
Latin America and Caribbean,,2012,77.69712829589844
Latin America and Caribbean,,2013,77.48259735107422
Latin America and Caribbean,,2014,77.97647094726562
Latin America and Caribbean,,2015,79.45966339111328
Latin America and Caribbean,,2016,80.1951904296875
Latin America and Caribbean,,2017,80.18981170654297
Latin America and Caribbean,,2018,79.53058624267578
Latin America and Caribbean,,2019,79.8267822265625
Latin America and Caribbean,,2020,79.93882751464844
Latvia,LVA,1995,82.39051055908203
Latvia,LVA,1996,84.83611297607422
Latvia,LVA,1997,85.84861755371094
Latvia,LVA,2013,104.65116119384766
Latvia,LVA,2014,99.87355041503906
Latvia,LVA,2015,95.57563018798828
Latvia,LVA,2016,96.21353149414062
Latvia,LVA,2017,98.8085708618164
Latvia,LVA,2018,99.35904693603516
Latvia,LVA,2019,96.89453887939453
Lebanon,LBN,1973,36.89836883544922
Lesotho,LSO,1972,6.446630001068115
Lesotho,LSO,1973,12.354120254516602
Lesotho,LSO,1986,18.415620803833008
Lesotho,LSO,1987,18.74390983581543
Lesotho,LSO,1998,22.845720291137695
Lesotho,LSO,1999,24.896820068359375
Lesotho,LSO,2000,23.90760040283203
Lesotho,LSO,2001,25.83669090270996
Lesotho,LSO,2002,25.724689483642578
Lesotho,LSO,2003,27.219200134277344
Lesotho,LSO,2004,29.41036033630371
Lesotho,LSO,2005,30.573749542236328
Lesotho,LSO,2006,31.794130325317383
Lesotho,LSO,2007,31.621829986572266
Lesotho,LSO,2008,33.866268157958984
Lesotho,LSO,2009,40.82099151611328
Lesotho,LSO,2010,45.2392692565918
Lesotho,LSO,2012,48.75339126586914
Lesotho,LSO,2013,48.564109802246094
Lesotho,LSO,2014,49.921539306640625
Lesotho,LSO,2016,46.928070068359375
Lesotho,LSO,2017,47.37779998779297
Lesotho,LSO,2018,49.96506118774414
Liberia,LBR,1978,21.964160919189453
Liberia,LBR,2000,38.984920501708984
Liberia,LBR,2008,36.608970642089844
Liberia,LBR,2009,40.74422836303711
Liberia,LBR,2011,43.13896942138672
Liberia,LBR,2014,37.875980377197266
Liberia,LBR,2017,44.213661193847656
Liechtenstein,LIE,2003,73.28430938720703
Liechtenstein,LIE,2005,71.875
Liechtenstein,LIE,2006,73.0310287475586
Liechtenstein,LIE,2007,83.1838607788086
Liechtenstein,LIE,2008,100.49504852294922
Liechtenstein,LIE,2009,108.48623657226562
Liechtenstein,LIE,2010,119.10669708251953
Liechtenstein,LIE,2011,104.8997802734375
Liechtenstein,LIE,2014,105.44554138183594
Liechtenstein,LIE,2015,95.3431396484375
Liechtenstein,LIE,2016,95.90361022949219
Liechtenstein,LIE,2017,98.4496078491211
Liechtenstein,LIE,2018,101.51515197753906
Liechtenstein,LIE,2019,102.55682373046875
Lithuania,LTU,1995,82.0586166381836
Lithuania,LTU,1996,89.73448181152344
Lithuania,LTU,1997,79.99382019042969
Lithuania,LTU,1999,63.882938385009766
Lithuania,LTU,2000,80.34336853027344
Lithuania,LTU,2001,90.53309631347656
Lithuania,LTU,2002,96.3496322631836
Lithuania,LTU,2003,96.525146484375
Lithuania,LTU,2011,103.04325866699219
Lithuania,LTU,2012,102.89739227294922
Lithuania,LTU,2013,106.44390869140625
Lithuania,LTU,2014,100.8206787109375
Lithuania,LTU,2015,101.01956939697266
Lithuania,LTU,2016,101.3227767944336
Lithuania,LTU,2017,97.99810028076172
Lithuania,LTU,2018,99.39675903320312
Lithuania,LTU,2019,100.41842651367188
Low and middle income,,1986,47.13117980957031
Low and middle income,,1987,47.31998062133789
Low and middle income,,1988,47.89072036743164
Low and middle income,,1989,48.13201904296875
Low and middle income,,1990,48.34614944458008
Low and middle income,,1991,49.05878829956055
Low and middle income,,1992,50.26288986206055
Low and middle income,,1993,51.57902145385742
Low and middle income,,1994,52.202880859375
Low and middle income,,1995,53.16889953613281
Low and middle income,,1996,54.29941940307617
Low and middle income,,1997,56.4022102355957
Low and middle income,,1998,57.51285171508789
Low and middle income,,1999,58.72584915161133
Low and middle income,,2000,60.059200286865234
Low and middle income,,2001,61.619361877441406
Low and middle income,,2002,63.65570831298828
Low and middle income,,2003,65.61663818359375
Low and middle income,,2004,66.56694030761719
Low and middle income,,2005,67.01313781738281
Low and middle income,,2006,67.39705657958984
Low and middle income,,2007,68.27352142333984
Low and middle income,,2008,69.41741943359375
Low and middle income,,2009,70.15483093261719
Low and middle income,,2010,71.0218734741211
Low and middle income,,2011,72.05271911621094
Low and middle income,,2012,72.09419250488281
Low and middle income,,2013,72.00643157958984
Low and middle income,,2014,72.48623657226562
Low and middle income,,2015,73.34455871582031
Low and middle income,,2016,73.8685531616211
Low and middle income,,2017,73.31221771240234
Low and middle income,,2018,73.26592254638672
Low and middle income,,2019,73.84735107421875
Low and middle income,,2020,74.68161010742188
Low income,,1970,21.11893081665039
Low income,,1971,21.19795036315918
Low income,,1972,21.4893798828125
Low income,,1973,21.52429962158203
Low income,,1974,21.13520050048828
Low income,,1975,20.95384979248047
Low income,,1976,20.935949325561523
Low income,,1977,21.18415069580078
Low income,,1978,21.697080612182617
Low income,,1979,22.081439971923828
Low income,,1980,22.721939086914062
Low income,,1981,23.02574920654297
Low income,,1982,22.865760803222656
Low income,,1983,23.05780029296875
Low income,,1984,23.225099563598633
Low income,,1985,23.280059814453125
Low income,,1986,23.240760803222656
Low income,,1987,22.930500030517578
Low income,,1988,22.800989151000977
Low income,,1989,22.363100051879883
Low income,,1990,21.746980667114258
Low income,,1991,21.41057014465332
Low income,,1992,21.039979934692383
Low income,,1993,21.473129272460938
Low income,,1994,21.540569305419922
Low income,,1995,22.602760314941406
Low income,,1996,22.71575927734375
Low income,,1997,22.56623077392578
Low income,,1998,22.829830169677734
Low income,,1999,22.664989471435547
Low income,,2000,23.407089233398438
Low income,,2001,24.165409088134766
Low income,,2002,25.1397705078125
Low income,,2003,26.154539108276367
Low income,,2004,27.28660011291504
Low income,,2005,28.385650634765625
Low income,,2006,29.83466911315918
Low income,,2007,31.332429885864258
Low income,,2008,33.19451141357422
Low income,,2009,33.97993087768555
Low income,,2010,34.865230560302734
Low income,,2011,35.36967849731445
Low income,,2012,35.72153091430664
Low income,,2013,36.101470947265625
Low income,,2014,37.71207809448242
Low income,,2015,38.22526168823242
Low income,,2016,38.61574172973633
Low income,,2017,38.83155059814453
Low income,,2018,39.12038040161133
Low income,,2019,39.208229064941406
Lower middle income,,1984,40.68259048461914
Lower middle income,,1985,41.19160079956055
Lower middle income,,1986,41.684959411621094
Lower middle income,,1987,42.155818939208984
Lower middle income,,1988,43.43595886230469
Lower middle income,,1989,43.90961837768555
Lower middle income,,1990,44.62839889526367
Lower middle income,,1991,45.19524002075195
Lower middle income,,1992,45.918861389160156
Lower middle income,,1993,46.6032600402832
Lower middle income,,1994,47.31312942504883
Lower middle income,,1995,47.93920135498047
Lower middle income,,1996,48.7441291809082
Lower middle income,,1997,49.45293045043945
Lower middle income,,1998,50.253990173339844
Lower middle income,,1999,51.21406173706055
Lower middle income,,2000,52.07112121582031
Lower middle income,,2001,52.936588287353516
Lower middle income,,2002,54.399600982666016
Lower middle income,,2003,56.856178283691406
Lower middle income,,2004,58.10443878173828
Lower middle income,,2005,58.82918930053711
Lower middle income,,2006,59.77275848388672
Lower middle income,,2007,61.527061462402344
Lower middle income,,2008,63.199440002441406
Lower middle income,,2009,64.92192840576172
Lower middle income,,2010,66.80571746826172
Lower middle income,,2011,68.69786834716797
Lower middle income,,2012,70.2818603515625
Lower middle income,,2013,71.4449462890625
Lower middle income,,2014,74.20828247070312
Lower middle income,,2015,75.10626220703125
Lower middle income,,2016,75.69685363769531
Lower middle income,,2017,75.09687042236328
Lower middle income,,2018,75.560791015625
Lower middle income,,2019,75.07209014892578
Lower middle income,,2020,75.55992126464844
Luxembourg,LUX,1971,27.6824893951416
Luxembourg,LUX,1972,24.448780059814453
Luxembourg,LUX,1973,21.654220581054688
Luxembourg,LUX,1974,19.947309494018555
Luxembourg,LUX,1975,39.44681930541992
Luxembourg,LUX,1976,41.17538833618164
Luxembourg,LUX,1977,50.92237091064453
Luxembourg,LUX,1978,53.60786819458008
Luxembourg,LUX,1979,54.62015914916992
Luxembourg,LUX,1980,56.240821838378906
Luxembourg,LUX,1985,24.5628604888916
Luxembourg,LUX,1987,22.227270126342773
Luxembourg,LUX,1988,20.211759567260742
Luxembourg,LUX,2006,97.55313110351562
Luxembourg,LUX,2007,96.21621704101562
Luxembourg,LUX,2008,94.97779083251953
Luxembourg,LUX,2010,102.004638671875
Luxembourg,LUX,2011,103.42186737060547
Luxembourg,LUX,2012,109.64273834228516
Luxembourg,LUX,2013,99.05397033691406
Luxembourg,LUX,2014,97.01216888427734
Luxembourg,LUX,2015,97.20722198486328
Luxembourg,LUX,2016,98.7292709350586
Luxembourg,LUX,2017,95.33415222167969
Luxembourg,LUX,2018,114.80570983886719
Luxembourg,LUX,2019,116.7384033203125
Macao,MAC,1990,65.4073715209961
Macao,MAC,1992,76.14289093017578
Macao,MAC,1993,72.08497619628906
Macao,MAC,1999,74.82864379882812
Macao,MAC,2000,76.19374084472656
Macao,MAC,2001,76.13432312011719
Macao,MAC,2002,74.57805633544922
Macao,MAC,2003,76.20529174804688
Macao,MAC,2004,82.22441864013672
Macao,MAC,2005,84.45364379882812
Macao,MAC,2006,83.99263763427734
Macao,MAC,2007,84.54981994628906
Macao,MAC,2008,79.95918273925781
Macao,MAC,2009,80.37484741210938
Macao,MAC,2010,85.57665252685547
Macao,MAC,2011,88.58062744140625
Macao,MAC,2012,88.57142639160156
Macao,MAC,2013,88.54988098144531
Macao,MAC,2014,93.78114318847656
Macao,MAC,2015,92.55233001708984
Macao,MAC,2016,95.89617919921875
Macao,MAC,2017,100.84664154052734
Macao,MAC,2018,97.88481140136719
Macao,MAC,2019,98.05947875976562
Macao,MAC,2020,97.84842681884766
Madagascar,MDG,1971,9.924369812011719
Madagascar,MDG,1972,10.783390045166016
Madagascar,MDG,1974,10.235039710998535
Madagascar,MDG,1975,10.499690055847168
Madagascar,MDG,1985,19.419649124145508
Madagascar,MDG,1988,17.786020278930664
Madagascar,MDG,1989,17.075210571289062
Madagascar,MDG,1990,16.303499221801758
Madagascar,MDG,1991,15.21681022644043
Madagascar,MDG,1994,12.082420349121094
Madagascar,MDG,1996,13.197529792785645
Madagascar,MDG,2000,13.307589530944824
Madagascar,MDG,2001,12.722049713134766
Madagascar,MDG,2002,13.100669860839844
Madagascar,MDG,2003,14.233710289001465
Madagascar,MDG,2004,15.508480072021484
Madagascar,MDG,2005,18.15765953063965
Madagascar,MDG,2006,19.982200622558594
Madagascar,MDG,2007,22.1901798248291
Madagascar,MDG,2008,24.828760147094727
Madagascar,MDG,2009,26.912769317626953
Madagascar,MDG,2010,28.79129981994629
Madagascar,MDG,2011,31.47913932800293
Madagascar,MDG,2012,33.46426010131836
Madagascar,MDG,2013,37.700958251953125
Madagascar,MDG,2014,36.95840835571289
Madagascar,MDG,2015,37.65829086303711
Madagascar,MDG,2016,36.02994918823242
Madagascar,MDG,2017,36.558170318603516
Madagascar,MDG,2018,36.99671936035156
Madagascar,MDG,2019,35.473079681396484
Malawi,MWI,1974,16.848270416259766
Malawi,MWI,1975,19.56439971923828
Malawi,MWI,1976,20.800800323486328
Malawi,MWI,1977,23.488189697265625
Malawi,MWI,1978,23.96653938293457
Malawi,MWI,1979,20.622499465942383
Malawi,MWI,1980,27.642959594726562
Malawi,MWI,1981,26.8172607421875
Malawi,MWI,1982,30.337459564208984
Malawi,MWI,1983,30.42970085144043
Malawi,MWI,1984,31.932649612426758
Malawi,MWI,1985,31.379619598388672
Malawi,MWI,1986,29.360200881958008
Malawi,MWI,1987,26.536060333251953
Malawi,MWI,1988,26.239259719848633
Malawi,MWI,1989,26.230350494384766
Malawi,MWI,1990,26.77326011657715
Malawi,MWI,1991,29.529830932617188
Malawi,MWI,1992,22.9448299407959
Malawi,MWI,1993,36.985599517822266
Malawi,MWI,1994,27.322189331054688
Malawi,MWI,1995,52.09376907348633
Malawi,MWI,1996,49.90959930419922
Malawi,MWI,1999,33.046939849853516
Malawi,MWI,2005,17.182220458984375
Malawi,MWI,2006,20.285259246826172
Malawi,MWI,2007,18.352720260620117
Malawi,MWI,2008,19.531179428100586
Malawi,MWI,2009,20.20977020263672
Malawi,MWI,2010,19.493040084838867
Malawi,MWI,2011,19.85232925415039
Malawi,MWI,2012,19.41558074951172
Malawi,MWI,2013,21.55752944946289
Malawi,MWI,2014,23.298410415649414
Malawi,MWI,2015,24.0403995513916
Malaysia,MYS,1998,92.35951232910156
Malaysia,MYS,1999,87.1690673828125
Malaysia,MYS,2000,88.40863800048828
Malaysia,MYS,2001,85.48776245117188
Malaysia,MYS,2002,84.05728912353516
Malaysia,MYS,2003,94.09812927246094
Malaysia,MYS,2004,90.21788024902344
Malaysia,MYS,2005,86.41275787353516
Malaysia,MYS,2006,86.85272216796875
Malaysia,MYS,2007,86.97879791259766
Malaysia,MYS,2008,86.50514221191406
Malaysia,MYS,2009,85.11282348632812
Malaysia,MYS,2010,84.66087341308594
Malaysia,MYS,2011,85.04154968261719
Malaysia,MYS,2012,85.60540771484375
Malaysia,MYS,2013,82.98777770996094
Malaysia,MYS,2014,83.95919036865234
Malaysia,MYS,2015,86.24310302734375
Malaysia,MYS,2016,83.33721923828125
Malaysia,MYS,2017,83.29344177246094
Malaysia,MYS,2018,81.76969146728516
Malaysia,MYS,2019,84.9147720336914
Maldives,MDV,2005,92.83280181884766
Maldives,MDV,2006,82.53428649902344
Maldives,MDV,2007,97.62442016601562
Maldives,MDV,2008,103.62433624267578
Maldives,MDV,2010,101.2237777709961
Maldives,MDV,2011,94.02249908447266
Maldives,MDV,2012,97.63967895507812
Maldives,MDV,2013,101.62394714355469
Maldives,MDV,2014,97.79757690429688
Maldives,MDV,2015,99.52507019042969
Maldives,MDV,2016,102.2431869506836
Maldives,MDV,2017,108.18042755126953
Maldives,MDV,2018,111.28205108642578
Maldives,MDV,2019,111.17501831054688
Mali,MLI,1971,3.8928699493408203
Mali,MLI,1972,4.053860187530518
Mali,MLI,1973,4.6985697746276855
Mali,MLI,1974,4.263319969177246
Mali,MLI,1976,6.120920181274414
Mali,MLI,1978,7.120530128479004
Mali,MLI,1981,6.379240036010742
Mali,MLI,1982,5.225190162658691
Mali,MLI,1983,6.2512898445129395
Mali,MLI,1984,5.7687201499938965
Mali,MLI,1985,5.543729782104492
Mali,MLI,1986,5.485879898071289
Mali,MLI,1987,4.8302001953125
Mali,MLI,1988,4.8542799949646
Mali,MLI,2001,15.919580459594727
Mali,MLI,2002,16.590669631958008
Mali,MLI,2008,30.544729232788086
Mali,MLI,2009,33.82218933105469
Mali,MLI,2010,36.11354064941406
Mali,MLI,2011,40.03218078613281
Mali,MLI,2013,30.145889282226562
Mali,MLI,2014,33.35580825805664
Mali,MLI,2015,30.80514907836914
Mali,MLI,2016,30.61697006225586
Mali,MLI,2017,29.698169708251953
Malta,MLT,1971,22.125139236450195
Malta,MLT,1972,32.680580139160156
Malta,MLT,1973,37.32802963256836
Malta,MLT,1974,35.89786911010742
Malta,MLT,1975,52.33266067504883
Malta,MLT,1976,48.18635940551758
Malta,MLT,1977,46.79698181152344
Malta,MLT,1978,46.21794891357422
Malta,MLT,1979,49.00640869140625
Malta,MLT,1980,48.81190872192383
Malta,MLT,1981,36.223018646240234
Malta,MLT,1982,47.51403045654297
Malta,MLT,1983,48.24943161010742
Malta,MLT,1984,50.150020599365234
Malta,MLT,1985,49.619449615478516
Malta,MLT,1986,53.08818054199219
Malta,MLT,1987,45.35961151123047
Malta,MLT,1988,48.54035186767578
Malta,MLT,1989,49.6102409362793
Malta,MLT,1990,48.61566162109375
Malta,MLT,1991,55.581520080566406
Malta,MLT,1992,65.04872131347656
Malta,MLT,1993,64.6025390625
Malta,MLT,1994,65.02227020263672
Malta,MLT,1995,71.23194885253906
Malta,MLT,1996,70.11026000976562
Malta,MLT,1997,75.7235336303711
Malta,MLT,1998,80.23255920410156
Malta,MLT,1999,83.5621109008789
Malta,MLT,2000,83.55693054199219
Malta,MLT,2001,82.994140625
Malta,MLT,2002,87.05433654785156
Malta,MLT,2003,93.5405502319336
Malta,MLT,2004,96.31890869140625
Malta,MLT,2005,97.54386138916016
Malta,MLT,2006,99.66507720947266
Malta,MLT,2007,98.68327331542969
Malta,MLT,2008,96.94891357421875
Malta,MLT,2009,93.92540740966797
Malta,MLT,2010,100.03801727294922
Malta,MLT,2011,101.15753936767578
Malta,MLT,2012,103.43495178222656
Malta,MLT,2013,97.87516784667969
Malta,MLT,2014,101.23484802246094
Malta,MLT,2015,95.3620376586914
Malta,MLT,2016,100.44335174560547
Malta,MLT,2017,107.20948028564453
Malta,MLT,2018,103.97669982910156
Malta,MLT,2019,104.0221176147461
Marshall Islands,MHL,1999,100.57803344726562
Marshall Islands,MHL,2002,95.87184143066406
Marshall Islands,MHL,2007,95.6033706665039
Marshall Islands,MHL,2008,96.18250274658203
Marshall Islands,MHL,2009,95.69798278808594
Marshall Islands,MHL,2011,109.47532653808594
Marshall Islands,MHL,2019,95.33981323242188
Marshall Islands,MHL,2020,97.66838836669922
Mauritania,MRT,1978,5.078060150146484
Mauritania,MRT,1979,5.914649963378906
Mauritania,MRT,1980,7.3313398361206055
Mauritania,MRT,1981,8.218879699707031
Mauritania,MRT,1983,10.394789695739746
Mauritania,MRT,1985,12.463150024414062
Mauritania,MRT,1986,11.736539840698242
Mauritania,MRT,1987,12.6906099319458
Mauritania,MRT,1988,13.08489990234375
Mauritania,MRT,1989,11.668939590454102
Mauritania,MRT,1991,11.028670310974121
Mauritania,MRT,1992,11.55459976196289
Mauritania,MRT,1993,11.192130088806152
Mauritania,MRT,1994,11.47655963897705
Mauritania,MRT,1995,13.02517032623291
Mauritania,MRT,1999,13.752309799194336
Mauritania,MRT,2001,17.00868034362793
Mauritania,MRT,2002,16.15846061706543
Mauritania,MRT,2003,16.439390182495117
Mauritania,MRT,2004,16.564929962158203
Mauritania,MRT,2005,17.747159957885742
Mauritania,MRT,2006,20.397449493408203
Mauritania,MRT,2007,17.131099700927734
Mauritania,MRT,2009,16.9183406829834
Mauritania,MRT,2012,20.29693031311035
Mauritania,MRT,2014,29.5492000579834
Mauritania,MRT,2015,32.36714172363281
Mauritania,MRT,2016,29.44029998779297
Mauritania,MRT,2017,36.32630157470703
Mauritania,MRT,2018,41.85226821899414
Mauritania,MRT,2019,45.942291259765625
Mauritius,MUS,1973,40.24769973754883
Mauritius,MUS,1974,39.182350158691406
Mauritius,MUS,1975,37.638240814208984
Mauritius,MUS,1976,41.794010162353516
Mauritius,MUS,1977,45.10546875
Mauritius,MUS,1978,52.12228012084961
Mauritius,MUS,1979,64.19856262207031
Mauritius,MUS,1981,52.219390869140625
Mauritius,MUS,1982,50.42845153808594
Mauritius,MUS,1984,48.54827880859375
Mauritius,MUS,1985,50.83805847167969
Mauritius,MUS,1986,46.43172836303711
Mauritius,MUS,1987,46.989898681640625
Mauritius,MUS,1988,50.68312072753906
Mauritius,MUS,1989,62.798648834228516
Mauritius,MUS,1990,62.96001052856445
Mauritius,MUS,1991,64.03804779052734
Mauritius,MUS,1992,57.419761657714844
Mauritius,MUS,1993,64.08685302734375
Mauritius,MUS,1994,69.77364349365234
Mauritius,MUS,1995,74.72612762451172
Mauritius,MUS,1996,70.80599212646484
Mauritius,MUS,1997,70.47244262695312
Mauritius,MUS,1998,74.18327331542969
Mauritius,MUS,1999,71.30413055419922
Mauritius,MUS,2000,75.39080810546875
Mauritius,MUS,2001,75.7374496459961
Mauritius,MUS,2002,74.49240112304688
Mauritius,MUS,2003,78.05081939697266
Mauritius,MUS,2004,76.99211883544922
Mauritius,MUS,2005,80.51870727539062
Mauritius,MUS,2006,77.90476989746094
Mauritius,MUS,2007,78.34938049316406
Mauritius,MUS,2008,83.90186309814453
Mauritius,MUS,2009,84.05705261230469
Mauritius,MUS,2010,81.94317626953125
Mauritius,MUS,2011,84.68097686767578
Mauritius,MUS,2012,82.34026336669922
Mauritius,MUS,2013,84.59484100341797
Mauritius,MUS,2014,85.88204956054688
Mauritius,MUS,2015,84.16783142089844
Mauritius,MUS,2016,88.49002838134766
Mauritius,MUS,2017,84.17671203613281
Mauritius,MUS,2018,86.75364685058594
Mauritius,MUS,2019,89.21405029296875
Mauritius,MUS,2020,102.64420318603516
Mauritius,MUS,2021,102.64420318603516
Mexico,MEX,1977,39.06462097167969
Mexico,MEX,1978,41.11484909057617
Mexico,MEX,1979,44.44417953491211
Mexico,MEX,1980,48.481929779052734
Mexico,MEX,1981,48.863521575927734
Mexico,MEX,1982,52.523048400878906
Mexico,MEX,1983,54.14385986328125
Mexico,MEX,1985,60.3698616027832
Mexico,MEX,1986,61.580448150634766
Mexico,MEX,1987,62.13488006591797
Mexico,MEX,1988,62.16419982910156
Mexico,MEX,1989,63.200801849365234
Mexico,MEX,1990,61.87192916870117
Mexico,MEX,1991,60.191341400146484
Mexico,MEX,1992,59.84381866455078
Mexico,MEX,1993,59.32149124145508
Mexico,MEX,1994,60.51647186279297
Mexico,MEX,1995,61.64936065673828
Mexico,MEX,1997,66.88799285888672
Mexico,MEX,2000,70.2466812133789
Mexico,MEX,2002,74.81880187988281
Mexico,MEX,2003,77.86756134033203
Mexico,MEX,2004,80.13591003417969
Mexico,MEX,2005,82.11016845703125
Mexico,MEX,2006,81.8242416381836
Mexico,MEX,2007,82.30123901367188
Mexico,MEX,2008,82.3714370727539
Mexico,MEX,2009,84.53265380859375
Mexico,MEX,2010,85.08161926269531
Mexico,MEX,2011,85.35581970214844
Mexico,MEX,2012,85.37721252441406
Mexico,MEX,2013,86.93408966064453
Mexico,MEX,2014,87.26725769042969
Mexico,MEX,2015,92.9643325805664
Mexico,MEX,2016,96.01551818847656
Mexico,MEX,2017,97.19029998779297
Mexico,MEX,2018,91.48665618896484
Mexico,MEX,2019,90.6881332397461
Micronesia (country),FSM,2013,85.22087860107422
Micronesia (country),FSM,2014,91.59526824951172
Micronesia (country),FSM,2015,83.19535827636719
Micronesia (country),FSM,2016,80.24430847167969
Micronesia (country),FSM,2017,83.78263092041016
Micronesia (country),FSM,2018,86.89299774169922
Micronesia (country),FSM,2019,79.4520492553711
Middle East and North Africa,,1970,29.471040725708008
Middle East and North Africa,,1971,29.44428062438965
Middle East and North Africa,,1972,30.012950897216797
Middle East and North Africa,,1973,30.461929321289062
Middle East and North Africa,,1974,30.61941909790039
Middle East and North Africa,,1975,31.58782958984375
Middle East and North Africa,,1976,32.46274948120117
Middle East and North Africa,,1977,33.96168899536133
Middle East and North Africa,,1978,36.6209716796875
Middle East and North Africa,,1979,37.35173034667969
Middle East and North Africa,,1980,38.125301361083984
Middle East and North Africa,,1981,38.75400161743164
Middle East and North Africa,,1982,39.2781982421875
Middle East and North Africa,,1983,40.17591857910156
Middle East and North Africa,,1984,41.69453811645508
Middle East and North Africa,,1985,43.51205062866211
Middle East and North Africa,,1986,45.361698150634766
Middle East and North Africa,,1987,46.23379135131836
Middle East and North Africa,,1988,48.50505065917969
Middle East and North Africa,,1989,49.86970138549805
Middle East and North Africa,,1990,51.20637130737305
Middle East and North Africa,,1991,51.266510009765625
Middle East and North Africa,,1992,53.06272888183594
Middle East and North Africa,,1993,54.68342971801758
Middle East and North Africa,,1994,57.11703109741211
Middle East and North Africa,,1995,58.32400131225586
Middle East and North Africa,,1996,59.337059020996094
Middle East and North Africa,,1997,59.88024139404297
Middle East and North Africa,,1998,60.9121208190918
Middle East and North Africa,,1999,62.003570556640625
Middle East and North Africa,,2000,63.306358337402344
Middle East and North Africa,,2001,64.35865783691406
Middle East and North Africa,,2002,66.19715118408203
Middle East and North Africa,,2003,68.29717254638672
Middle East and North Africa,,2004,68.96797943115234
Middle East and North Africa,,2005,69.87068939208984
Middle East and North Africa,,2006,68.53605651855469
Middle East and North Africa,,2007,68.53572845458984
Middle East and North Africa,,2008,68.5782470703125
Middle East and North Africa,,2009,70.76596069335938
Middle East and North Africa,,2010,70.36988067626953
Middle East and North Africa,,2011,72.32266998291016
Middle East and North Africa,,2012,77.08061981201172
Middle East and North Africa,,2013,73.84586334228516
Middle East and North Africa,,2014,73.66258239746094
Middle East and North Africa,,2015,74.40957641601562
Middle East and North Africa,,2016,74.79454803466797
Middle East and North Africa,,2017,74.7701187133789
Middle East and North Africa,,2018,75.78752136230469
Middle East and North Africa,,2019,76.8110122680664
Middle East and North Africa,,2020,77.14196014404297
Middle income,,1986,48.92020034790039
Middle income,,1987,49.15660858154297
Middle income,,1988,49.801639556884766
Middle income,,1989,50.13026809692383
Middle income,,1990,50.45582962036133
Middle income,,1991,51.306880950927734
Middle income,,1992,52.71358108520508
Middle income,,1993,54.173160552978516
Middle income,,1994,54.891380310058594
Middle income,,1995,55.885520935058594
Middle income,,1996,57.15021896362305
Middle income,,1997,59.48933029174805
Middle income,,1998,60.65534973144531
Middle income,,1999,62.00156021118164
Middle income,,2000,63.38642120361328
Middle income,,2001,65.02449798583984
Middle income,,2002,67.16178131103516
Middle income,,2003,69.26490783691406
Middle income,,2004,70.32447814941406
Middle income,,2005,70.8838119506836
Middle income,,2006,71.34285736083984
Middle income,,2007,72.34774780273438
Middle income,,2008,73.59562683105469
Middle income,,2009,74.47930908203125
Middle income,,2010,75.48946380615234
Middle income,,2011,76.73155975341797
Middle income,,2012,76.87483215332031
Middle income,,2013,76.86937713623047
Middle income,,2014,77.31852722167969
Middle income,,2015,78.37001037597656
Middle income,,2016,79.0495834350586
Middle income,,2017,78.49259185791016
Middle income,,2018,78.50942993164062
Middle income,,2019,79.27285766601562
Middle income,,2020,80.34825134277344
Moldova,MDA,2014,101.50845336914062
Moldova,MDA,2015,104.33818054199219
Moldova,MDA,2016,100.70359802246094
Moldova,MDA,2017,106.03838348388672
Moldova,MDA,2018,107.20124816894531
Moldova,MDA,2019,108.4913101196289
Moldova,MDA,2020,106.66803741455078
Mongolia,MNG,1974,52.70539093017578
Mongolia,MNG,1975,62.54751968383789
Mongolia,MNG,1976,70.62906646728516
Mongolia,MNG,1978,81.32494354248047
Mongolia,MNG,1979,83.22371673583984
Mongolia,MNG,1980,84.63253784179688
Mongolia,MNG,1995,63.67436981201172
Mongolia,MNG,1996,108.91184997558594
Mongolia,MNG,1997,58.23305130004883
Mongolia,MNG,1999,57.671321868896484
Mongolia,MNG,2000,62.71828842163086
Mongolia,MNG,2001,66.69103240966797
Mongolia,MNG,2002,78.49713897705078
Mongolia,MNG,2003,79.93917846679688
Mongolia,MNG,2004,82.98896026611328
Mongolia,MNG,2005,89.7717514038086
Mongolia,MNG,2006,94.61215209960938
Mongolia,MNG,2007,93.67011260986328
Mongolia,MNG,2008,91.0827407836914
Mongolia,MNG,2009,91.27665710449219
Mongolia,MNG,2010,106.5424575805664
Mongolia,MNG,2018,105.17240905761719
Mongolia,MNG,2019,94.79229736328125
Montenegro,MNE,2011,76.98552703857422
Montenegro,MNE,2012,96.72308349609375
Montenegro,MNE,2015,92.37507629394531
Montenegro,MNE,2016,97.12786865234375
Montenegro,MNE,2017,99.40302276611328
Montenegro,MNE,2018,95.21057891845703
Montenegro,MNE,2019,89.94477844238281
Montenegro,MNE,2020,89.68993377685547
Morocco,MAR,1971,10.735349655151367
Morocco,MAR,1972,10.173810005187988
Morocco,MAR,1973,8.776689529418945
Morocco,MAR,1975,10.840700149536133
Morocco,MAR,1976,12.315549850463867
Morocco,MAR,1977,12.893850326538086
Morocco,MAR,1978,14.841309547424316
Morocco,MAR,1979,17.805679321289062
Morocco,MAR,1980,18.678789138793945
Morocco,MAR,1981,19.424409866333008
Morocco,MAR,1983,22.302570343017578
Morocco,MAR,1985,24.54388999938965
Morocco,MAR,1986,26.95231056213379
Morocco,MAR,1987,27.373140335083008
Morocco,MAR,1988,29.829320907592773
Morocco,MAR,1989,32.29391098022461
Morocco,MAR,1990,33.16986846923828
Morocco,MAR,1991,34.13261032104492
Morocco,MAR,1992,32.016639709472656
Morocco,MAR,1993,29.871559143066406
Morocco,MAR,1994,32.88098907470703
Morocco,MAR,1995,33.1893310546875
Morocco,MAR,1997,32.62459945678711
Morocco,MAR,1999,31.452899932861328
Morocco,MAR,2000,33.409751892089844
Morocco,MAR,2001,35.47795104980469
Morocco,MAR,2002,39.19831848144531
Morocco,MAR,2003,40.24610137939453
Morocco,MAR,2004,41.84627151489258
Morocco,MAR,2006,46.963260650634766
Morocco,MAR,2007,51.23421859741211
Morocco,MAR,2008,54.098968505859375
Morocco,MAR,2009,59.32345962524414
Morocco,MAR,2010,59.96781921386719
Morocco,MAR,2011,61.53364944458008
Morocco,MAR,2012,63.30104064941406
Morocco,MAR,2013,65.83206176757812
Morocco,MAR,2014,68.4906005859375
Morocco,MAR,2015,70.65762329101562
Morocco,MAR,2016,67.97007751464844
Morocco,MAR,2017,65.01004028320312
Morocco,MAR,2018,64.91828155517578
Morocco,MAR,2019,64.4070816040039
Morocco,MAR,2020,67.9056625366211
Mozambique,MOZ,1983,9.516759872436523
Mozambique,MOZ,1985,11.408960342407227
Mozambique,MOZ,1986,10.975460052490234
Mozambique,MOZ,1990,9.455400466918945
Mozambique,MOZ,1992,9.275079727172852
Mozambique,MOZ,1993,9.043530464172363
Mozambique,MOZ,1994,8.883390426635742
Mozambique,MOZ,1995,9.510270118713379
Mozambique,MOZ,1999,2.7702600955963135
Mozambique,MOZ,2000,3.8728699684143066
Mozambique,MOZ,2002,5.769539833068848
Mozambique,MOZ,2004,7.3421101570129395
Mozambique,MOZ,2005,9.825030326843262
Mozambique,MOZ,2006,10.829090118408203
Mozambique,MOZ,2007,13.62224006652832
Mozambique,MOZ,2008,17.627220153808594
Mozambique,MOZ,2009,19.697750091552734
Mozambique,MOZ,2010,21.112329483032227
Mozambique,MOZ,2011,22.77174949645996
Mozambique,MOZ,2012,22.652690887451172
Mozambique,MOZ,2013,22.984529495239258
Mozambique,MOZ,2014,22.60487937927246
Mozambique,MOZ,2015,22.94938087463379
Mozambique,MOZ,2017,22.81743049621582
Mozambique,MOZ,2019,24.23402976989746
Myanmar,MMR,1971,12.897210121154785
Myanmar,MMR,1972,12.036029815673828
Myanmar,MMR,1973,13.38286018371582
Myanmar,MMR,1974,12.702759742736816
Myanmar,MMR,1999,30.011320114135742
Myanmar,MMR,2000,33.18989944458008
Myanmar,MMR,2001,33.7735710144043
Myanmar,MMR,2002,34.40874099731445
Myanmar,MMR,2003,35.070228576660156
Myanmar,MMR,2004,40.15821075439453
Myanmar,MMR,2005,39.93925857543945
Myanmar,MMR,2006,41.84267044067383
Myanmar,MMR,2007,40.37797164916992
Myanmar,MMR,2009,43.89393997192383
Myanmar,MMR,2010,43.79158020019531
Myanmar,MMR,2014,49.045021057128906
Myanmar,MMR,2016,54.66938018798828
Myanmar,MMR,2017,61.0688591003418
Myanmar,MMR,2018,64.77478790283203
Namibia,NAM,1992,43.88718032836914
Namibia,NAM,1994,47.992618560791016
Namibia,NAM,1995,50.73691940307617
Namibia,NAM,1996,53.04304885864258
Namibia,NAM,1997,53.39070129394531
Namibia,NAM,1998,53.05485916137695
Namibia,NAM,1999,52.84341049194336
Namibia,NAM,2000,52.07585144042969
Namibia,NAM,2005,60.780879974365234
Namibia,NAM,2006,61.577510833740234
Namibia,NAM,2008,60.413848876953125
Namibia,NAM,2009,63.10955810546875
Namibia,NAM,2010,60.82508850097656
Namibia,NAM,2012,60.97283935546875
Namibia,NAM,2013,62.11043930053711
Namibia,NAM,2015,68.55815124511719
Namibia,NAM,2016,70.72283935546875
Namibia,NAM,2017,76.70767211914062
Namibia,NAM,2018,85.2198486328125
Nauru,NRU,1998,34.567901611328125
Nauru,NRU,2001,35.64815139770508
Nauru,NRU,2002,33.658538818359375
Nauru,NRU,2012,73.30097198486328
Nauru,NRU,2019,86.5671615600586
Nepal,NPL,1988,31.341129302978516
Nepal,NPL,1991,34.04022979736328
Nepal,NPL,1992,36.88719940185547
Nepal,NPL,1999,38.80160140991211
Nepal,NPL,2000,42.37765884399414
Nepal,NPL,2001,46.17631912231445
Nepal,NPL,2002,48.53813171386719
Nepal,NPL,2003,47.73200988769531
Nepal,NPL,2008,60.56182098388672
Nepal,NPL,2010,66.62116241455078
Nepal,NPL,2011,67.24922943115234
Nepal,NPL,2012,73.63050842285156
Nepal,NPL,2013,79.16641235351562
Nepal,NPL,2014,83.66175079345703
Nepal,NPL,2015,86.61103820800781
Nepal,NPL,2016,89.61534881591797
Nepal,NPL,2017,94.60299682617188
Nepal,NPL,2019,99.45909881591797
Nepal,NPL,2020,99.45915222167969
Netherlands,NLD,1971,53.518768310546875
Netherlands,NLD,1972,48.58272171020508
Netherlands,NLD,1973,51.96015930175781
Netherlands,NLD,1974,54.862850189208984
Netherlands,NLD,1975,55.131988525390625
Netherlands,NLD,1976,56.0359992980957
Netherlands,NLD,1977,56.657569885253906
Netherlands,NLD,1978,56.981658935546875
Netherlands,NLD,1979,57.89820861816406
Netherlands,NLD,1980,57.74668884277344
Netherlands,NLD,1981,57.98564147949219
Netherlands,NLD,1982,58.24557113647461
Netherlands,NLD,1983,58.56882858276367
Netherlands,NLD,1984,62.07329177856445
Netherlands,NLD,1985,63.45481872558594
Netherlands,NLD,1986,64.02297973632812
Netherlands,NLD,1987,63.87269973754883
Netherlands,NLD,1988,62.88758087158203
Netherlands,NLD,1989,61.44841003417969
Netherlands,NLD,1990,62.414459228515625
Netherlands,NLD,1991,62.43302917480469
Netherlands,NLD,1992,64.13651275634766
Netherlands,NLD,1999,61.547630310058594
Nicaragua,NIC,1979,20.2099609375
Nicaragua,NIC,1987,22.347509384155273
Nicaragua,NIC,1988,26.748939514160156
Nicaragua,NIC,1989,23.277320861816406
Nicaragua,NIC,1991,29.50197982788086
Nicaragua,NIC,1992,27.57073974609375
Nicaragua,NIC,1993,27.63347053527832
Nicaragua,NIC,1994,29.376859664916992
Nicaragua,NIC,1995,32.62963104248047
Nicaragua,NIC,1999,43.341468811035156
Nicaragua,NIC,2000,44.49509048461914
Nicaragua,NIC,2001,45.61838912963867
Nicaragua,NIC,2002,49.35443878173828
Nicaragua,NIC,2004,54.42845916748047
Nicaragua,NIC,2005,58.82727813720703
Nicaragua,NIC,2006,60.08034133911133
Nicaragua,NIC,2007,62.28778839111328
Nicaragua,NIC,2008,59.90998840332031
Nicaragua,NIC,2010,66.41755676269531
Niger,NER,1971,0.6187400221824646
Niger,NER,1972,0.8601700067520142
Niger,NER,1973,1.1741100549697876
Niger,NER,1974,1.3878200054168701
Niger,NER,1975,1.4826200008392334
Niger,NER,1976,1.4912400245666504
Niger,NER,1977,2.096909999847412
Niger,NER,1978,2.19323992729187
Niger,NER,1979,2.7189900875091553
Niger,NER,1981,4.247010231018066
Niger,NER,1986,5.4753499031066895
Niger,NER,1989,4.427720069885254
Niger,NER,1990,4.985360145568848
Niger,NER,1991,5.138299942016602
Niger,NER,1992,5.0523600578308105
Niger,NER,1997,6.384699821472168
Niger,NER,2000,4.777890205383301
Niger,NER,2001,4.859580039978027
Niger,NER,2002,4.444580078125
Niger,NER,2003,4.845479965209961
Niger,NER,2004,6.821760177612305
Niger,NER,2005,7.111599922180176
Niger,NER,2006,7.901569843292236
Niger,NER,2007,7.573760032653809
Niger,NER,2008,8.780340194702148
Niger,NER,2009,8.854789733886719
Niger,NER,2010,8.676429748535156
Niger,NER,2011,9.998950004577637
Niger,NER,2012,11.526849746704102
Niger,NER,2013,12.048370361328125
Niger,NER,2014,12.214460372924805
Niger,NER,2015,15.263050079345703
Niger,NER,2016,16.55592918395996
Niger,NER,2017,17.789350509643555
Niger,NER,2018,18.971200942993164
Niger,NER,2019,17.657529830932617
Nigeria,NGA,2000,25.068899154663086
Nigeria,NGA,2001,26.872989654541016
Nigeria,NGA,2003,37.0565299987793
Nigeria,NGA,2010,47.069149017333984
North America,,2016,95.99739074707031
North America,,2017,96.0585708618164
North America,,2018,94.78836059570312
North America,,2019,94.76766204833984
North America,,2020,94.73213958740234
North Macedonia,MKD,1993,88.23265838623047
North Macedonia,MKD,1994,88.43209075927734
North Macedonia,MKD,1995,88.34867858886719
North Macedonia,MKD,1996,89.5684585571289
North Macedonia,MKD,1997,89.98687744140625
North Macedonia,MKD,1999,90.58802795410156
North Macedonia,MKD,2000,91.3597183227539
North Macedonia,MKD,2001,91.57103729248047
North Macedonia,MKD,2002,94.36518859863281
North Macedonia,MKD,2003,92.7052993774414
North Macedonia,MKD,2004,88.68917846679688
North Macedonia,MKD,2005,90.224853515625
North Macedonia,MKD,2006,91.00369262695312
North Macedonia,MKD,2007,88.92030334472656
North Macedonia,MKD,2008,87.36422729492188
North Macedonia,MKD,2009,88.79332733154297
North Macedonia,MKD,2010,87.68081665039062
North Macedonia,MKD,2015,88.08535766601562
North Macedonia,MKD,2017,85.25676727294922
North Macedonia,MKD,2018,86.17952728271484
Norway,NOR,1998,100.75475311279297
Norway,NOR,1999,97.738037109375
Norway,NOR,2000,97.27813720703125
Norway,NOR,2001,96.84947967529297
Norway,NOR,2002,96.93657684326172
Norway,NOR,2003,97.2920913696289
Norway,NOR,2004,100.77381134033203
Norway,NOR,2005,102.11942291259766
Norway,NOR,2006,102.94712829589844
Norway,NOR,2007,102.18206787109375
Norway,NOR,2008,100.19695281982422
Norway,NOR,2009,97.61901092529297
Norway,NOR,2010,97.76789093017578
Norway,NOR,2011,99.09300994873047
Norway,NOR,2012,100.48956298828125
Norway,NOR,2013,99.97535705566406
Norway,NOR,2014,97.12915802001953
Norway,NOR,2015,99.6518783569336
Norway,NOR,2016,101.06675720214844
Norway,NOR,2017,98.49141693115234
Norway,NOR,2018,97.68485260009766
Norway,NOR,2019,99.69271087646484
Oman,OMN,1974,0.23962999880313873
Oman,OMN,1975,0.5724200010299683
Oman,OMN,1976,0.8369500041007996
Oman,OMN,1977,1.3670099973678589
Oman,OMN,1978,2.4640700817108154
Oman,OMN,1979,3.5844600200653076
Oman,OMN,1983,18.056730270385742
Oman,OMN,1984,19.208539962768555
Oman,OMN,1985,21.99197006225586
Oman,OMN,1986,24.764179229736328
Oman,OMN,1987,29.648460388183594
Oman,OMN,1988,30.18613052368164
Oman,OMN,1989,36.011741638183594
Oman,OMN,1990,36.002079010009766
Oman,OMN,1992,50.22637176513672
Oman,OMN,1994,57.56221008300781
Oman,OMN,1995,63.000789642333984
Oman,OMN,1996,66.44532775878906
Oman,OMN,1997,60.1787109375
Oman,OMN,2000,73.24021911621094
Oman,OMN,2001,81.21510314941406
Oman,OMN,2002,81.95673370361328
Oman,OMN,2003,82.29649353027344
Oman,OMN,2009,105.48235321044922
Oman,OMN,2011,99.24752044677734
Oman,OMN,2012,93.5427017211914
Oman,OMN,2013,90.08660125732422
Oman,OMN,2014,98.7672119140625
Oman,OMN,2015,102.16864013671875
Oman,OMN,2016,102.34729766845703
Oman,OMN,2017,101.77680206298828
Oman,OMN,2018,103.5489273071289
Oman,OMN,2019,105.94859313964844
Oman,OMN,2020,112.6933364868164
Pakistan,PAK,2004,32.295711517333984
Pakistan,PAK,2005,32.46274948120117
Pakistan,PAK,2008,38.028438568115234
Pakistan,PAK,2009,38.94070053100586
Pakistan,PAK,2010,38.46149826049805
Pakistan,PAK,2011,38.40102005004883
Pakistan,PAK,2012,40.83816909790039
Pakistan,PAK,2013,42.76747131347656
Pakistan,PAK,2014,44.668609619140625
Pakistan,PAK,2015,45.49245071411133
Pakistan,PAK,2016,47.00148010253906
Pakistan,PAK,2017,46.92578887939453
Pakistan,PAK,2018,48.33433151245117
Pakistan,PAK,2019,48.96841049194336
Palau,PLW,2004,91.19999694824219
Palau,PLW,2014,108.52017974853516
Palestine,PSE,1999,65.08406066894531
Palestine,PSE,2000,65.19629669189453
Palestine,PSE,2001,67.48738098144531
Palestine,PSE,2002,69.77584075927734
Palestine,PSE,2003,73.81983947753906
Palestine,PSE,2004,81.5429916381836
Palestine,PSE,2006,85.0843276977539
Palestine,PSE,2007,88.01377868652344
Palestine,PSE,2008,84.2057876586914
Palestine,PSE,2009,90.19217681884766
Palestine,PSE,2010,81.66607666015625
Palestine,PSE,2011,83.29058837890625
Palestine,PSE,2012,78.59133911132812
Palestine,PSE,2013,77.30152130126953
Palestine,PSE,2014,75.95150756835938
Palestine,PSE,2015,76.82093811035156
Palestine,PSE,2016,80.99862670898438
Palestine,PSE,2017,81.7267074584961
Palestine,PSE,2018,89.5035400390625
Palestine,PSE,2019,93.4770278930664
Palestine,PSE,2020,93.10601806640625
Panama,PAN,1972,30.290109634399414
Panama,PAN,1973,31.085559844970703
Panama,PAN,1974,38.361751556396484
Panama,PAN,1975,40.70825958251953
Panama,PAN,1976,41.84675979614258
Panama,PAN,1977,42.91997146606445
Panama,PAN,1978,45.10628128051758
Panama,PAN,1979,47.61668014526367
Panama,PAN,1982,55.85512161254883
Panama,PAN,1983,56.062408447265625
Panama,PAN,1984,57.03025817871094
Panama,PAN,1985,56.94443893432617
Panama,PAN,1986,56.922210693359375
Panama,PAN,1987,54.403011322021484
Panama,PAN,1988,56.67839813232422
Panama,PAN,2004,45.46615982055664
Panama,PAN,2005,47.475181579589844
Panama,PAN,2006,65.75624084472656
Panama,PAN,2007,65.91190338134766
Panama,PAN,2008,65.92196655273438
Panama,PAN,2009,67.99829864501953
Panama,PAN,2010,69.93414306640625
Panama,PAN,2011,70.36273193359375
Panama,PAN,2012,74.19058990478516
Panama,PAN,2017,76.80484771728516
Panama,PAN,2020,71.59194946289062
Papua New Guinea,PNG,1998,24.87851905822754
Papua New Guinea,PNG,2012,60.04634094238281
Papua New Guinea,PNG,2018,37.171180725097656
Paraguay,PRY,2001,70.18488311767578
Paraguay,PRY,2002,70.40397644042969
Paraguay,PRY,2003,68.85843658447266
Paraguay,PRY,2004,69.62046813964844
Paraguay,PRY,2005,86.43643951416016
Paraguay,PRY,2007,80.46382141113281
Paraguay,PRY,2008,79.3377914428711
Paraguay,PRY,2009,68.76268005371094
Paraguay,PRY,2010,69.9415512084961
Paraguay,PRY,2011,71.67613220214844
Paraguay,PRY,2012,73.37699127197266
Paraguay,PRY,2013,72.14054107666016
Paraguay,PRY,2014,71.02745056152344
Paraguay,PRY,2015,69.40081787109375
Paraguay,PRY,2016,70.79884338378906
Paraguay,PRY,2020,65.82698822021484
Peru,PER,1970,28.26297950744629
Peru,PER,1974,30.577299118041992
Peru,PER,1975,34.808868408203125
Peru,PER,1976,40.1892204284668
Peru,PER,1977,43.36806106567383
Peru,PER,1978,45.01433181762695
Peru,PER,1979,54.788761138916016
Peru,PER,1980,52.823890686035156
Peru,PER,1981,54.9149284362793
Peru,PER,1985,58.803489685058594
Peru,PER,1995,66.40479278564453
Peru,PER,2000,75.33197784423828
Peru,PER,2001,78.37129974365234
Peru,PER,2002,82.18608856201172
Peru,PER,2004,81.09835052490234
Peru,PER,2005,80.13603210449219
Peru,PER,2006,83.1701431274414
Peru,PER,2008,83.96074676513672
Peru,PER,2009,86.6104507446289
Peru,PER,2010,86.3023681640625
Peru,PER,2011,85.70649719238281
Peru,PER,2012,80.07784271240234
Peru,PER,2013,87.35487365722656
Peru,PER,2014,86.56665802001953
Peru,PER,2015,87.4405288696289
Peru,PER,2016,90.23062133789062
Peru,PER,2017,93.56619262695312
Peru,PER,2018,97.97501373291016
Peru,PER,2019,101.63243865966797
Philippines,PHL,1990,66.04930877685547
Philippines,PHL,1992,68.40097045898438
Philippines,PHL,1998,69.75507354736328
Philippines,PHL,1999,69.31871795654297
Philippines,PHL,2001,67.7397232055664
Philippines,PHL,2002,68.74947357177734
Philippines,PHL,2003,72.16313171386719
Philippines,PHL,2004,81.67015838623047
Philippines,PHL,2005,78.72586059570312
Philippines,PHL,2006,75.54032135009766
Philippines,PHL,2007,68.10331726074219
Philippines,PHL,2008,80.6056137084961
Philippines,PHL,2009,77.58297729492188
Philippines,PHL,2014,81.00196838378906
Philippines,PHL,2017,78.2043228149414
Philippines,PHL,2018,80.51812744140625
Philippines,PHL,2019,83.08798217773438
Poland,POL,1971,90.98062896728516
Poland,POL,1972,89.55824279785156
Poland,POL,1973,88.09300231933594
Poland,POL,1974,88.6386489868164
Poland,POL,1975,90.35053253173828
Poland,POL,1976,92.71711730957031
Poland,POL,1977,93.52220916748047
Poland,POL,1979,96.13436889648438
Poland,POL,1980,94.89794921875
Poland,POL,1981,94.72025299072266
Poland,POL,1982,92.61461639404297
Poland,POL,1983,88.67460632324219
Poland,POL,1984,89.84454345703125
Poland,POL,1985,92.3894271850586
Poland,POL,1986,91.57003784179688
Poland,POL,1987,92.76412200927734
Poland,POL,1989,95.58277130126953
Poland,POL,1990,97.74169921875
Poland,POL,1991,98.69072723388672
Poland,POL,1992,97.53803253173828
Poland,POL,1993,98.40778350830078
Poland,POL,1994,98.73554992675781
Poland,POL,1995,94.32974243164062
Poland,POL,1996,90.93975830078125
Poland,POL,1997,95.17167663574219
Poland,POL,1998,96.89289093017578
Poland,POL,1999,98.20702362060547
Poland,POL,2002,92.74215698242188
Poland,POL,2003,94.2767562866211
Poland,POL,2004,96.45880126953125
Poland,POL,2005,96.49990844726562
Poland,POL,2013,93.89488220214844
Poland,POL,2014,94.168701171875
Poland,POL,2015,95.03196716308594
Poland,POL,2016,96.85803985595703
Poland,POL,2017,97.6949234008789
Poland,POL,2018,99.94830322265625
Poland,POL,2019,103.30686950683594
Portugal,PRT,1972,23.620330810546875
Portugal,PRT,1973,28.025360107421875
Portugal,PRT,1974,33.97174072265625
Portugal,PRT,1975,35.566131591796875
Portugal,PRT,1976,38.70716094970703
Portugal,PRT,1977,34.7353401184082
Portugal,PRT,1978,51.70241928100586
Portugal,PRT,1985,35.713138580322266
Portugal,PRT,1986,41.43423080444336
Portugal,PRT,1990,51.89458084106445
Portugal,PRT,1991,56.128570556640625
Portugal,PRT,2018,94.89417266845703
Portugal,PRT,2019,93.60310363769531
Qatar,QAT,1971,31.80872917175293
Qatar,QAT,1972,31.169429779052734
Qatar,QAT,1973,37.551700592041016
Qatar,QAT,1974,36.07115936279297
Qatar,QAT,1975,40.81996154785156
Qatar,QAT,1976,48.20745086669922
Qatar,QAT,1977,49.86729049682617
Qatar,QAT,1978,52.08401107788086
Qatar,QAT,1979,59.56779861450195
Qatar,QAT,1980,61.89051818847656
Qatar,QAT,1981,60.18809127807617
Qatar,QAT,1982,61.68352127075195
Qatar,QAT,1983,77.47003936767578
Qatar,QAT,1984,66.70086669921875
Qatar,QAT,1985,69.33721923828125
Qatar,QAT,1986,70.20342254638672
Qatar,QAT,1987,58.067161560058594
Qatar,QAT,1988,58.519630432128906
Qatar,QAT,1989,57.553829193115234
Qatar,QAT,1990,60.26200866699219
Qatar,QAT,1991,66.72630310058594
Qatar,QAT,1992,63.669700622558594
Qatar,QAT,1993,73.83222198486328
Qatar,QAT,1994,72.8366470336914
Qatar,QAT,1995,70.12930297851562
Qatar,QAT,1996,68.98161315917969
Qatar,QAT,2005,96.67530059814453
Qatar,QAT,2006,88.64385986328125
Qatar,QAT,2007,87.39488220214844
Qatar,QAT,2008,106.1620864868164
Qatar,QAT,2009,118.64974975585938
Qatar,QAT,2011,113.63214111328125
Qatar,QAT,2013,83.57904052734375
Qatar,QAT,2014,85.01580047607422
Qatar,QAT,2015,89.19589233398438
Qatar,QAT,2016,90.8825912475586
Qatar,QAT,2017,84.58808898925781
Qatar,QAT,2018,89.22702026367188
Qatar,QAT,2019,94.83698272705078
Qatar,QAT,2020,93.64991760253906
Romania,ROU,1993,76.19654083251953
Romania,ROU,1996,80.84841918945312
Romania,ROU,1997,79.26850891113281
Romania,ROU,1999,84.1055679321289
Romania,ROU,2001,85.82952880859375
Romania,ROU,2002,86.39555358886719
Romania,ROU,2003,85.68486785888672
Romania,ROU,2004,87.20478820800781
Romania,ROU,2005,86.18374633789062
Romania,ROU,2006,82.89734649658203
Romania,ROU,2007,88.74555206298828
Romania,ROU,2008,91.6295394897461
Romania,ROU,2009,92.83528137207031
Romania,ROU,2010,90.79528045654297
Romania,ROU,2011,105.90724182128906
Romania,ROU,2012,86.8611831665039
Romania,ROU,2013,87.2910385131836
Romania,ROU,2014,89.94735717773438
Romania,ROU,2015,90.83973693847656
Romania,ROU,2016,89.04149627685547
Romania,ROU,2017,86.53457641601562
Romania,ROU,2018,88.0100326538086
Romania,ROU,2019,88.54532623291016
Russia,RUS,1994,86.17749786376953
Russia,RUS,1999,89.59942626953125
Russia,RUS,2001,88.26531982421875
Russia,RUS,2002,90.75335693359375
Russia,RUS,2003,89.4661865234375
Russia,RUS,2004,83.77629089355469
Russia,RUS,2005,80.33177947998047
Russia,RUS,2006,74.9905776977539
Russia,RUS,2007,72.17082214355469
Russia,RUS,2008,71.61820983886719
Russia,RUS,2009,71.50826263427734
Russia,RUS,2011,86.11064147949219
Russia,RUS,2012,86.6355209350586
Russia,RUS,2013,91.08609771728516
Russia,RUS,2014,96.00012969970703
Russia,RUS,2015,95.4393310546875
Russia,RUS,2016,95.9312515258789
Russia,RUS,2018,103.40499114990234
Russia,RUS,2019,103.98931884765625
Rwanda,RWA,1971,1.569000005722046
Rwanda,RWA,1972,1.7764999866485596
Rwanda,RWA,1973,1.7077800035476685
Rwanda,RWA,1974,1.3516700267791748
Rwanda,RWA,1975,1.5385799407958984
Rwanda,RWA,1976,1.7352099418640137
Rwanda,RWA,1977,1.6683499813079834
Rwanda,RWA,1978,1.8667399883270264
Rwanda,RWA,1986,1.2246899604797363
Rwanda,RWA,1987,0.9545000195503235
Rwanda,RWA,1988,1.017899990081787
Rwanda,RWA,1989,1.5786700248718262
Rwanda,RWA,1990,1.7189300060272217
Rwanda,RWA,1991,1.6399799585342407
Rwanda,RWA,1992,1.7418299913406372
Rwanda,RWA,2012,36.103660583496094
Rwanda,RWA,2014,35.79785919189453
Rwanda,RWA,2015,34.74531936645508
Rwanda,RWA,2016,35.244659423828125
Rwanda,RWA,2017,37.66373062133789
Rwanda,RWA,2018,36.79467010498047
Rwanda,RWA,2019,42.498680114746094
Saint Kitts and Nevis,KNA,2001,111.69451141357422
Saint Kitts and Nevis,KNA,2003,105.62873840332031
Saint Kitts and Nevis,KNA,2004,101.67665100097656
Saint Kitts and Nevis,KNA,2007,123.2209701538086
Saint Kitts and Nevis,KNA,2008,118.36477661132812
Saint Kitts and Nevis,KNA,2009,114.89362335205078
Saint Kitts and Nevis,KNA,2010,112.83950805664062
Saint Kitts and Nevis,KNA,2011,111.44944763183594
Saint Kitts and Nevis,KNA,2013,108.12425231933594
Saint Kitts and Nevis,KNA,2014,107.88835144042969
Saint Kitts and Nevis,KNA,2015,118.10237121582031
Saint Kitts and Nevis,KNA,2016,111.15384674072266
Saint Lucia,LCA,1983,39.17245864868164
Saint Lucia,LCA,1984,36.14823913574219
Saint Lucia,LCA,1986,48.980831146240234
Saint Lucia,LCA,1987,47.36199951171875
Saint Lucia,LCA,1999,78.57356262207031
Saint Lucia,LCA,2000,81.13764190673828
Saint Lucia,LCA,2001,77.24759674072266
Saint Lucia,LCA,2002,75.17301177978516
Saint Lucia,LCA,2003,72.80802154541016
Saint Lucia,LCA,2004,71.2082290649414
Saint Lucia,LCA,2005,75.24978637695312
Saint Lucia,LCA,2007,85.81745147705078
Saint Lucia,LCA,2008,85.28225708007812
Saint Lucia,LCA,2009,109.41819763183594
Saint Lucia,LCA,2010,98.16165924072266
Saint Lucia,LCA,2011,91.51335144042969
Saint Lucia,LCA,2012,87.65506744384766
Saint Lucia,LCA,2013,84.2039794921875
Saint Lucia,LCA,2014,87.10610961914062
Saint Lucia,LCA,2016,89.48101806640625
Saint Lucia,LCA,2017,91.36296844482422
Saint Lucia,LCA,2018,86.22001647949219
Saint Lucia,LCA,2019,91.8019790649414
Saint Lucia,LCA,2020,81.28079223632812
Saint Vincent and the Grenadines,VCT,2003,58.82352828979492
Saint Vincent and the Grenadines,VCT,2004,72.60771179199219
Saint Vincent and the Grenadines,VCT,2005,74.53218078613281
Saint Vincent and the Grenadines,VCT,2008,111.33924102783203
Saint Vincent and the Grenadines,VCT,2010,113.83380889892578
Saint Vincent and the Grenadines,VCT,2012,93.0434799194336
Saint Vincent and the Grenadines,VCT,2013,91.35375213623047
Saint Vincent and the Grenadines,VCT,2014,91.61585235595703
Saint Vincent and the Grenadines,VCT,2015,99.26969146728516
Saint Vincent and the Grenadines,VCT,2016,103.84615325927734
Saint Vincent and the Grenadines,VCT,2017,100.69629669189453
Saint Vincent and the Grenadines,VCT,2018,92.0436019897461
Samoa,WSM,1994,111.91943359375
Samoa,WSM,1995,102.31307983398438
Samoa,WSM,1996,97.79358673095703
Samoa,WSM,1997,100.62439727783203
Samoa,WSM,1998,96.23188018798828
Samoa,WSM,1999,98.81498718261719
Samoa,WSM,2000,96.74017333984375
Samoa,WSM,2001,99.4301986694336
Samoa,WSM,2002,94.90534973144531
Samoa,WSM,2003,92.69468688964844
Samoa,WSM,2004,95.03482055664062
Samoa,WSM,2005,97.43929290771484
Samoa,WSM,2006,96.35150146484375
Samoa,WSM,2007,102.21018981933594
Samoa,WSM,2009,108.0444107055664
Samoa,WSM,2010,108.5972900390625
Samoa,WSM,2011,106.1308822631836
Samoa,WSM,2012,105.94290924072266
Samoa,WSM,2013,111.41355895996094
Samoa,WSM,2014,110.13215637207031
Samoa,WSM,2015,113.82556915283203
Samoa,WSM,2016,108.97312927246094
Samoa,WSM,2017,109.63632202148438
Samoa,WSM,2018,105.46768951416016
Samoa,WSM,2019,102.7612075805664
Samoa,WSM,2020,104.0740737915039
San Marino,SMR,2018,99.375
San Marino,SMR,2019,94.59458923339844
San Marino,SMR,2020,88.79551696777344
Sao Tome and Principe,STP,1977,12.361809730529785
Sao Tome and Principe,STP,1978,11.750370025634766
Sao Tome and Principe,STP,1988,14.226630210876465
Sao Tome and Principe,STP,2003,25.10968017578125
Sao Tome and Principe,STP,2004,31.886690139770508
Sao Tome and Principe,STP,2005,35.14720916748047
Sao Tome and Principe,STP,2007,31.93255043029785
Sao Tome and Principe,STP,2008,30.470840454101562
Sao Tome and Principe,STP,2010,30.09758949279785
Sao Tome and Principe,STP,2011,45.018821716308594
Sao Tome and Principe,STP,2012,49.74283981323242
Sao Tome and Principe,STP,2013,79.57730102539062
Sao Tome and Principe,STP,2014,71.91780853271484
Sao Tome and Principe,STP,2015,71.61895751953125
Sao Tome and Principe,STP,2017,73.5394515991211
Saudi Arabia,SAU,1979,26.87933921813965
Saudi Arabia,SAU,2005,80.92912292480469
Saudi Arabia,SAU,2007,81.93376922607422
Saudi Arabia,SAU,2008,83.83834838867188
Saudi Arabia,SAU,2010,99.28411865234375
Saudi Arabia,SAU,2011,99.66548156738281
Saudi Arabia,SAU,2016,104.57624053955078
Saudi Arabia,SAU,2017,106.47856903076172
Saudi Arabia,SAU,2018,104.64038848876953
Saudi Arabia,SAU,2019,105.45758056640625
Saudi Arabia,SAU,2020,104.11840057373047
Senegal,SEN,1971,8.25426959991455
Senegal,SEN,1972,9.60200023651123
Senegal,SEN,1973,9.40587043762207
Senegal,SEN,1977,9.42035961151123
Senegal,SEN,1979,8.955610275268555
Senegal,SEN,1980,8.93694019317627
Senegal,SEN,1981,10.044910430908203
Senegal,SEN,1982,10.67035961151123
Senegal,SEN,1983,10.193650245666504
Senegal,SEN,1984,10.524930000305176
Senegal,SEN,1986,10.820579528808594
Senegal,SEN,1988,12.63418960571289
Senegal,SEN,1989,11.947150230407715
Senegal,SEN,1990,13.051819801330566
Senegal,SEN,1992,16.520549774169922
Senegal,SEN,1996,12.84447956085205
Senegal,SEN,1997,13.073100090026855
Senegal,SEN,2000,13.438159942626953
Senegal,SEN,2001,13.273579597473145
Senegal,SEN,2002,14.413860321044922
Senegal,SEN,2003,19.945110321044922
Senegal,SEN,2004,18.158109664916992
Senegal,SEN,2005,20.39080047607422
Senegal,SEN,2006,23.045379638671875
Senegal,SEN,2007,31.52004051208496
Senegal,SEN,2008,26.264419555664062
Senegal,SEN,2009,27.595420837402344
Senegal,SEN,2010,30.814760208129883
Senegal,SEN,2011,32.742488861083984
Senegal,SEN,2012,34.58454132080078
Senegal,SEN,2013,36.43791961669922
Senegal,SEN,2014,40.939048767089844
Senegal,SEN,2015,39.708099365234375
Senegal,SEN,2019,37.381099700927734
Senegal,SEN,2020,37.095909118652344
Serbia,SRB,2007,95.10050964355469
Serbia,SRB,2008,95.19114685058594
Serbia,SRB,2009,95.53898620605469
Serbia,SRB,2010,94.59861755371094
Serbia,SRB,2011,97.79564666748047
Serbia,SRB,2012,102.66590118408203
Serbia,SRB,2013,96.01579284667969
Serbia,SRB,2014,96.28230285644531
Serbia,SRB,2015,101.81806945800781
Serbia,SRB,2016,95.1430892944336
Serbia,SRB,2017,94.93034362792969
Serbia,SRB,2018,97.97640228271484
Serbia,SRB,2019,97.0302734375
Serbia,SRB,2020,95.23966217041016
Seychelles,SYC,1970,9.556570053100586
Seychelles,SYC,1971,7.507510185241699
Seychelles,SYC,1972,9.35198974609375
Seychelles,SYC,1973,8.857139587402344
Seychelles,SYC,1974,24.07406997680664
Seychelles,SYC,1977,36.27878189086914
Seychelles,SYC,1978,45.41537857055664
Seychelles,SYC,1980,98.29786682128906
Seychelles,SYC,1981,94.55657196044922
Seychelles,SYC,1982,92.76885223388672
Seychelles,SYC,1983,96.69164276123047
Seychelles,SYC,1988,94.11012268066406
Seychelles,SYC,1989,107.71663665771484
Seychelles,SYC,1992,89.75460052490234
Seychelles,SYC,1993,96.85185241699219
Seychelles,SYC,1994,103.49344635009766
Seychelles,SYC,1998,103.70828247070312
Seychelles,SYC,1999,105.30536651611328
Seychelles,SYC,2000,99.44580841064453
Seychelles,SYC,2001,94.53861236572266
Seychelles,SYC,2002,95.18303680419922
Seychelles,SYC,2003,100.19658660888672
Seychelles,SYC,2005,111.68919372558594
Seychelles,SYC,2007,108.44415283203125
Seychelles,SYC,2008,109.10930633544922
Seychelles,SYC,2009,105.12464904785156
Seychelles,SYC,2010,108.74199676513672
Seychelles,SYC,2011,109.0641098022461
Seychelles,SYC,2012,104.47309112548828
Seychelles,SYC,2013,106.08159637451172
Seychelles,SYC,2014,109.13313293457031
Seychelles,SYC,2015,110.5058364868164
Seychelles,SYC,2016,110.89341735839844
Seychelles,SYC,2017,107.24298858642578
Seychelles,SYC,2018,108.4474868774414
Seychelles,SYC,2019,110.16200256347656
Seychelles,SYC,2020,101.4957275390625
Sierra Leone,SLE,1971,5.115200042724609
Sierra Leone,SLE,1972,5.657619953155518
Sierra Leone,SLE,1973,6.221330165863037
Sierra Leone,SLE,1974,6.497200012207031
Sierra Leone,SLE,1978,7.611979961395264
Sierra Leone,SLE,1979,7.832729816436768
Sierra Leone,SLE,2001,20.384679794311523
Sierra Leone,SLE,2011,40.35879135131836
Sierra Leone,SLE,2012,48.69023895263672
Sierra Leone,SLE,2013,47.33776092529297
Sierra Leone,SLE,2015,46.397560119628906
Sierra Leone,SLE,2016,56.73944091796875
Sierra Leone,SLE,2017,50.90861892700195
Sierra Leone,SLE,2018,51.01734161376953
Sierra Leone,SLE,2019,72.21916198730469
Sierra Leone,SLE,2020,77.64662170410156
Singapore,SGP,2016,107.36644744873047
Singapore,SGP,2017,104.6318130493164
Singapore,SGP,2018,99.64659118652344
Singapore,SGP,2019,100.1598129272461
Sint Maarten (Dutch part),SXM,2014,41.56521987915039
Slovakia,SVK,1993,92.61077880859375
Slovakia,SVK,1994,91.20540618896484
Slovakia,SVK,1997,93.48121643066406
Slovakia,SVK,2004,83.13419342041016
Slovakia,SVK,2005,82.59451293945312
Slovakia,SVK,2006,86.04080963134766
Slovakia,SVK,2007,82.28482818603516
Slovakia,SVK,2008,82.78251647949219
Slovakia,SVK,2009,80.78594970703125
Slovakia,SVK,2010,83.40519714355469
Slovakia,SVK,2011,84.10070037841797
Slovakia,SVK,2012,85.47471618652344
Slovakia,SVK,2013,79.48023986816406
Slovakia,SVK,2014,87.05712127685547
Slovakia,SVK,2015,86.6877212524414
Slovakia,SVK,2016,77.26998901367188
Slovakia,SVK,2017,80.99462127685547
Slovakia,SVK,2018,81.36399841308594
Slovakia,SVK,2019,83.19304656982422
Slovenia,SVN,1993,86.57421875
Slovenia,SVN,1994,87.56900024414062
Slovenia,SVN,1995,91.00309753417969
Slovenia,SVN,1996,90.8552017211914
Slovenia,SVN,1999,93.21302032470703
Slovenia,SVN,2000,91.8043212890625
Slovenia,SVN,2001,98.32122039794922
Slovenia,SVN,2002,100.37931060791016
Slovenia,SVN,2003,96.27454376220703
Slovenia,SVN,2006,96.01061248779297
Slovenia,SVN,2009,101.2435073852539
Slovenia,SVN,2010,99.28589630126953
Slovenia,SVN,2011,97.96251678466797
Slovenia,SVN,2012,96.22952270507812
Slovenia,SVN,2013,94.52288818359375
Slovenia,SVN,2014,94.02603912353516
Slovenia,SVN,2015,98.99796295166016
Slovenia,SVN,2016,96.6559066772461
Slovenia,SVN,2017,97.95059204101562
Slovenia,SVN,2018,95.4332275390625
Slovenia,SVN,2019,96.17996978759766
Solomon Islands,SLB,1980,7.662519931793213
Solomon Islands,SLB,2000,31.758230209350586
Solomon Islands,SLB,2002,45.72026824951172
Solomon Islands,SLB,2010,61.7990608215332
Solomon Islands,SLB,2011,64.27938842773438
Solomon Islands,SLB,2012,63.43183898925781
Solomon Islands,SLB,2013,63.37984848022461
Solomon Islands,SLB,2014,66.90711975097656
Solomon Islands,SLB,2016,71.17545318603516
Solomon Islands,SLB,2017,70.30786895751953
Solomon Islands,SLB,2018,71.41470336914062
Solomon Islands,SLB,2019,70.45594024658203
South Africa,ZAF,1991,56.152618408203125
South Africa,ZAF,1999,74.02310180664062
South Africa,ZAF,2000,71.71394348144531
South Africa,ZAF,2002,89.02274322509766
South Africa,ZAF,2003,76.62612915039062
South Africa,ZAF,2004,74.07794189453125
South Africa,ZAF,2016,80.76885223388672
South Africa,ZAF,2018,80.03323364257812
South Africa,ZAF,2019,80.37232971191406
South Asia,,1986,42.22153091430664
South Asia,,1987,41.950130462646484
South Asia,,1988,42.854190826416016
South Asia,,1989,43.144248962402344
South Asia,,1990,43.69655990600586
South Asia,,1991,44.23809814453125
South Asia,,1992,44.840179443359375
South Asia,,1993,45.40142059326172
South Asia,,1994,45.94831848144531
South Asia,,1995,46.49335861206055
South Asia,,1996,47.04212188720703
South Asia,,1997,47.58877944946289
South Asia,,1998,48.122379302978516
South Asia,,1999,48.869049072265625
South Asia,,2000,49.6226806640625
South Asia,,2001,50.61008834838867
South Asia,,2002,51.23870086669922
South Asia,,2003,53.56351089477539
South Asia,,2004,54.61716079711914
South Asia,,2005,55.933311462402344
South Asia,,2006,57.72267150878906
South Asia,,2007,60.10271072387695
South Asia,,2008,62.51076889038086
South Asia,,2009,64.77120208740234
South Asia,,2010,66.68728637695312
South Asia,,2011,69.11360168457031
South Asia,,2012,71.63591766357422
South Asia,,2013,74.14788818359375
South Asia,,2014,78.25176239013672
South Asia,,2015,78.69856262207031
South Asia,,2016,79.57083892822266
South Asia,,2017,79.16168212890625
South Asia,,2018,79.6982192993164
South Asia,,2019,78.92220306396484
South Asia,,2020,79.836181640625
South Korea,KOR,1971,43.920249938964844
South Korea,KOR,1972,46.93745040893555
South Korea,KOR,1973,53.27003860473633
South Korea,KOR,1976,70.84770202636719
South Korea,KOR,1977,73.98075103759766
South Korea,KOR,1978,76.6960678100586
South Korea,KOR,1979,83.41661071777344
South Korea,KOR,1980,84.97025299072266
South Korea,KOR,1982,94.42357635498047
South Korea,KOR,1983,92.95545196533203
South Korea,KOR,1984,99.28922271728516
South Korea,KOR,1985,96.44857025146484
South Korea,KOR,1986,98.85884857177734
South Korea,KOR,1987,105.3404769897461
South Korea,KOR,1988,103.27660369873047
South Korea,KOR,1995,105.72035217285156
South Korea,KOR,1998,96.52263641357422
South Korea,KOR,1999,90.95979309082031
South Korea,KOR,2000,96.24344635009766
South Korea,KOR,2001,99.37242889404297
South Korea,KOR,2002,102.41142272949219
South Korea,KOR,2003,100.90335083007812
South Korea,KOR,2004,97.91365051269531
South Korea,KOR,2005,93.23890686035156
South Korea,KOR,2006,98.42231750488281
South Korea,KOR,2007,97.65750122070312
South Korea,KOR,2011,98.87393188476562
South Korea,KOR,2013,99.15503692626953
South Korea,KOR,2014,101.47496032714844
South Korea,KOR,2015,109.15128326416016
South Korea,KOR,2016,103.27873229980469
South Korea,KOR,2017,95.7708969116211
South Korea,KOR,2018,100.07317352294922
South Korea,KOR,2019,96.70465850830078
South Sudan,SSD,2011,18.003009796142578
Spain,ESP,1980,78.10719299316406
Spain,ESP,1981,80.87657928466797
Spain,ESP,1982,81.18624877929688
Spain,ESP,1983,80.05233001708984
Spain,ESP,1984,81.14568328857422
Spain,ESP,1985,84.04579162597656
Spain,ESP,1986,86.45150756835938
Spain,ESP,1987,87.27490234375
Spain,ESP,1988,92.85308074951172
Spain,ESP,1989,92.02020263671875
Spain,ESP,1990,92.9400405883789
Spain,ESP,1993,91.8855972290039
Spain,ESP,1994,94.95448303222656
Spain,ESP,2009,79.47364044189453
Spain,ESP,2010,77.7587890625
Spain,ESP,2014,88.0118179321289
Spain,ESP,2015,91.04118347167969
Spain,ESP,2016,91.93804931640625
Spain,ESP,2017,95.34044647216797
Spain,ESP,2018,97.79357147216797
Spain,ESP,2019,97.64369201660156
Sri Lanka,LKA,1970,37.301841735839844
Sri Lanka,LKA,1971,37.649600982666016
Sri Lanka,LKA,1972,42.42441940307617
Sri Lanka,LKA,1973,57.133399963378906
Sri Lanka,LKA,1974,53.21937942504883
Sri Lanka,LKA,1975,55.839881896972656
Sri Lanka,LKA,1976,7.004169940948486
Sri Lanka,LKA,1977,19.648569107055664
Sri Lanka,LKA,1979,76.5408935546875
Sri Lanka,LKA,1980,77.15225982666016
Sri Lanka,LKA,1981,61.37261962890625
Sri Lanka,LKA,1982,38.33660888671875
Sri Lanka,LKA,1983,69.93669891357422
Sri Lanka,LKA,1984,78.72953033447266
Sri Lanka,LKA,1985,73.74490356445312
Sri Lanka,LKA,1986,81.91472625732422
Sri Lanka,LKA,1987,64.3243179321289
Sri Lanka,LKA,1989,67.46121215820312
Sri Lanka,LKA,1990,67.20185089111328
Sri Lanka,LKA,1991,67.28031158447266
Sri Lanka,LKA,1992,69.36431884765625
Sri Lanka,LKA,1998,83.45680236816406
Sri Lanka,LKA,2001,89.48219299316406
Sri Lanka,LKA,2002,90.45630645751953
Sri Lanka,LKA,2003,93.20826721191406
Sri Lanka,LKA,2005,97.10868072509766
Sri Lanka,LKA,2006,100.74855041503906
Sri Lanka,LKA,2007,97.35001373291016
Sri Lanka,LKA,2009,91.37477111816406
Sri Lanka,LKA,2010,97.58554077148438
Sri Lanka,LKA,2011,96.42701721191406
Sri Lanka,LKA,2012,92.32518768310547
Sri Lanka,LKA,2013,95.1777572631836
Sri Lanka,LKA,2014,95.91737365722656
Sri Lanka,LKA,2015,96.1075668334961
Sri Lanka,LKA,2016,94.754150390625
Sri Lanka,LKA,2017,96.41921997070312
Sri Lanka,LKA,2019,97.96401977539062
Sub-Saharan Africa,,1971,21.68316078186035
Sub-Saharan Africa,,1972,21.954320907592773
Sub-Saharan Africa,,1973,22.07391929626465
Sub-Saharan Africa,,1974,22.156959533691406
Sub-Saharan Africa,,1975,22.236780166625977
Sub-Saharan Africa,,1976,22.334989547729492
Sub-Saharan Africa,,1977,22.574390411376953
Sub-Saharan Africa,,1978,22.738359451293945
Sub-Saharan Africa,,1979,22.851520538330078
Sub-Saharan Africa,,1980,23.096590042114258
Sub-Saharan Africa,,1981,23.179719924926758
Sub-Saharan Africa,,1982,23.316259384155273
Sub-Saharan Africa,,1983,23.355560302734375
Sub-Saharan Africa,,1984,23.4555606842041
Sub-Saharan Africa,,1985,23.52482032775879
Sub-Saharan Africa,,1986,23.50160026550293
Sub-Saharan Africa,,1987,23.461620330810547
Sub-Saharan Africa,,1988,23.574859619140625
Sub-Saharan Africa,,1989,23.749980926513672
Sub-Saharan Africa,,1990,23.98188018798828
Sub-Saharan Africa,,1991,24.330690383911133
Sub-Saharan Africa,,1992,24.439029693603516
Sub-Saharan Africa,,1993,24.92633056640625
Sub-Saharan Africa,,1994,25.107629776000977
Sub-Saharan Africa,,1995,25.911649703979492
Sub-Saharan Africa,,1996,26.159120559692383
Sub-Saharan Africa,,1997,26.40319061279297
Sub-Saharan Africa,,1998,26.832809448242188
Sub-Saharan Africa,,1999,26.98011016845703
Sub-Saharan Africa,,2000,27.268779754638672
Sub-Saharan Africa,,2001,28.549270629882812
Sub-Saharan Africa,,2002,30.929399490356445
Sub-Saharan Africa,,2003,31.56538963317871
Sub-Saharan Africa,,2004,32.22595977783203
Sub-Saharan Africa,,2005,33.32067108154297
Sub-Saharan Africa,,2006,34.60847854614258
Sub-Saharan Africa,,2007,36.030521392822266
Sub-Saharan Africa,,2008,37.93009948730469
Sub-Saharan Africa,,2009,39.063720703125
Sub-Saharan Africa,,2010,40.232261657714844
Sub-Saharan Africa,,2011,40.892921447753906
Sub-Saharan Africa,,2012,41.40943908691406
Sub-Saharan Africa,,2013,41.95859909057617
Sub-Saharan Africa,,2014,42.60445022583008
Sub-Saharan Africa,,2015,43.205718994140625
Sub-Saharan Africa,,2016,43.362918853759766
Sub-Saharan Africa,,2017,43.48160934448242
Sub-Saharan Africa,,2018,43.611419677734375
Sub-Saharan Africa,,2019,43.713199615478516
Sudan,SDN,2010,52.13373947143555
Sudan,SDN,2013,51.30630874633789
Sudan,SDN,2014,50.46706008911133
Sudan,SDN,2015,50.8997802734375
Sudan,SDN,2016,49.74509048461914
Sudan,SDN,2018,50.80799102783203
Suriname,SUR,1976,27.24464988708496
Suriname,SUR,1977,26.124059677124023
Suriname,SUR,1978,32.11138916015625
Suriname,SUR,1981,15.403249740600586
Suriname,SUR,1982,19.956279754638672
Suriname,SUR,1983,14.561420440673828
Suriname,SUR,1984,18.308109283447266
Suriname,SUR,1985,25.719589233398438
Suriname,SUR,2007,37.5943717956543
Suriname,SUR,2008,34.73366928100586
Suriname,SUR,2009,35.04273986816406
Suriname,SUR,2010,37.3961181640625
Suriname,SUR,2011,36.46173858642578
Suriname,SUR,2012,38.64447021484375
Suriname,SUR,2013,42.8968505859375
Suriname,SUR,2014,46.09421920776367
Suriname,SUR,2015,48.93806838989258
Suriname,SUR,2016,44.300418853759766
Suriname,SUR,2017,46.48706817626953
Suriname,SUR,2018,45.17301940917969
Suriname,SUR,2019,47.42723083496094
Sweden,SWE,2009,93.69757843017578
Sweden,SWE,2010,93.39112854003906
Sweden,SWE,2011,92.54730987548828
Sweden,SWE,2012,94.76467895507812
Sweden,SWE,2013,97.73883819580078
Sweden,SWE,2014,104.45574188232422
Sweden,SWE,2015,105.79422760009766
Sweden,SWE,2016,108.24790954589844
Sweden,SWE,2017,109.60916137695312
Sweden,SWE,2018,108.87789916992188
Sweden,SWE,2019,107.63118743896484
Switzerland,CHE,1999,97.01628875732422
Switzerland,CHE,2004,97.5099868774414
Switzerland,CHE,2005,98.02413940429688
Switzerland,CHE,2008,96.18022155761719
Switzerland,CHE,2009,93.28114318847656
Switzerland,CHE,2010,93.32449340820312
Switzerland,CHE,2011,94.79602813720703
Switzerland,CHE,2012,96.17462921142578
Switzerland,CHE,2013,94.9717025756836
Switzerland,CHE,2014,95.6559066772461
Switzerland,CHE,2015,96.94525909423828
Switzerland,CHE,2016,98.390380859375
Switzerland,CHE,2017,96.31986236572266
Switzerland,CHE,2018,95.1386489868164
Switzerland,CHE,2019,95.61929321289062
Syria,SYR,1971,30.49772071838379
Syria,SYR,1972,36.65822982788086
Syria,SYR,1973,43.74748992919922
Syria,SYR,1974,39.99906921386719
Syria,SYR,1975,40.27035140991211
Syria,SYR,1977,41.013458251953125
Syria,SYR,1978,42.89897918701172
Syria,SYR,1979,44.70457077026367
Syria,SYR,1980,46.273990631103516
Syria,SYR,1981,46.95899963378906
Syria,SYR,1982,45.61627960205078
Syria,SYR,1983,45.79277038574219
Syria,SYR,1984,47.75590133666992
Syria,SYR,1985,49.559818267822266
Syria,SYR,1986,53.117801666259766
Syria,SYR,1987,53.38230895996094
Syria,SYR,1988,53.31074905395508
Syria,SYR,1989,51.9842414855957
Syria,SYR,1990,48.2717399597168
Syria,SYR,1991,47.36751174926758
Syria,SYR,1992,48.55821990966797
Syria,SYR,1993,46.53218078613281
Syria,SYR,1994,46.004798889160156
Syria,SYR,1999,47.046348571777344
Syria,SYR,2000,47.23162841796875
Syria,SYR,2001,48.09196853637695
Syria,SYR,2002,49.41149139404297
Syria,SYR,2003,52.79193878173828
Syria,SYR,2004,57.29270935058594
Syria,SYR,2005,61.10750961303711
Syria,SYR,2006,60.863121032714844
Syria,SYR,2007,62.5589485168457
Syria,SYR,2008,66.7509536743164
Syria,SYR,2009,66.1662826538086
Syria,SYR,2010,66.93190002441406
Syria,SYR,2011,67.27813720703125
Syria,SYR,2012,70.52639770507812
Syria,SYR,2013,53.81092834472656
Tajikistan,TJK,1995,85.56619262695312
Tajikistan,TJK,1997,86.6073989868164
Tajikistan,TJK,1999,86.98577117919922
Tajikistan,TJK,2000,84.1757583618164
Tajikistan,TJK,2001,69.37480926513672
Tajikistan,TJK,2002,65.03182983398438
Tajikistan,TJK,2003,86.42359924316406
Tajikistan,TJK,2004,84.82225799560547
Tajikistan,TJK,2005,85.53681945800781
Tajikistan,TJK,2006,89.94819641113281
Tajikistan,TJK,2007,89.36746978759766
Tajikistan,TJK,2008,87.52071380615234
Tajikistan,TJK,2009,84.73632049560547
Tajikistan,TJK,2010,93.62110137939453
Tajikistan,TJK,2011,96.83233642578125
Tajikistan,TJK,2012,86.42791748046875
Tajikistan,TJK,2014,93.2021713256836
Tajikistan,TJK,2015,97.74346160888672
Tajikistan,TJK,2016,99.63323974609375
Tajikistan,TJK,2017,96.18163299560547
Tanzania,TZA,2002,6.423989772796631
Tanzania,TZA,2003,7.201940059661865
Tanzania,TZA,2004,7.523940086364746
Tanzania,TZA,2005,9.139439582824707
Tanzania,TZA,2008,14.231969833374023
Tanzania,TZA,2009,21.224319458007812
Tanzania,TZA,2012,40.440181732177734
Tanzania,TZA,2013,36.22330093383789
Tanzania,TZA,2016,30.802839279174805
Tanzania,TZA,2017,26.899660110473633
Tanzania,TZA,2018,29.56954002380371
Tanzania,TZA,2019,34.219261169433594
Tanzania,TZA,2020,33.16817092895508
Thailand,THA,1975,23.00016975402832
Thailand,THA,1976,25.02811050415039
Thailand,THA,1977,26.372079849243164
Thailand,THA,1978,27.152549743652344
Thailand,THA,2015,78.70332336425781
Thailand,THA,2016,79.82861328125
Thailand,THA,2017,78.58905029296875
Thailand,THA,2018,81.01902770996094
Thailand,THA,2020,85.18842315673828
Timor,TLS,2008,49.93751907348633
Timor,TLS,2009,67.11798858642578
Timor,TLS,2010,69.45854187011719
Timor,TLS,2011,73.05914306640625
Timor,TLS,2012,70.4495620727539
Timor,TLS,2013,67.25148010253906
Timor,TLS,2014,70.88318634033203
Timor,TLS,2015,75.18321990966797
Timor,TLS,2016,79.39183044433594
Timor,TLS,2017,84.62700653076172
Timor,TLS,2018,90.86119842529297
Timor,TLS,2019,90.81352233886719
Togo,TGO,1971,4.778510093688965
Togo,TGO,1972,6.574779987335205
Togo,TGO,1973,6.276040077209473
Togo,TGO,1974,7.4230499267578125
Togo,TGO,1975,9.185420036315918
Togo,TGO,1976,10.605059623718262
Togo,TGO,1977,14.048460006713867
Togo,TGO,1978,17.221790313720703
Togo,TGO,1979,20.858009338378906
Togo,TGO,1980,24.125469207763672
Togo,TGO,1981,23.52861976623535
Togo,TGO,1982,22.93136978149414
Togo,TGO,1983,18.46068000793457
Togo,TGO,1984,13.570340156555176
Togo,TGO,1985,12.24098014831543
Togo,TGO,1986,11.750659942626953
Togo,TGO,1987,11.830650329589844
Togo,TGO,1988,10.86244010925293
Togo,TGO,1989,12.17593002319336
Togo,TGO,1990,13.66759967803955
Togo,TGO,1991,13.16176986694336
Togo,TGO,1992,14.174280166625977
Togo,TGO,1994,12.242070198059082
Togo,TGO,1995,15.896659851074219
Togo,TGO,1996,16.00572967529297
Togo,TGO,1999,20.645870208740234
Togo,TGO,2000,22.44658088684082
Togo,TGO,2001,26.362600326538086
Togo,TGO,2002,29.779239654541016
Togo,TGO,2003,32.2418098449707
Togo,TGO,2004,35.17518997192383
Togo,TGO,2005,39.71363067626953
Togo,TGO,2006,40.21472930908203
Togo,TGO,2007,34.267269134521484
Togo,TGO,2008,36.26158905029297
Togo,TGO,2010,36.205810546875
Togo,TGO,2011,40.04079055786133
Togo,TGO,2013,39.22957992553711
Togo,TGO,2014,37.843299865722656
Togo,TGO,2015,40.813560485839844
Togo,TGO,2016,42.52360153198242
Togo,TGO,2017,46.577579498291016
Togo,TGO,2018,47.9205207824707
Togo,TGO,2019,50.08897018432617
Togo,TGO,2020,51.88254928588867
Tonga,TON,1982,80.6703872680664
Tonga,TON,1983,78.93766021728516
Tonga,TON,1984,103.54086303710938
Tonga,TON,1985,97.3927001953125
Tonga,TON,1993,115.77503204345703
Tonga,TON,1999,82.65306091308594
Tonga,TON,2001,98.79181671142578
Tonga,TON,2003,104.92890930175781
Tonga,TON,2004,78.7448501586914
Tonga,TON,2020,76.43285369873047
Trinidad and Tobago,TTO,1971,37.3302116394043
Trinidad and Tobago,TTO,1972,38.11806106567383
Trinidad and Tobago,TTO,1985,77.27732849121094
Trinidad and Tobago,TTO,1988,81.08808135986328
Trinidad and Tobago,TTO,1993,77.19904327392578
Trinidad and Tobago,TTO,1996,69.26846313476562
Trinidad and Tobago,TTO,1997,67.3447265625
Trinidad and Tobago,TTO,1999,69.26555633544922
Trinidad and Tobago,TTO,2001,74.27129364013672
Trinidad and Tobago,TTO,2003,91.1880111694336
Trinidad and Tobago,TTO,2004,82.53209686279297
Trinidad and Tobago,TTO,2005,76.03501892089844
Trinidad and Tobago,TTO,2007,89.63497161865234
Trinidad and Tobago,TTO,2008,90.18456268310547
Trinidad and Tobago,TTO,2009,94.14827728271484
Trinidad and Tobago,TTO,2010,80.93737030029297
Tunisia,TUN,1979,16.77444076538086
Tunisia,TUN,1980,18.144580841064453
Tunisia,TUN,1981,19.60059928894043
Tunisia,TUN,1982,18.782089233398438
Tunisia,TUN,1983,23.42765998840332
Tunisia,TUN,1984,29.32029914855957
Tunisia,TUN,1985,28.821090698242188
Tunisia,TUN,1986,31.16023063659668
Tunisia,TUN,1987,31.895870208740234
Tunisia,TUN,1988,34.55915069580078
Tunisia,TUN,1990,34.10913848876953
Tunisia,TUN,1991,45.16801071166992
Tunisia,TUN,1992,42.23432159423828
Tunisia,TUN,1993,44.86466979980469
Tunisia,TUN,1994,48.90763854980469
Tunisia,TUN,1995,50.92707824707031
Tunisia,TUN,1996,51.942508697509766
Tunisia,TUN,1997,55.90571975708008
Tunisia,TUN,2004,70.65601348876953
Tunisia,TUN,2005,69.37921142578125
Tunisia,TUN,2006,67.34420776367188
Tunisia,TUN,2008,71.8172378540039
Tunisia,TUN,2009,80.5226821899414
Tunisia,TUN,2010,73.99820709228516
Tunisia,TUN,2013,70.0342788696289
Tunisia,TUN,2014,71.93106842041016
Tunisia,TUN,2015,70.77581787109375
Tunisia,TUN,2017,73.33209991455078
Tunisia,TUN,2018,77.38397216796875
Turkey,TUR,1976,28.015939712524414
Turkey,TUR,1977,28.21619987487793
Turkey,TUR,1982,24.23080062866211
Turkey,TUR,1983,22.775169372558594
Turkey,TUR,1984,26.67889976501465
Turkey,TUR,1986,30.70496940612793
Turkey,TUR,1987,31.9655704498291
Turkey,TUR,1988,30.69186019897461
Turkey,TUR,1989,33.59230041503906
Turkey,TUR,1990,35.421810150146484
Turkey,TUR,1991,39.33903121948242
Turkey,TUR,1992,42.42823028564453
Turkey,TUR,2004,87.0243911743164
Turkey,TUR,2005,91.46949768066406
Turkey,TUR,2006,90.4763412475586
Turkey,TUR,2007,92.96333312988281
Turkey,TUR,2008,96.58486938476562
Turkey,TUR,2009,93.27037811279297
Turkey,TUR,2010,101.86824035644531
Turkey,TUR,2011,96.11074829101562
Turkey,TUR,2012,95.32122802734375
Turkey,TUR,2013,94.67233276367188
Turkey,TUR,2014,96.86766052246094
Turkey,TUR,2015,94.90615844726562
Turkey,TUR,2017,87.50611877441406
Turkey,TUR,2018,86.52294921875
Turkey,TUR,2019,88.78900909423828
Turks and Caicos Islands,TCA,1997,77.10437774658203
Turks and Caicos Islands,TCA,2000,67.20256805419922
Turks and Caicos Islands,TCA,2001,83.80951690673828
Turks and Caicos Islands,TCA,2002,59.57447052001953
Turks and Caicos Islands,TCA,2003,71.22093200683594
Turks and Caicos Islands,TCA,2004,78.08219146728516
Turks and Caicos Islands,TCA,2005,79.4344482421875
Turks and Caicos Islands,TCA,2009,83.29718017578125
Turks and Caicos Islands,TCA,2014,70.83332824707031
Turks and Caicos Islands,TCA,2015,74.95494842529297
Turks and Caicos Islands,TCA,2018,105.77848815917969
Tuvalu,TUV,1990,42.37287902832031
Tuvalu,TUV,2014,96.33027648925781
Tuvalu,TUV,2015,73.87387084960938
Tuvalu,TUV,2016,61.06195068359375
Tuvalu,TUV,2019,64.70587921142578
Tuvalu,TUV,2020,62.655601501464844
Uganda,UGA,1976,4.353360176086426
Uganda,UGA,1977,4.534679889678955
Uganda,UGA,1995,10.009289741516113
Uganda,UGA,2000,14.921850204467773
Uganda,UGA,2001,15.377309799194336
Uganda,UGA,2002,18.358190536499023
Uganda,UGA,2003,19.14423942565918
Uganda,UGA,2004,18.957630157470703
Uganda,UGA,2006,20.772180557250977
Uganda,UGA,2007,22.57990074157715
Uganda,UGA,2008,23.942819595336914
Uganda,UGA,2009,25.420120239257812
Uganda,UGA,2010,27.995410919189453
Uganda,UGA,2011,27.108890533447266
Uganda,UGA,2012,25.757360458374023
Uganda,UGA,2013,29.681440353393555
Uganda,UGA,2014,30.05451011657715
Uganda,UGA,2015,26.070669174194336
Uganda,UGA,2016,28.861740112304688
Uganda,UGA,2017,26.425579071044922
Ukraine,UKR,1971,92.48242950439453
Ukraine,UKR,1972,95.89791870117188
Ukraine,UKR,1973,102.21402740478516
Ukraine,UKR,1974,106.5050277709961
Ukraine,UKR,1976,103.24571990966797
Ukraine,UKR,1977,99.01101684570312
Ukraine,UKR,1978,98.7249984741211
Ukraine,UKR,1979,97.31999969482422
Ukraine,UKR,1980,94.20836639404297
Ukraine,UKR,1981,99.19454956054688
Ukraine,UKR,1982,100.80632781982422
Ukraine,UKR,1983,101.29280853271484
Ukraine,UKR,1984,99.7110824584961
Ukraine,UKR,1985,100.64083862304688
Ukraine,UKR,1986,99.52490234375
Ukraine,UKR,1988,95.7729263305664
Ukraine,UKR,1990,95.41715240478516
Ukraine,UKR,1991,95.55641174316406
Ukraine,UKR,1992,93.61424255371094
Ukraine,UKR,1993,92.25845336914062
Ukraine,UKR,1994,89.29386138916016
Ukraine,UKR,1999,98.25077819824219
Ukraine,UKR,2000,97.87319946289062
Ukraine,UKR,2001,101.61418914794922
Ukraine,UKR,2002,102.59298706054688
Ukraine,UKR,2003,105.08235931396484
Ukraine,UKR,2004,102.41529846191406
Ukraine,UKR,2005,103.46218872070312
Ukraine,UKR,2006,99.7261962890625
Ukraine,UKR,2007,98.88372802734375
Ukraine,UKR,2008,101.8214111328125
Ukraine,UKR,2009,62.30350875854492
Ukraine,UKR,2010,116.36737823486328
Ukraine,UKR,2011,104.31053161621094
Ukraine,UKR,2012,100.31095886230469
Ukraine,UKR,2013,97.94136810302734
Ukraine,UKR,2014,94.37716674804688
United Arab Emirates,ARE,1974,15.074190139770508
United Arab Emirates,ARE,1975,15.167909622192383
United Arab Emirates,ARE,1976,21.58415985107422
United Arab Emirates,ARE,1977,25.703340530395508
United Arab Emirates,ARE,1978,28.803730010986328
United Arab Emirates,ARE,1980,33.61711120605469
United Arab Emirates,ARE,1982,59.24750900268555
United Arab Emirates,ARE,1983,65.4190673828125
United Arab Emirates,ARE,1984,67.22728729248047
United Arab Emirates,ARE,1985,67.78955078125
United Arab Emirates,ARE,1986,63.1662483215332
United Arab Emirates,ARE,1987,56.10319900512695
United Arab Emirates,ARE,1988,54.65317916870117
United Arab Emirates,ARE,1989,59.03654098510742
United Arab Emirates,ARE,1990,61.80738067626953
United Arab Emirates,ARE,1991,64.90965270996094
United Arab Emirates,ARE,1992,68.89766693115234
United Arab Emirates,ARE,1993,72.39840698242188
United Arab Emirates,ARE,1994,80.9717788696289
United Arab Emirates,ARE,1995,82.11900329589844
United Arab Emirates,ARE,1997,78.99520111083984
United Arab Emirates,ARE,2000,82.24513244628906
United Arab Emirates,ARE,2001,79.41719818115234
United Arab Emirates,ARE,2002,76.60997009277344
United Arab Emirates,ARE,2003,78.01007080078125
United Arab Emirates,ARE,2004,83.16545867919922
United Arab Emirates,ARE,2005,81.39340209960938
United Arab Emirates,ARE,2006,79.34046936035156
United Arab Emirates,ARE,2007,74.34957122802734
United Arab Emirates,ARE,2009,84.40306854248047
United Arab Emirates,ARE,2010,84.43388366699219
United Arab Emirates,ARE,2011,84.5141372680664
United Arab Emirates,ARE,2012,73.02529907226562
United Arab Emirates,ARE,2013,74.91853332519531
United Arab Emirates,ARE,2014,81.70572662353516
United Arab Emirates,ARE,2019,101.90991973876953
United Arab Emirates,ARE,2020,96.85858917236328
United Kingdom,GBR,2017,100.89521026611328
United Kingdom,GBR,2018,101.39398956298828
United Kingdom,GBR,2019,99.9539566040039
United States,USA,2017,104.85225677490234
United States,USA,2018,103.38417053222656
United States,USA,2019,103.40846252441406
United States Virgin Islands,VIR,1986,88.14549255371094
Upper middle income,,1989,56.72243881225586
Upper middle income,,1990,56.968441009521484
Upper middle income,,1991,58.49441909790039
Upper middle income,,1992,61.15694046020508
Upper middle income,,1993,64.00572967529297
Upper middle income,,1994,65.00570678710938
Upper middle income,,1995,66.64726257324219
Upper middle income,,1996,68.73548889160156
Upper middle income,,1997,73.55425262451172
Upper middle income,,1998,75.30622863769531
Upper middle income,,1999,76.93512725830078
Upper middle income,,2000,78.43608856201172
Upper middle income,,2001,80.55732727050781
Upper middle income,,2002,82.98330688476562
Upper middle income,,2003,84.48246765136719
Upper middle income,,2004,85.72795867919922
Upper middle income,,2005,86.9800033569336
Upper middle income,,2006,87.67597198486328
Upper middle income,,2007,88.54377746582031
Upper middle income,,2008,89.987060546875
Upper middle income,,2009,89.94335174560547
Upper middle income,,2010,89.76419830322266
Upper middle income,,2011,90.0920181274414
Upper middle income,,2012,88.0267333984375
Upper middle income,,2013,86.22876739501953
Upper middle income,,2014,82.7491683959961
Upper middle income,,2015,84.21173858642578
Upper middle income,,2016,85.1629867553711
Upper middle income,,2017,84.75263214111328
Upper middle income,,2018,84.00910949707031
Upper middle income,,2019,87.15740966796875
Upper middle income,,2020,89.36609649658203
Uruguay,URY,1998,60.44173049926758
Uruguay,URY,2001,69.79531860351562
Uruguay,URY,2002,73.17375183105469
Uruguay,URY,2003,74.27339935302734
Uruguay,URY,2004,72.68472290039062
Uruguay,URY,2005,70.456787109375
Uruguay,URY,2006,68.18762969970703
Uruguay,URY,2007,65.79113006591797
Uruguay,URY,2008,69.61827850341797
Uruguay,URY,2009,73.0648193359375
Uruguay,URY,2010,74.28864288330078
Uruguay,URY,2019,94.58672332763672
Uzbekistan,UZB,2001,96.20829010009766
Uzbekistan,UZB,2002,101.32254791259766
Uzbekistan,UZB,2003,98.88929748535156
Uzbekistan,UZB,2004,94.27059173583984
Uzbekistan,UZB,2005,92.9540786743164
Uzbekistan,UZB,2006,97.61788177490234
Uzbekistan,UZB,2007,98.77372741699219
Uzbekistan,UZB,2008,92.86457824707031
Uzbekistan,UZB,2009,91.56307220458984
Uzbekistan,UZB,2010,94.00833892822266
Uzbekistan,UZB,2011,95.81278228759766
Uzbekistan,UZB,2012,94.24008178710938
Uzbekistan,UZB,2013,92.71539306640625
Uzbekistan,UZB,2014,90.8606185913086
Uzbekistan,UZB,2015,89.58235931396484
Uzbekistan,UZB,2016,90.83381652832031
Uzbekistan,UZB,2017,91.27142333984375
Uzbekistan,UZB,2018,95.9034194946289
Uzbekistan,UZB,2019,94.70954132080078
Uzbekistan,UZB,2020,97.5283203125
Vanuatu,VUT,1994,24.362070083618164
Vanuatu,VUT,1998,23.983070373535156
Vanuatu,VUT,2001,33.699378967285156
Vanuatu,VUT,2004,40.31277084350586
Vanuatu,VUT,2006,28.553430557250977
Vanuatu,VUT,2010,53.80604934692383
Vanuatu,VUT,2013,53.261070251464844
Vanuatu,VUT,2014,53.10512924194336
Vanuatu,VUT,2019,46.95426940917969
Vanuatu,VUT,2020,51.12908172607422
Venezuela,VEN,1972,20.82969093322754
Venezuela,VEN,1973,30.25412940979004
Venezuela,VEN,1974,31.552940368652344
Venezuela,VEN,1975,33.33246994018555
Venezuela,VEN,1976,34.41284942626953
Venezuela,VEN,1977,36.04399871826172
Venezuela,VEN,1978,36.90127944946289
Venezuela,VEN,1979,36.48347854614258
Venezuela,VEN,1980,37.014488220214844
Venezuela,VEN,1981,36.400760650634766
Venezuela,VEN,1982,37.22404861450195
Venezuela,VEN,1983,39.345211029052734
Venezuela,VEN,1984,40.705299377441406
Venezuela,VEN,1985,43.390750885009766
Venezuela,VEN,1986,44.604270935058594
Venezuela,VEN,1987,42.7512092590332
Venezuela,VEN,1988,42.25508117675781
Venezuela,VEN,1989,41.66661071777344
Venezuela,VEN,1990,41.49319839477539
Venezuela,VEN,1991,42.40610122680664
Venezuela,VEN,1992,43.10871887207031
Venezuela,VEN,1993,43.409080505371094
Venezuela,VEN,1996,45.55356979370117
Venezuela,VEN,1997,48.19990158081055
Venezuela,VEN,1999,47.896541595458984
Venezuela,VEN,2000,51.15855026245117
Venezuela,VEN,2001,54.40821838378906
Venezuela,VEN,2002,57.74388885498047
Venezuela,VEN,2003,59.64963150024414
Venezuela,VEN,2004,63.97945022583008
Venezuela,VEN,2005,67.38186645507812
Venezuela,VEN,2006,69.30486297607422
Venezuela,VEN,2007,74.18486785888672
Venezuela,VEN,2008,78.93372344970703
Venezuela,VEN,2009,78.88117980957031
Venezuela,VEN,2010,77.08965301513672
Venezuela,VEN,2011,77.45841217041016
Venezuela,VEN,2012,79.33123779296875
Venezuela,VEN,2013,80.00232696533203
Venezuela,VEN,2014,77.41789245605469
Venezuela,VEN,2015,76.94950103759766
Venezuela,VEN,2016,76.01799774169922
Venezuela,VEN,2017,75.23426055908203
Vietnam,VNM,1979,11.373950004577637
Vietnam,VNM,1999,66.98676300048828
Vietnam,VNM,2000,68.87140655517578
Vietnam,VNM,2001,67.47553253173828
Vietnam,VNM,2002,72.75753784179688
Vietnam,VNM,2005,87.24595642089844
Vietnam,VNM,2011,78.30977630615234
Vietnam,VNM,2012,78.82952117919922
Vietnam,VNM,2014,94.33924865722656
Vietnam,VNM,2015,100.30549621582031
Vietnam,VNM,2018,97.66271209716797
World,OWID_WRL,1986,53.00328826904297
World,OWID_WRL,1987,53.211631774902344
World,OWID_WRL,1988,53.230281829833984
World,OWID_WRL,1989,53.97660827636719
World,OWID_WRL,1990,54.1444206237793
World,OWID_WRL,1991,54.7004508972168
World,OWID_WRL,1992,55.71903991699219
World,OWID_WRL,1993,56.84281921386719
World,OWID_WRL,1994,57.30487823486328
World,OWID_WRL,1995,58.06575012207031
World,OWID_WRL,1996,58.98902130126953
World,OWID_WRL,1997,60.788360595703125
World,OWID_WRL,1998,61.70418167114258
World,OWID_WRL,1999,62.66709899902344
World,OWID_WRL,2000,63.83295822143555
World,OWID_WRL,2001,65.17489624023438
World,OWID_WRL,2002,66.97332000732422
World,OWID_WRL,2003,68.7372817993164
World,OWID_WRL,2004,69.66314697265625
World,OWID_WRL,2005,70.15753936767578
World,OWID_WRL,2006,70.5948715209961
World,OWID_WRL,2007,71.38069915771484
World,OWID_WRL,2008,72.40923309326172
World,OWID_WRL,2009,73.05921936035156
World,OWID_WRL,2010,73.83165740966797
World,OWID_WRL,2011,74.74874877929688
World,OWID_WRL,2012,74.77971649169922
World,OWID_WRL,2013,74.70748901367188
World,OWID_WRL,2014,75.14299774169922
World,OWID_WRL,2015,75.94589233398438
World,OWID_WRL,2016,76.32649993896484
World,OWID_WRL,2017,75.8011703491211
World,OWID_WRL,2018,75.7564468383789
World,OWID_WRL,2019,76.28309631347656
World,OWID_WRL,2020,77.00556945800781
Yemen,YEM,1999,41.0718994140625
Yemen,YEM,2001,47.075439453125
Yemen,YEM,2005,45.84339904785156
Yemen,YEM,2010,45.927520751953125
Yemen,YEM,2012,48.88045120239258
Yemen,YEM,2013,49.12023162841797
Yemen,YEM,2016,53.104740142822266
Zambia,ZMB,1976,16.21649932861328
Zambia,ZMB,1977,17.69300079345703
Zambia,ZMB,1978,17.586599349975586
Zambia,ZMB,1979,17.543209075927734
Zambia,ZMB,1980,17.320579528808594
Zambia,ZMB,1981,17.345659255981445
Zambia,ZMB,1983,18.97178077697754
Zambia,ZMB,1984,19.95305061340332
Zambia,ZMB,2000,24.02536964416504
Zambia,ZMB,2001,26.52638053894043
Zambia,ZMB,2002,37.243648529052734
Zambia,ZMB,2004,36.85987091064453
Zambia,ZMB,2005,41.24898147583008
Zambia,ZMB,2007,50.45328903198242
Zambia,ZMB,2008,65.56999969482422
Zambia,ZMB,2009,63.86486053466797
Zambia,ZMB,2010,59.821990966796875
Zambia,ZMB,2011,57.443939208984375
Zambia,ZMB,2012,55.33306884765625
Zambia,ZMB,2013,54.76887130737305
Zimbabwe,ZWE,1984,51.189151763916016
Zimbabwe,ZWE,2012,69.94529724121094
Zimbabwe,ZWE,2013,71.1275863647461
Zimbabwe,ZWE,2014,72.6295394897461
Zimbabwe,ZWE,2015,64.79255676269531
Zimbabwe,ZWE,2016,65.41771697998047
Zimbabwe,ZWE,2017,66.38517761230469
Zimbabwe,ZWE,2018,61.66582107543945
Zimbabwe,ZWE,2019,69.03192138671875
Zimbabwe,ZWE,2020,67.99163818359375