Entity,Code,Year,"Primary completion rate, total (% of relevant age group)","Primary completion rate, female (% of relevant age group)","Primary completion rate, male (% of relevant age group)"
Afghanistan,AFG,1974,16.656999588012695,4.361800193786621,28.54109001159668
Afghanistan,AFG,1977,17.880760192871094,5.50816011428833,29.805089950561523
Afghanistan,AFG,1978,19.65283966064453,6.357999801635742,32.4492301940918
Afghanistan,AFG,1980,26.373239517211914,9.052940368652344,42.988929748535156
Afghanistan,AFG,1981,32.706119537353516,12.837599754333496,51.704498291015625
Afghanistan,AFG,1984,17.891029357910156,10.746170043945312,24.64221954345703
Afghanistan,AFG,1985,18.570600509643555,10.859970092773438,25.832759857177734
Afghanistan,AFG,1993,27.575170516967773,14.120400428771973,39.90011978149414
Afghanistan,AFG,2016,80.49504089355469,63.604068756103516,96.5420913696289
Afghanistan,AFG,2017,84.41494750976562,66.68888092041016,101.2942123413086
Afghanistan,AFG,2018,85.62532806396484,67.12930297851562,103.28325653076172
Afghanistan,AFG,2019,84.3305892944336,65.76151275634766,102.11784362792969
Albania,ALB,1996,91.58609008789062,92.22415924072266,90.98243713378906
Albania,ALB,2000,96.58268737792969,97.50543212890625,95.71172332763672
Albania,ALB,2001,96.3939437866211,97.2493667602539,95.5914535522461
Albania,ALB,2003,94.44817352294922,95.33894348144531,93.62557220458984
Albania,ALB,2004,93.43779754638672,94.2114028930664,92.72421264648438
Albania,ALB,2007,96.19241333007812,97.45506286621094,95.02845001220703
Albania,ALB,2008,92.39359283447266,92.81810760498047,92.00221252441406
Albania,ALB,2009,91.0514907836914,91.45610046386719,90.67845916748047
Albania,ALB,2010,88.83624267578125,88.61092376708984,89.0428695678711
Albania,ALB,2011,92.98265838623047,94.35333251953125,91.742431640625
Albania,ALB,2012,98.67212677001953,99.58724212646484,97.84899139404297
Albania,ALB,2013,89.53917694091797,88.68978881835938,90.29412841796875
Albania,ALB,2014,100.9847183227539,103.73114776611328,98.5813980102539
Albania,ALB,2015,98.86158752441406,100.38871765136719,97.53887939453125
Albania,ALB,2016,99.88155364990234,102.29765319824219,97.79039001464844
Albania,ALB,2017,101.98370361328125,103.63323211669922,100.56242370605469
Albania,ALB,2018,101.53785705566406,104.65676879882812,98.85868072509766
Albania,ALB,2019,103.32274627685547,104.52043151855469,102.29239654541016
Albania,ALB,2020,100.73240661621094,103.3794937133789,98.43592071533203
Algeria,DZA,1972,41.588069915771484,29.827909469604492,52.84523010253906
Algeria,DZA,1973,43.55274963378906,31.922000885009766,54.67810821533203
Algeria,DZA,1974,45.92298889160156,33.29664993286133,57.99300003051758
Algeria,DZA,1975,51.53573989868164,38.79357147216797,63.70981979370117
Algeria,DZA,1976,57.69171142578125,44.381160736083984,70.40416717529297
Algeria,DZA,1977,60.858150482177734,47.695621490478516,73.42633819580078
Algeria,DZA,1978,63.476558685302734,50.17053985595703,76.18341064453125
Algeria,DZA,1979,63.32093048095703,50.88246154785156,75.20378875732422
Algeria,DZA,1980,62.828739166259766,51.87957000732422,73.29438018798828
Algeria,DZA,1981,66.71124267578125,54.48283004760742,78.40596771240234
Algeria,DZA,1982,68.1220474243164,58.21295166015625,77.6089096069336
Algeria,DZA,1983,70.56375885009766,60.61132049560547,80.10125732421875
Algeria,DZA,1984,74.88333129882812,63.914859771728516,85.40323638916016
Algeria,DZA,1985,88.4149169921875,74.78868103027344,101.48998260498047
Algeria,DZA,1986,72.63892364501953,62.91273880004883,81.969970703125
Algeria,DZA,1987,74.59693145751953,65.6786880493164,83.15287017822266
Algeria,DZA,1988,75.62870788574219,67.05635070800781,83.85157012939453
Algeria,DZA,1989,78.52591705322266,70.0231704711914,86.67964172363281
Algeria,DZA,1990,77.42842864990234,69.4952392578125,85.03529357910156
Algeria,DZA,1991,76.60082244873047,70.5294189453125,82.42536926269531
Algeria,DZA,1992,79.85958099365234,73.77662658691406,85.69931030273438
Algeria,DZA,1993,79.6357192993164,73.73845672607422,85.3001708984375
Algeria,DZA,1994,78.89399719238281,73.6558837890625,83.9274673461914
Algeria,DZA,1995,80.38665008544922,76.05146789550781,84.55301666259766
Algeria,DZA,1996,83.55747985839844,79.89460754394531,87.0760269165039
Algeria,DZA,1997,83.79032135009766,81.6137466430664,85.88011169433594
Algeria,DZA,1999,82.8245620727539,81.49223327636719,84.10179138183594
Algeria,DZA,2000,80.16638946533203,79.90702819824219,80.41484832763672
Algeria,DZA,2001,86.29779052734375,85.99970245361328,86.5833969116211
Algeria,DZA,2002,88.0822982788086,87.86707305908203,88.28854370117188
Algeria,DZA,2003,89.71991729736328,89.24714660644531,90.1729965209961
Algeria,DZA,2004,91.32530212402344,91.5352783203125,91.12399291992188
Algeria,DZA,2005,93.07539367675781,92.72461700439453,93.41181945800781
Algeria,DZA,2006,83.62890625,82.6496810913086,84.5682373046875
Algeria,DZA,2007,94.39851379394531,95.17526245117188,93.65309143066406
Algeria,DZA,2008,112.97664642333984,106.9856185913086,118.72633361816406
Algeria,DZA,2009,91.88226318359375,92.7283706665039,91.07131958007812
Algeria,DZA,2010,95.61699676513672,95.3650894165039,95.85836791992188
Algeria,DZA,2011,97.63629913330078,97.30979919433594,97.94917297363281
Algeria,DZA,2012,101.5528793334961,101.29782104492188,101.79743957519531
Algeria,DZA,2013,106.03167724609375,105.85916900634766,106.19719696044922
Algeria,DZA,2014,108.3915786743164,108.90737915039062,107.89630126953125
Algeria,DZA,2015,105.54672241210938,105.4875717163086,105.60353088378906
Algeria,DZA,2016,105.59004974365234,105.56004333496094,105.61885833740234
Algeria,DZA,2017,105.63671112060547,105.75070190429688,105.52725219726562
Algeria,DZA,2018,105.14395904541016,105.62507629394531,104.68193054199219
Algeria,DZA,2019,101.36463165283203,101.58257293701172,101.15534973144531
Algeria,DZA,2020,103.66352844238281,103.34420013427734,103.97013092041016
Angola,AGO,1981,42.94057083129883,,
Angola,AGO,1982,37.20602035522461,,
Angola,AGO,1991,29.200000762939453,,
Angola,AGO,2008,39.1970100402832,34.631038665771484,43.826499938964844
Angola,AGO,2009,38.78757858276367,34.35042953491211,43.28607940673828
Angola,AGO,2010,39.80720901489258,33.917030334472656,45.779788970947266
Angola,AGO,2011,46.18714904785156,33.54656982421875,59.008968353271484
Antigua and Barbuda,ATG,1975,78.64849853515625,80.54920196533203,76.77565002441406
Antigua and Barbuda,ATG,1976,79.98853302001953,79.39814758300781,80.56817626953125
Antigua and Barbuda,ATG,1992,85.8505630493164,82.0063705444336,89.68254089355469
Antigua and Barbuda,ATG,2008,110.55480194091797,110.0135269165039,111.09607696533203
Antigua and Barbuda,ATG,2009,101.26329803466797,100.93209075927734,101.5936279296875
Antigua and Barbuda,ATG,2010,106.60994720458984,104.85563659667969,108.35508728027344
Antigua and Barbuda,ATG,2011,103.67694854736328,98.15547180175781,109.16230010986328
Antigua and Barbuda,ATG,2013,108.10810852050781,108.54341888427734,107.6817626953125
Antigua and Barbuda,ATG,2014,111.15032196044922,101.71183776855469,120.39105987548828
Antigua and Barbuda,ATG,2015,92.55548095703125,91.02749633789062,94.05098724365234
Antigua and Barbuda,ATG,2016,93.58789825439453,90.10189056396484,97.00428009033203
Antigua and Barbuda,ATG,2017,98.18578338623047,96.62757110595703,99.71263885498047
Antigua and Barbuda,ATG,2018,96.1988296508789,98.9645004272461,93.49710845947266
Argentina,ARG,1970,70.97234344482422,74.23158264160156,67.81034088134766
Argentina,ARG,1971,71.83389282226562,74.70929718017578,69.0261001586914
Argentina,ARG,1974,75.5764389038086,,
Argentina,ARG,1975,78.91168975830078,81.2125015258789,76.62238311767578
Argentina,ARG,1976,78.63954162597656,81.03469848632812,76.26495361328125
Argentina,ARG,1994,98.57759857177734,,
Argentina,ARG,1996,92.9632568359375,94.32850646972656,91.62901306152344
Argentina,ARG,1997,91.52876281738281,93.2516098022461,89.84300994873047
Argentina,ARG,1998,99.15171813964844,100.60730743408203,97.72885131835938
Argentina,ARG,1999,97.20204162597656,97.51628112792969,96.89488220214844
Argentina,ARG,2000,97.34647369384766,97.4715576171875,97.22431182861328
Argentina,ARG,2001,96.82166290283203,97.09464263916016,96.55535125732422
Argentina,ARG,2002,100.51583099365234,100.84928894042969,100.19097137451172
Argentina,ARG,2003,98.16793823242188,98.35381317138672,97.98713684082031
Argentina,ARG,2004,96.57994842529297,96.7299575805664,96.43424987792969
Argentina,ARG,2005,94.64183044433594,94.81124114990234,94.47753143310547
Argentina,ARG,2006,97.10247802734375,97.14913177490234,97.05728912353516
Argentina,ARG,2007,99.8678207397461,99.9581069946289,99.78044891357422
Argentina,ARG,2008,103.14217376708984,103.09780883789062,103.18504333496094
Argentina,ARG,2009,103.30387115478516,103.11029815673828,103.49085235595703
Argentina,ARG,2010,103.56741333007812,103.14531707763672,103.97493743896484
Argentina,ARG,2011,103.88771057128906,103.65785217285156,104.10961151123047
Argentina,ARG,2012,103.35224914550781,102.9941177368164,103.69792938232422
Argentina,ARG,2013,101.64501190185547,101.17520904541016,102.09842681884766
Argentina,ARG,2014,103.10643768310547,102.59039306640625,103.60446166992188
Argentina,ARG,2015,102.97373962402344,102.47733306884766,103.45269012451172
Argentina,ARG,2016,103.89356994628906,104.33489227294922,103.46781158447266
Argentina,ARG,2017,99.96276092529297,99.69320678710938,100.22279357910156
Argentina,ARG,2018,98.70625305175781,98.4365463256836,98.96637725830078
Argentina,ARG,2019,98.5472412109375,98.17658233642578,98.90470123291016
Armenia,ARM,1994,108.26380157470703,,
Armenia,ARM,1997,93.89550018310547,,
Armenia,ARM,2002,93.70575714111328,94.08287811279297,93.3463134765625
Armenia,ARM,2003,89.27111053466797,89.72151184082031,88.84233093261719
Armenia,ARM,2004,100.04747009277344,99.18153381347656,100.86524963378906
Armenia,ARM,2005,92.69158172607422,93.234619140625,92.18653106689453
Armenia,ARM,2006,93.81121063232422,94.96553039550781,92.75881958007812
Armenia,ARM,2007,102.06970977783203,103.48577117919922,100.8046875
Armenia,ARM,2008,105.79289245605469,106.82256317138672,104.89527893066406
Armenia,ARM,2010,94.49523162841797,96.4732666015625,92.80625915527344
Armenia,ARM,2011,93.80896759033203,95.53209686279297,92.33635711669922
Armenia,ARM,2012,93.85169219970703,95.65740966796875,92.30351257324219
Armenia,ARM,2014,96.65222930908203,96.51783752441406,96.76853942871094
Armenia,ARM,2015,94.59063720703125,95.76216125488281,93.57679748535156
Armenia,ARM,2016,90.7516098022461,91.6685791015625,89.95716094970703
Armenia,ARM,2017,91.98770904541016,92.53565979003906,91.51094055175781
Armenia,ARM,2018,89.87895965576172,89.51941680908203,90.19304656982422
Armenia,ARM,2019,93.13851928710938,92.99519348144531,93.26407623291016
Armenia,ARM,2020,93.16529083251953,94.09165954589844,92.3527603149414
Aruba,ABW,1999,101.6191177368164,102.5,100.76103973388672
Aruba,ABW,2000,97.14286041259766,97.12557220458984,97.15994262695312
Aruba,ABW,2001,94.40406799316406,100.14576721191406,88.69564819335938
Aruba,ABW,2002,94.75524139404297,99.71988677978516,89.8044662475586
Aruba,ABW,2003,90.2159194946289,88.1401596069336,92.29730224609375
Aruba,ABW,2004,90.55989837646484,88.32685089111328,92.81046295166016
Aruba,ABW,2005,88.19796752929688,88.51010131835938,87.88265228271484
Aruba,ABW,2006,93.18611907958984,91.8546371459961,94.53620910644531
Aruba,ABW,2007,95.58824157714844,97.82330322265625,93.35887908935547
Aruba,ABW,2008,95.1330337524414,98.03665161132812,92.27799224853516
Aruba,ABW,2009,96.2425765991211,94.00798797607422,98.43341827392578
Aruba,ABW,2010,94.78610229492188,97.84075927734375,91.78807830810547
Aruba,ABW,2013,96.57064056396484,101.25523376464844,92.03778839111328
Aruba,ABW,2014,101.18055725097656,101.55587005615234,100.81855010986328
Austria,AUT,1971,94.99665832519531,95.71383666992188,94.30963897705078
Austria,AUT,1972,96.87254333496094,97.68052673339844,96.09867858886719
Austria,AUT,1973,97.06210327148438,97.93560028076172,96.22576141357422
Austria,AUT,1998,100.91771697998047,100.74256134033203,101.08405303955078
Austria,AUT,1999,100.8748779296875,101.14290618896484,100.62039947509766
Austria,AUT,2002,100.22219848632812,99.84864044189453,100.57691192626953
Austria,AUT,2004,98.74430084228516,98.29582977294922,99.16996765136719
Austria,AUT,2011,96.77201843261719,96.20503234863281,97.31096649169922
Austria,AUT,2012,96.69371795654297,97.21524810791016,96.19722747802734
Austria,AUT,2013,97.60601043701172,97.05647277832031,98.13018035888672
Austria,AUT,2014,98.69184875488281,99.00877380371094,98.38929748535156
Austria,AUT,2015,100.37378692626953,99.93681335449219,100.7903823852539
Austria,AUT,2016,99.65672302246094,99.59905242919922,99.71157836914062
Austria,AUT,2017,99.45317840576172,100.04290008544922,98.89478302001953
Austria,AUT,2018,99.81300354003906,99.81427001953125,99.81181335449219
Austria,AUT,2019,99.40850067138672,99.65705871582031,99.17488861083984
Azerbaijan,AZE,1993,99.449462890625,98.07942962646484,100.763671875
Azerbaijan,AZE,1994,93.98861694335938,91.61665344238281,96.2630386352539
Azerbaijan,AZE,1995,91.50956726074219,95.12796020507812,88.03153228759766
Azerbaijan,AZE,1996,82.40271759033203,85.85388946533203,79.07868957519531
Azerbaijan,AZE,1997,99.47010803222656,97.25411987304688,101.6033706665039
Azerbaijan,AZE,1998,95.40026092529297,94.49771881103516,96.26806640625
Azerbaijan,AZE,1999,92.17310333251953,91.76931762695312,92.55455780029297
Azerbaijan,AZE,2000,89.51351165771484,85.49742889404297,93.76524353027344
Azerbaijan,AZE,2001,95.1685791015625,93.98149871826172,96.32160949707031
Azerbaijan,AZE,2002,97.58601379394531,100.99122619628906,94.59821319580078
Azerbaijan,AZE,2003,92.69615173339844,90.24809265136719,95.09535217285156
Azerbaijan,AZE,2004,95.59542846679688,94.85749816894531,96.28642272949219
Azerbaijan,AZE,2005,93.43061828613281,89.61280059814453,97.25189208984375
Azerbaijan,AZE,2006,91.60543060302734,90.93142700195312,92.21774291992188
Azerbaijan,AZE,2007,98.13037109375,98.49185180664062,97.80458068847656
Azerbaijan,AZE,2008,90.73683166503906,89.7155990600586,91.6603775024414
Azerbaijan,AZE,2009,91.77172088623047,91.42843627929688,92.07533264160156
Azerbaijan,AZE,2010,89.51445007324219,88.97885131835938,89.9870834350586
Azerbaijan,AZE,2011,92.80683135986328,92.18356323242188,93.34938049316406
Azerbaijan,AZE,2012,91.9911880493164,91.59458923339844,92.33953094482422
Azerbaijan,AZE,2013,88.08940887451172,86.54667663574219,89.43961334228516
Azerbaijan,AZE,2014,98.1257095336914,97.61051940917969,98.57418060302734
Azerbaijan,AZE,2015,103.28021240234375,101.61833190917969,104.73699951171875
Azerbaijan,AZE,2016,111.30191040039062,109.72020721435547,112.69454193115234
Azerbaijan,AZE,2017,107.17217254638672,107.61837768554688,106.78256225585938
Azerbaijan,AZE,2018,100.2199478149414,100.6412124633789,99.85738372802734
Azerbaijan,AZE,2019,100.38333892822266,100.37316131591797,100.39202117919922
Azerbaijan,AZE,2020,99.5177993774414,100.57144165039062,98.612548828125
Bahamas,BHS,1994,86.32550048828125,,
Bahamas,BHS,1999,82.1727523803711,84.24633026123047,80.1204833984375
Bahamas,BHS,2005,101.86549377441406,102.06490325927734,101.66667175292969
Bahamas,BHS,2006,95.83602905273438,93.4845962524414,98.18594360351562
Bahrain,BHR,1982,93.01699829101562,81.91488647460938,103.79676055908203
Bahrain,BHR,1983,89.71205139160156,84.14321899414062,95.10315704345703
Bahrain,BHR,1984,91.14695739746094,88.82141876220703,93.39195251464844
Bahrain,BHR,1985,93.62425231933594,89.3685073852539,97.7185287475586
Bahrain,BHR,1986,90.69026947021484,89.32013702392578,92.0009994506836
Bahrain,BHR,1987,92.79666137695312,93.7210464477539,91.9046401977539
Bahrain,BHR,1988,99.65444946289062,99.87428283691406,99.44255828857422
Bahrain,BHR,1989,105.0918197631836,107.42369079589844,102.86646270751953
Bahrain,BHR,1991,102.98175048828125,104.95867919921875,101.12262725830078
Bahrain,BHR,1992,100.89286041259766,100.92092895507812,100.86643981933594
Bahrain,BHR,1993,99.66449737548828,98.83267974853516,100.44788360595703
Bahrain,BHR,1994,94.57148742675781,96.45346069335938,92.79923248291016
Bahrain,BHR,1995,93.93595886230469,96.7327880859375,91.29476928710938
Bahrain,BHR,1996,92.05882263183594,94.08551788330078,90.12744903564453
Bahrain,BHR,1998,94.39926147460938,95.69529724121094,93.13493347167969
Bahrain,BHR,1999,100.38539123535156,99.20014953613281,101.53929901123047
Bahrain,BHR,2000,98.78814697265625,99.21173095703125,98.38170623779297
Bahrain,BHR,2001,96.68489074707031,98.85118103027344,94.65762329101562
Bahrain,BHR,2002,100.54142761230469,100.94979858398438,100.15888214111328
Bahrain,BHR,2003,100.10330963134766,100.24691009521484,99.96926879882812
Bahrain,BHR,2004,102.047119140625,105.35198211669922,98.9885482788086
Bahrain,BHR,2005,101.62844848632812,104.73882293701172,98.78450012207031
Bahrain,BHR,2011,89.47138214111328,91.95086669921875,87.1939468383789
Bahrain,BHR,2012,93.2264175415039,93.60653686523438,92.86847686767578
Bahrain,BHR,2013,94.48236846923828,92.93045806884766,95.96231079101562
Bahrain,BHR,2014,96.647216796875,96.31266784667969,96.96389770507812
Bahrain,BHR,2015,98.74027252197266,100.23442077636719,97.35212707519531
Bahrain,BHR,2016,99.5136489868164,103.04010009765625,96.28370666503906
Bahrain,BHR,2017,99.45120239257812,100.38452911376953,98.57032775878906
Bahrain,BHR,2018,97.8741226196289,99.27617645263672,96.51583099365234
Bahrain,BHR,2019,100.2411880493164,97.32035064697266,103.17581939697266
Bangladesh,BGD,1976,44.57194900512695,29.57921028137207,58.899600982666016
Bangladesh,BGD,1977,32.58475112915039,,
Bangladesh,BGD,1981,28.927480697631836,22.120220184326172,35.51388931274414
Bangladesh,BGD,1989,47.259620666503906,,
Bangladesh,BGD,2005,66.32054901123047,68.86966705322266,63.869319915771484
Bangladesh,BGD,2008,59.02299118041992,61.98920822143555,56.17070007324219
Bangladesh,BGD,2009,65.45803833007812,68.49994659423828,62.53266143798828
Bangladesh,BGD,2010,67.83219146728516,71.76451873779297,64.05394744873047
Barbados,BRB,1999,94.90099334716797,92.57028198242188,97.16796875
Barbados,BRB,2000,98.39069366455078,96.38735961914062,100.34213256835938
Barbados,BRB,2001,106.10086059570312,105.92925262451172,106.26821899414062
Barbados,BRB,2002,103.4780502319336,103.89026641845703,103.07466888427734
Barbados,BRB,2003,106.61054992675781,106.99649810791016,106.23159790039062
Barbados,BRB,2004,97.66053009033203,95.13297271728516,100.14814758300781
Barbados,BRB,2005,91.64779663085938,92.49111938476562,90.818359375
Barbados,BRB,2006,93.9386215209961,90.64115905761719,97.1659927368164
Barbados,BRB,2007,92.27578735351562,92.28346252441406,92.268310546875
Barbados,BRB,2008,94.60025787353516,95.63597869873047,93.59503936767578
Barbados,BRB,2009,95.74748992919922,97.63440704345703,93.92523193359375
Barbados,BRB,2010,95.6165771484375,98.16712188720703,93.1677017211914
Barbados,BRB,2011,98.16754150390625,99.03485107421875,97.34014892578125
Barbados,BRB,2018,88.74687194824219,89.92072296142578,87.61592864990234
Barbados,BRB,2019,90.09367370605469,91.58016204833984,88.65287780761719
Barbados,BRB,2020,96.04075622558594,98.75959777832031,93.39839172363281
Belarus,BLR,1971,102.69297790527344,,
Belarus,BLR,1972,101.84066009521484,,
Belarus,BLR,1973,104.90479278564453,,
Belarus,BLR,1974,100.18263244628906,,
Belarus,BLR,1975,99.1072998046875,,
Belarus,BLR,1976,98.14823913574219,,
Belarus,BLR,1977,96.89144897460938,,
Belarus,BLR,1978,99.5185317993164,,
Belarus,BLR,1979,99.56189727783203,,
Belarus,BLR,1980,100.75746154785156,,
Belarus,BLR,1981,100.43350982666016,,
Belarus,BLR,1982,100.15714263916016,,
Belarus,BLR,1983,100.2606430053711,,
Belarus,BLR,1984,99.96949768066406,,
Belarus,BLR,1985,98.74678039550781,,
Belarus,BLR,1986,98.97254943847656,,
Belarus,BLR,1990,94.98883056640625,,
Belarus,BLR,1991,94.74938201904297,,
Belarus,BLR,1992,90.12126922607422,,
Belarus,BLR,1993,96.58090209960938,96.34129333496094,96.81407165527344
Belarus,BLR,1994,98.47767639160156,97.07527923583984,99.84127044677734
Belarus,BLR,1995,96.14678192138672,94.1319808959961,98.09947204589844
Belarus,BLR,1996,95.73091125488281,94.4291763305664,96.98731231689453
Belarus,BLR,1997,95.9207534790039,93.99609375,97.76670837402344
Belarus,BLR,1999,98.79434967041016,98.27452850341797,99.28829193115234
Belarus,BLR,2000,102.32492065429688,102.1934814453125,102.44960021972656
Belarus,BLR,2001,106.73310852050781,106.3569564819336,107.08975219726562
Belarus,BLR,2002,132.67657470703125,132.1580810546875,133.1674041748047
Belarus,BLR,2003,103.18907928466797,103.27584075927734,103.10700225830078
Belarus,BLR,2004,102.71907043457031,100.9030990600586,104.4361801147461
Belarus,BLR,2005,98.86844635009766,96.38334655761719,101.21743774414062
Belarus,BLR,2006,97.65106964111328,95.87581634521484,99.32881164550781
Belarus,BLR,2007,96.30975341796875,95.43003845214844,97.14167022705078
Belarus,BLR,2008,99.11292266845703,98.89353942871094,99.32058715820312
Belarus,BLR,2009,105.84522247314453,,
Belarus,BLR,2010,106.97271728515625,,
Belarus,BLR,2011,107.90567779541016,107.42220306396484,108.36373901367188
Belarus,BLR,2012,104.07646179199219,103.84818267822266,104.29296112060547
Belarus,BLR,2013,100.26493835449219,100.09700775146484,100.42424011230469
Belarus,BLR,2014,98.66790771484375,98.75614166259766,98.5842514038086
Belarus,BLR,2015,96.76220703125,96.52040100097656,96.99122619628906
Belarus,BLR,2016,96.86775207519531,97.59322357177734,96.18154907226562
Belarus,BLR,2017,101.6810073852539,101.45636749267578,101.89366912841797
Belarus,BLR,2018,104.61791229248047,104.64495086669922,104.59227752685547
Belgium,BEL,1974,67.988037109375,69.20464324951172,66.82762145996094
Belgium,BEL,1975,69.6011734008789,70.3104019165039,68.92510986328125
Belgium,BEL,1976,70.5177230834961,71.26571655273438,69.8050308227539
Belgium,BEL,1977,72.43759155273438,74.02082061767578,70.92868041992188
Belgium,BEL,1978,74.4912109375,74.43074798583984,74.54884338378906
Belgium,BEL,1979,67.9652328491211,69.30526733398438,66.6881103515625
Belgium,BEL,1980,68.04033660888672,69.97360229492188,66.19811248779297
Belgium,BEL,1981,74.23993682861328,76.19699096679688,72.37564849853516
Belgium,BEL,1982,76.79476165771484,80.42787170410156,73.3340835571289
Belgium,BEL,1983,71.67523956298828,74.53455352783203,68.95205688476562
Belgium,BEL,1984,75.10009002685547,77.89627838134766,72.43763732910156
Belgium,BEL,1985,73.3164291381836,75.8495101928711,70.9056167602539
Belgium,BEL,1986,72.09044647216797,74.51908874511719,69.78093719482422
Belgium,BEL,1987,71.35022735595703,73.73841094970703,69.0811996459961
Belgium,BEL,1988,73.08248138427734,75.56976318359375,70.72219848632812
Belgium,BEL,1991,79.33482360839844,82.71797943115234,76.13886260986328
Belize,BLZ,1992,93.92243957519531,93.56474304199219,94.27262115478516
Belize,BLZ,1995,89.16446685791016,89.43811798095703,88.89662170410156
Belize,BLZ,1996,95.6703872680664,95.05650329589844,96.27072143554688
Belize,BLZ,1999,98.95243072509766,98.05757904052734,99.8299331665039
Belize,BLZ,2000,100.05013275146484,97.40303802490234,102.64900970458984
Belize,BLZ,2001,100.8180923461914,102.03883361816406,99.61831665039062
Belize,BLZ,2003,97.24398040771484,99.148681640625,95.37451934814453
Belize,BLZ,2004,97.65119934082031,97.6289291381836,97.6730728149414
Belize,BLZ,2005,98.44107818603516,97.83486938476562,99.0362777709961
Belize,BLZ,2006,97.45408630371094,95.95732879638672,98.92443084716797
Belize,BLZ,2007,98.99469757080078,101.39726257324219,96.63163757324219
Belize,BLZ,2008,94.90599060058594,95.51557159423828,94.30464172363281
Belize,BLZ,2009,99.68441772460938,101.21597290039062,98.16850280761719
Belize,BLZ,2010,100.74189758300781,98.2754135131836,103.18982696533203
Belize,BLZ,2011,103.95195770263672,104.6137924194336,103.29472351074219
Belize,BLZ,2012,108.0577163696289,109.00231170654297,107.12106323242188
Belize,BLZ,2013,101.69877624511719,101.5804214477539,101.81588745117188
Belize,BLZ,2014,102.06120300292969,100.73847961425781,103.3659896850586
Belize,BLZ,2015,104.23179626464844,103.56593322753906,104.88542175292969
Belize,BLZ,2016,105.3376235961914,105.7046127319336,104.97966766357422
Belize,BLZ,2017,102.60971069335938,102.42680358886719,102.7870101928711
Belize,BLZ,2018,104.47447967529297,104.1176528930664,104.81835174560547
Belize,BLZ,2019,102.84693145751953,103.08274841308594,102.62065124511719
Belize,BLZ,2020,104.45623016357422,104.41375732421875,104.49700927734375
Benin,BEN,1971,18.208330154418945,10.036290168762207,26.440610885620117
Benin,BEN,1972,21.278560638427734,11.963359832763672,30.654069900512695
Benin,BEN,1973,21.733549118041992,12.295490264892578,31.233720779418945
Benin,BEN,1974,20.576950073242188,11.367280006408691,29.84650993347168
Benin,BEN,1975,25.222410202026367,13.128270149230957,37.376869201660156
Benin,BEN,1976,25.1312198638916,14.386630058288574,35.89976119995117
Benin,BEN,1977,24.516380310058594,13.622220039367676,35.41596984863281
Benin,BEN,1978,26.680910110473633,15.554739952087402,37.796871185302734
Benin,BEN,1979,28.04578971862793,17.085269927978516,38.98609924316406
Benin,BEN,1980,29.937040328979492,19.652530670166016,40.20206069946289
Benin,BEN,1981,31.09343910217285,18.331619262695312,43.84053039550781
Benin,BEN,1982,33.603031158447266,21.44455909729004,45.76844024658203
Benin,BEN,1983,36.395599365234375,20.25564956665039,52.558048248291016
Benin,BEN,1984,29.759309768676758,18.27642059326172,41.2681999206543
Benin,BEN,1985,33.74224090576172,20.222370147705078,47.30083084106445
Benin,BEN,1986,30.756860733032227,18.471479415893555,43.073341369628906
Benin,BEN,1987,29.67449951171875,17.800180435180664,41.5642204284668
Benin,BEN,1988,27.336580276489258,16.807369232177734,37.86800003051758
Benin,BEN,1989,27.020610809326172,16.715639114379883,37.31694030761719
Benin,BEN,1990,18.791250228881836,11.449529647827148,26.117300033569336
Benin,BEN,1991,21.38610076904297,13.671239852905273,29.07171058654785
Benin,BEN,1992,21.658390045166016,13.599149703979492,29.67354965209961
Benin,BEN,1993,23.791719436645508,14.913780212402344,32.60429000854492
Benin,BEN,1994,25.740760803222656,16.316110610961914,35.077491760253906
Benin,BEN,1995,30.25149917602539,19.49254035949707,40.89115905761719
Benin,BEN,1996,32.3626708984375,20.333330154418945,44.24031066894531
Benin,BEN,1997,34.78396987915039,22.09300994873047,47.29682922363281
Benin,BEN,1998,37.52402114868164,24.03697967529297,50.80659866333008
Benin,BEN,2000,37.80432891845703,26.03679084777832,49.370750427246094
Benin,BEN,2001,41.67731857299805,29.054670333862305,54.06932067871094
Benin,BEN,2002,43.78899002075195,30.694040298461914,56.63005828857422
Benin,BEN,2003,48.11962890625,35.17987823486328,60.793331146240234
Benin,BEN,2004,51.87131881713867,40.432899475097656,63.06275939941406
Benin,BEN,2008,63.670501708984375,53.4998893737793,73.59329986572266
Benin,BEN,2010,66.71160888671875,58.195068359375,75.01155853271484
Benin,BEN,2011,71.68801879882812,64.07581329345703,79.10285949707031
Benin,BEN,2012,73.04107666015625,65.53871154785156,80.34953308105469
Benin,BEN,2013,78.60559844970703,71.55158996582031,85.4763412475586
Benin,BEN,2014,79.45439910888672,73.55081176757812,85.2033462524414
Benin,BEN,2015,81.14032745361328,76.10626220703125,86.04148864746094
Benin,BEN,2016,80.74555969238281,76.03179931640625,85.33373260498047
Benin,BEN,2019,64.4395980834961,61.15882110595703,67.63040924072266
Benin,BEN,2020,62.42148971557617,59.454261779785156,65.30703735351562
Bermuda,BMU,1975,69.93299865722656,72.80404663085938,67.10962677001953
Bermuda,BMU,2001,94.46366882324219,92.52336120605469,96.3553466796875
Bermuda,BMU,2002,98.95591735839844,100.94117736816406,97.0251693725586
Bermuda,BMU,2003,95.68765258789062,97.8723373413086,93.56321716308594
Bermuda,BMU,2004,90.12925720214844,,
Bermuda,BMU,2005,90.48751068115234,,
Bermuda,BMU,2006,90.59107208251953,,
Bermuda,BMU,2010,103.20924377441406,,
Bermuda,BMU,2011,95.56136322021484,88.29786682128906,102.56410217285156
Bermuda,BMU,2012,94.80692291259766,84.55284881591797,104.71204376220703
Bermuda,BMU,2013,98.23609161376953,97.51380920410156,98.9333267211914
Bermuda,BMU,2014,88.95027923583984,,
Bermuda,BMU,2015,91.57302856445312,,
Bhutan,BTN,1976,5.528170108795166,,
Bhutan,BTN,1977,5.892960071563721,,
Bhutan,BTN,1978,8.59552001953125,4.280409812927246,12.826549530029297
Bhutan,BTN,1979,9.453980445861816,4.851920127868652,13.967860221862793
Bhutan,BTN,1988,19.441560745239258,,
Bhutan,BTN,1993,23.782800674438477,20.036760330200195,27.455690383911133
Bhutan,BTN,1994,27.91486930847168,24.5389404296875,31.225709915161133
Bhutan,BTN,1998,46.07048034667969,41.04642105102539,51.02178955078125
Bhutan,BTN,1999,49.996700286865234,45.78506088256836,54.139381408691406
Bhutan,BTN,2000,51.06835174560547,47.52050018310547,54.538509368896484
Bhutan,BTN,2001,51.484458923339844,48.176578521728516,54.72312927246094
Bhutan,BTN,2004,60.16421890258789,,
Bhutan,BTN,2005,66.09851837158203,,
Bhutan,BTN,2006,71.0585708618164,71.23567199707031,70.8868637084961
Bhutan,BTN,2007,72.63404083251953,,
Bhutan,BTN,2008,78.43048858642578,81.61457824707031,75.3467788696289
Bhutan,BTN,2009,80.84539794921875,84.72789764404297,77.07373046875
Bhutan,BTN,2010,87.29344177246094,93.0372085571289,81.69526672363281
Bhutan,BTN,2011,89.07044982910156,91.89042663574219,86.31912994384766
Bhutan,BTN,2012,98.97335052490234,101.00523376464844,96.99166870117188
Bhutan,BTN,2013,96.6399917602539,98.83981323242188,94.49591064453125
Bhutan,BTN,2014,96.23844146728516,101.97386932373047,90.65524291992188
Bhutan,BTN,2015,96.5889663696289,101.80219268798828,91.52185821533203
Bhutan,BTN,2016,100.66216278076172,105.9708023071289,95.49971771240234
Bhutan,BTN,2017,100,104.401123046875,95.71900939941406
Bhutan,BTN,2018,88.16206359863281,92.5732192993164,83.87330627441406
Bhutan,BTN,2019,76.99398040771484,82.61395263671875,71.53948211669922
Bhutan,BTN,2020,82.07420349121094,88.11412811279297,76.22004699707031
Bolivia,BOL,2010,97.2559585571289,97.55014038085938,96.97332763671875
Bolivia,BOL,2011,96.88192749023438,97.1990966796875,96.57731628417969
Bolivia,BOL,2012,97.44641876220703,97.91980743408203,96.99192810058594
Bolivia,BOL,2013,94.44821166992188,94.89639282226562,94.0180892944336
Bolivia,BOL,2014,90.71195983886719,90.85175323486328,90.57785034179688
Bolivia,BOL,2015,88.83914184570312,88.31674194335938,89.3401870727539
Bolivia,BOL,2016,89.91242980957031,89.59416198730469,90.21766662597656
Bolivia,BOL,2017,91.61031341552734,91.0305404663086,92.16622924804688
Bolivia,BOL,2018,94.83978271484375,94.22058868408203,95.43340301513672
Bolivia,BOL,2019,91.6041488647461,91.63172912597656,91.57771301269531
Bosnia and Herzegovina,BIH,2011,74.04312896728516,74.50530242919922,73.60881805419922
Bosnia and Herzegovina,BIH,2012,76.02568817138672,76.5592269897461,75.52278900146484
Bosnia and Herzegovina,BIH,2013,79.58563232421875,79.50567626953125,79.66146850585938
Bosnia and Herzegovina,BIH,2014,93.24275970458984,92.65428924560547,93.80587768554688
Bosnia and Herzegovina,BIH,2015,101.40545654296875,100.5719985961914,102.20731353759766
Bosnia and Herzegovina,BIH,2016,93.79035186767578,92.82122039794922,94.72200012207031
Bosnia and Herzegovina,BIH,2017,89.03589630126953,88.90313720703125,89.16294860839844
Bosnia and Herzegovina,BIH,2018,85.4233627319336,84.90886688232422,85.91374206542969
Botswana,BWA,1970,43.123680114746094,44.20317077636719,42.022789001464844
Botswana,BWA,1971,48.44844055175781,50.88343811035156,45.96622848510742
Botswana,BWA,1972,55.41233825683594,58.224849700927734,52.551761627197266
Botswana,BWA,1973,59.042579650878906,,
Botswana,BWA,1974,61.660579681396484,,
Botswana,BWA,1975,57.8136100769043,,
Botswana,BWA,1976,51.653709411621094,,
Botswana,BWA,1977,47.54697036743164,,
Botswana,BWA,1978,54.520599365234375,,
Botswana,BWA,1979,67.00711059570312,79.79728698730469,53.7935905456543
Botswana,BWA,1980,71.17886352539062,,
Botswana,BWA,1981,81.59172821044922,93.25971984863281,69.5404281616211
Botswana,BWA,1982,84.94341278076172,96.46109771728516,73.14678192138672
Botswana,BWA,1983,77.03475189208984,87.6504898071289,66.25659942626953
Botswana,BWA,1984,79.70652770996094,87.86370849609375,71.49362182617188
Botswana,BWA,1985,85.07299041748047,95.07010650634766,75.08753967285156
Botswana,BWA,1986,94.6021728515625,103.82655334472656,85.30509185791016
Botswana,BWA,1987,96.3290786743164,104.89556884765625,87.62419891357422
Botswana,BWA,1988,93.10865783691406,100.08262634277344,85.98155212402344
Botswana,BWA,1989,90.65614318847656,99.13139343261719,81.97593688964844
Botswana,BWA,1990,93.86044311523438,101.38459777832031,86.1624526977539
Botswana,BWA,1991,95.00334167480469,102.20274353027344,87.6767807006836
Botswana,BWA,1992,95.938232421875,102.60066986083984,89.19699096679688
Botswana,BWA,1993,95.2819595336914,101.48873138427734,89.03412628173828
Botswana,BWA,1994,100.23066711425781,107.60016632080078,92.85334777832031
Botswana,BWA,1995,96.69380187988281,102.89752197265625,90.55806732177734
Botswana,BWA,1996,98.69876861572266,104.24871063232422,93.2033462524414
Botswana,BWA,1998,99.06018829345703,102.16780853271484,95.97673034667969
Botswana,BWA,1999,96.83099365234375,100.11782836914062,93.56976318359375
Botswana,BWA,2000,96.82112884521484,99.26946258544922,94.39257049560547
Botswana,BWA,2001,99.0527572631836,102.12319946289062,96.01310729980469
Botswana,BWA,2002,99.85823059082031,102.20868682861328,97.53404998779297
Botswana,BWA,2003,99.35736846923828,101.9077377319336,96.83595275878906
Botswana,BWA,2004,98.39903259277344,100.86824035644531,95.95755004882812
Botswana,BWA,2005,97.71692657470703,101.69378662109375,93.78575897216797
Botswana,BWA,2006,101.5586166381836,104.98094940185547,98.18148040771484
Botswana,BWA,2007,98.311279296875,100.51712036132812,96.14006805419922
Botswana,BWA,2008,99.47418975830078,101.38249206542969,97.59883117675781
Botswana,BWA,2009,101.07939910888672,101.89742279052734,100.27474975585938
Botswana,BWA,2012,101.20841979980469,102.99211883544922,99.45818328857422
Botswana,BWA,2013,100.66117095947266,102.38184356689453,98.9731674194336
Botswana,BWA,2015,94.55426788330078,95.1415023803711,93.98011779785156
Brazil,BRA,2001,112.22960662841797,,
Brazil,BRA,2002,114.19943237304688,,
Brazil,BRA,2003,109.36660766601562,,
Brazil,BRA,2004,100.68464660644531,,
British Virgin Islands,VGB,1985,93.62550354003906,95.9349594116211,91.40625
British Virgin Islands,VGB,1994,126.00733184814453,133.8461456298828,118.88111877441406
British Virgin Islands,VGB,2000,111.17646789550781,,
British Virgin Islands,VGB,2002,109.97151184082031,116.94915008544922,102.8735580444336
British Virgin Islands,VGB,2003,102.58621215820312,104,101.15606689453125
British Virgin Islands,VGB,2004,112.71675872802734,113.79309844970703,111.6279067993164
British Virgin Islands,VGB,2005,107.75862121582031,113.21839141845703,102.2988510131836
British Virgin Islands,VGB,2006,107.62712097167969,115.34091186523438,100
British Virgin Islands,VGB,2007,89.94564819335938,94.5355224609375,85.40541076660156
British Virgin Islands,VGB,2009,82.82827758789062,96.42857360839844,69.5
British Virgin Islands,VGB,2010,94.62103271484375,92.07920837402344,97.10144805908203
British Virgin Islands,VGB,2011,87.17340087890625,90.8653793334961,83.56807708740234
British Virgin Islands,VGB,2012,90.80460357666016,93.48837280273438,88.18182373046875
British Virgin Islands,VGB,2013,93.90518951416016,96.33027648925781,91.55555725097656
British Virgin Islands,VGB,2014,82.55033874511719,91.36363983154297,74.0088119506836
British Virgin Islands,VGB,2015,95.0672607421875,97.26026916503906,92.9515380859375
British Virgin Islands,VGB,2016,90.59632873535156,85.91548919677734,95.0672607421875
British Virgin Islands,VGB,2017,95.49762725830078,94.1463394165039,96.7741928100586
British Virgin Islands,VGB,2018,79.60688018798828,80.10204315185547,79.14691925048828
British Virgin Islands,VGB,2019,81.8414306640625,79.1443862915039,84.31372833251953
British Virgin Islands,VGB,2020,98.12332153320312,107.3033676147461,89.74359130859375
Brunei,BRN,1972,105.94972229003906,104.75372314453125,107.08833312988281
Brunei,BRN,1973,105.62162017822266,104.09066009521484,107.08619689941406
Brunei,BRN,1974,111.15496063232422,111.66667175292969,110.66461181640625
Brunei,BRN,1975,98.00518035888672,93.7996826171875,102.0273666381836
Brunei,BRN,1976,110.15046691894531,106.66667175292969,113.49324798583984
Brunei,BRN,1977,103.82118225097656,101.88198852539062,105.69184875488281
Brunei,BRN,1978,101.5158920288086,106.33036804199219,96.80850982666016
Brunei,BRN,1979,100.54801177978516,99.04306030273438,102.04081726074219
Brunei,BRN,1980,89.52446746826172,86.60838317871094,92.43119049072266
Brunei,BRN,1981,90.80333709716797,91.75946807861328,89.87451171875
Brunei,BRN,1982,80.80403900146484,77.34710693359375,84.10868835449219
Brunei,BRN,1983,82.8080825805664,85.76779174804688,80.01570129394531
Brunei,BRN,1984,57.212379455566406,53.96697998046875,60.248680114746094
Brunei,BRN,1986,123.63359069824219,131.2647247314453,116.45101928710938
Brunei,BRN,1991,98.54566192626953,,
Brunei,BRN,1992,99.71206665039062,,
Brunei,BRN,1993,98.21176147460938,,
Brunei,BRN,1994,101.03111267089844,,
Brunei,BRN,1995,99.27599334716797,,
Brunei,BRN,1997,109.20255279541016,109.1031723022461,109.29640197753906
Brunei,BRN,1998,115.23734283447266,111.9974136352539,118.32508850097656
Brunei,BRN,1999,116.59268188476562,111.8548583984375,121.13308715820312
Brunei,BRN,2000,114.79094696044922,109.90190124511719,119.4664306640625
Brunei,BRN,2001,121.65795135498047,112.94941711425781,130.0322265625
Brunei,BRN,2002,117.53295135498047,111.07412719726562,123.7238998413086
Brunei,BRN,2003,119.99122619628906,114.08789825439453,125.56883239746094
Brunei,BRN,2004,111.28146362304688,110.19795989990234,112.29049682617188
Brunei,BRN,2005,107.35930633544922,110.66825866699219,104.2861099243164
Brunei,BRN,2006,107.65467834472656,107.94544982910156,107.3804931640625
Brunei,BRN,2007,107.42962646484375,107.32138061523438,107.5319595336914
Brunei,BRN,2008,105.27432250976562,105.11396789550781,105.4246597290039
Brunei,BRN,2009,101.90635681152344,101.72012329101562,102.07882690429688
Brunei,BRN,2010,105.35388946533203,104.53614044189453,106.10543060302734
Brunei,BRN,2011,110.97699737548828,110.28369140625,111.61837005615234
Brunei,BRN,2012,107.06997680664062,106.4958267211914,107.60476684570312
Brunei,BRN,2013,106.12393188476562,105.87178039550781,106.3608169555664
Brunei,BRN,2014,100.11753845214844,100.15091705322266,100.08589172363281
Brunei,BRN,2015,102.17227935791016,103.25653076171875,101.14035034179688
Brunei,BRN,2016,107.35723876953125,107.24684143066406,107.4617919921875
Brunei,BRN,2017,107.4272232055664,106.3836669921875,108.41236114501953
Brunei,BRN,2018,107.97872161865234,108.3776626586914,107.6032485961914
Brunei,BRN,2019,100.09800720214844,101.34953308105469,98.92337036132812
Brunei,BRN,2020,104.95828247070312,104.74137878417969,105.16168975830078
Bulgaria,BGR,1971,96.84844207763672,,
Bulgaria,BGR,1972,97.45319366455078,,
Bulgaria,BGR,1973,96.93663787841797,,
Bulgaria,BGR,1974,102.33631896972656,,
Bulgaria,BGR,1975,93.29933166503906,,
Bulgaria,BGR,1976,93.77277374267578,,
Bulgaria,BGR,1977,91.18566131591797,,
Bulgaria,BGR,1978,92.03594970703125,,
Bulgaria,BGR,1979,102.43196868896484,,
Bulgaria,BGR,1980,103.4274673461914,,
Bulgaria,BGR,1981,100.25177001953125,,
Bulgaria,BGR,1982,96.56124114990234,,
Bulgaria,BGR,1983,93.6946029663086,,
Bulgaria,BGR,1984,99.47470092773438,,
Bulgaria,BGR,1985,110.22927856445312,,
Bulgaria,BGR,1986,99.53954315185547,100.65331268310547,98.4826431274414
Bulgaria,BGR,1987,102.72142791748047,102.16692352294922,103.2482681274414
Bulgaria,BGR,1988,102.49433898925781,102.83683776855469,102.168701171875
Bulgaria,BGR,1989,101.42823028564453,102.11699676513672,100.77336120605469
Bulgaria,BGR,1990,99.11776733398438,99.11634826660156,99.11913299560547
Bulgaria,BGR,1991,89.24223327636719,91.2658920288086,87.32454681396484
Bulgaria,BGR,1992,87.50994873046875,87.2623519897461,87.74417877197266
Bulgaria,BGR,1993,85.98764038085938,85.88748168945312,86.0822525024414
Bulgaria,BGR,1994,88.20147705078125,88.31964874267578,88.08995056152344
Bulgaria,BGR,1995,87.87815856933594,87.75350189208984,87.99590301513672
Bulgaria,BGR,1996,90.34156799316406,90.39154052734375,90.29424285888672
Bulgaria,BGR,1997,94.47679901123047,94.24999237060547,94.6923828125
Bulgaria,BGR,1998,93.95419311523438,93.33820343017578,94.54168701171875
Bulgaria,BGR,1999,96.07269287109375,94.84747314453125,97.24437713623047
Bulgaria,BGR,2000,96.15943145751953,95.69367980957031,96.60484313964844
Bulgaria,BGR,2001,101.7548599243164,100.59504699707031,102.86048889160156
Bulgaria,BGR,2002,96.56688690185547,95.8565673828125,97.24227905273438
Bulgaria,BGR,2003,97.79255676269531,96.64618682861328,98.87976837158203
Bulgaria,BGR,2004,98.64273071289062,98.15389251708984,99.10523223876953
Bulgaria,BGR,2005,98.65926361083984,99.04257202148438,98.29698944091797
Bulgaria,BGR,2006,99.35086059570312,99.49169158935547,99.2176513671875
Bulgaria,BGR,2007,101.33283996582031,100.88703918457031,101.75489044189453
Bulgaria,BGR,2008,95.15364837646484,94.0780029296875,96.17198181152344
Bulgaria,BGR,2009,101.70439910888672,101.92262268066406,101.49796295166016
Bulgaria,BGR,2010,113.33956146240234,113.76898193359375,112.93383026123047
Bulgaria,BGR,2011,110.20104217529297,110.00309753417969,110.38778686523438
Bulgaria,BGR,2012,101.81056213378906,101.26888275146484,102.32102966308594
Bulgaria,BGR,2013,98.95879364013672,98.2509536743164,99.62528228759766
Bulgaria,BGR,2014,97.9525375366211,97.65895080566406,98.22891998291016
Bulgaria,BGR,2015,96.19129180908203,95.77265167236328,96.58576202392578
Bulgaria,BGR,2016,92.04534149169922,91.75952911376953,92.31513214111328
Bulgaria,BGR,2017,89.81646728515625,89.12432861328125,90.470458984375
Bulgaria,BGR,2018,86.61853790283203,86.1365737915039,87.07457733154297
Bulgaria,BGR,2019,84.97651672363281,84.49420928955078,85.43353271484375
Burkina Faso,BFA,1971,7.195720195770264,4.743380069732666,9.573320388793945
Burkina Faso,BFA,1972,6.7926201820373535,4.602419853210449,8.917539596557617
Burkina Faso,BFA,1973,7.037759780883789,4.921830177307129,9.092329978942871
Burkina Faso,BFA,1974,6.796529769897461,5.016689777374268,8.525139808654785
Burkina Faso,BFA,1975,7.626100063323975,5.547910213470459,9.644479751586914
Burkina Faso,BFA,1976,7.553160190582275,5.447390079498291,9.598360061645508
Burkina Faso,BFA,1977,8.557439804077148,6.354599952697754,10.698710441589355
Burkina Faso,BFA,1978,8.742630004882812,6.354990005493164,11.064539909362793
Burkina Faso,BFA,1979,9.560799598693848,6.863470077514648,12.184120178222656
Burkina Faso,BFA,1980,9.324469566345215,6.722300052642822,11.854399681091309
Burkina Faso,BFA,1981,10.299909591674805,7.290500164031982,13.224120140075684
Burkina Faso,BFA,1982,10.546660423278809,7.5229902267456055,13.488409996032715
Burkina Faso,BFA,1983,11.30795955657959,8.205739974975586,14.327949523925781
Burkina Faso,BFA,1984,12.306739807128906,9.477330207824707,15.060879707336426
Burkina Faso,BFA,1985,13.9058198928833,10.101160049438477,17.606950759887695
Burkina Faso,BFA,1987,15.825940132141113,11.586270332336426,19.949050903320312
Burkina Faso,BFA,1988,16.91584014892578,12.419349670410156,21.28866958618164
Burkina Faso,BFA,1989,16.587230682373047,12.170510292053223,20.880159378051758
Burkina Faso,BFA,1990,19.495800018310547,14.231599807739258,24.60763931274414
Burkina Faso,BFA,1991,19.95185089111328,15.12520980834961,24.6335506439209
Burkina Faso,BFA,1992,26.680469512939453,21.7001895904541,31.512659072875977
Burkina Faso,BFA,1993,26.24488067626953,19.46670913696289,32.82102966308594
Burkina Faso,BFA,1994,27.1162109375,20.49410057067871,33.53810119628906
Burkina Faso,BFA,1995,18.594459533691406,15.282540321350098,21.804210662841797
Burkina Faso,BFA,1996,22.572439193725586,18.037370681762695,26.965139389038086
Burkina Faso,BFA,1999,23.468040466308594,19.208539962768555,27.599590301513672
Burkina Faso,BFA,2000,25.42222023010254,20.870189666748047,29.837230682373047
Burkina Faso,BFA,2001,26.67761993408203,21.613439559936523,31.58820915222168
Burkina Faso,BFA,2002,27.485469818115234,22.83926010131836,31.993549346923828
Burkina Faso,BFA,2003,29.111650466918945,24.797119140625,33.29827880859375
Burkina Faso,BFA,2004,30.426530838012695,26.163089752197266,34.561988830566406
Burkina Faso,BFA,2005,31.73657989501953,27.46569061279297,35.8761100769043
Burkina Faso,BFA,2006,32.80561828613281,28.870250701904297,36.61656951904297
Burkina Faso,BFA,2007,34.97426986694336,30.685230255126953,39.128089904785156
Burkina Faso,BFA,2008,38.869258880615234,34.31216812133789,43.280879974365234
Burkina Faso,BFA,2009,43.91450881958008,40.44662094116211,47.268959045410156
Burkina Faso,BFA,2010,47.05522155761719,44.11442184448242,49.89636993408203
Burkina Faso,BFA,2011,53.66107177734375,50.944488525390625,56.282588958740234
Burkina Faso,BFA,2012,57.366031646728516,56.03268051147461,58.65169143676758
Burkina Faso,BFA,2013,62.344051361083984,62.51211929321289,62.18212127685547
Burkina Faso,BFA,2014,60.8494987487793,62.71221923828125,59.05680847167969
Burkina Faso,BFA,2015,62.02980041503906,63.55690002441406,60.56119918823242
Burkina Faso,BFA,2016,61.72433853149414,64.06780242919922,59.47016906738281
Burkina Faso,BFA,2017,63.51921844482422,66.35379028320312,60.788978576660156
Burkina Faso,BFA,2018,65.47892761230469,68.4631118774414,62.602210998535156
Burkina Faso,BFA,2019,64.54945373535156,68.26204681396484,60.96854019165039
Burkina Faso,BFA,2020,64.88916778564453,69.43546295166016,60.502769470214844
Burundi,BDI,1971,5.74468994140625,2.9777300357818604,8.565719604492188
Burundi,BDI,1973,10.706609725952148,6.556910037994385,14.949119567871094
Burundi,BDI,1974,10.858750343322754,7.266779899597168,14.535639762878418
Burundi,BDI,1975,11.566729545593262,7.9182000160217285,15.30405044555664
Burundi,BDI,1976,10.845479965209961,7.723509788513184,14.043160438537598
Burundi,BDI,1977,11.106240272521973,7.779839992523193,14.504859924316406
Burundi,BDI,1978,11.150449752807617,8.074410438537598,14.28361988067627
Burundi,BDI,1979,11.293399810791016,8.415390014648438,14.213319778442383
Burundi,BDI,1980,11.4968900680542,8.57826042175293,14.444669723510742
Burundi,BDI,1981,11.788330078125,8.69970989227295,14.899869918823242
Burundi,BDI,1982,14.080679893493652,10.518329620361328,17.69788932800293
Burundi,BDI,1983,19.178699493408203,14.298259735107422,24.1743106842041
Burundi,BDI,1984,26.285120010375977,19.501680374145508,33.26863098144531
Burundi,BDI,1985,27.419090270996094,19.864839553833008,35.22132110595703
Burundi,BDI,1986,28.421550750732422,21.1677303314209,35.91529083251953
Burundi,BDI,1987,28.107200622558594,20.667720794677734,35.75627136230469
Burundi,BDI,1988,38.91804885864258,29.5386905670166,48.50374984741211
Burundi,BDI,1989,33.14085006713867,26.628860473632812,39.75680160522461
Burundi,BDI,1990,41.074588775634766,33.59183883666992,48.6408805847168
Burundi,BDI,1991,45.66585922241211,42.202518463134766,49.15848159790039
Burundi,BDI,1992,48.79233169555664,42.19363021850586,55.4273681640625
Burundi,BDI,1993,52.02534103393555,45.312461853027344,58.762149810791016
Burundi,BDI,2000,24.350500106811523,22.143489837646484,26.563709259033203
Burundi,BDI,2001,24.78704071044922,22.11833953857422,27.469749450683594
Burundi,BDI,2002,25.183399200439453,22.259950637817383,28.121339797973633
Burundi,BDI,2003,29.583139419555664,25.184349060058594,34.00286865234375
Burundi,BDI,2004,31.79199981689453,25.742080688476562,37.86994171142578
Burundi,BDI,2005,33.94643020629883,29.60235023498535,38.309871673583984
Burundi,BDI,2007,38.66096115112305,35.401859283447266,41.93265151977539
Burundi,BDI,2008,41.65348815917969,38.65555953979492,44.66130828857422
Burundi,BDI,2009,48.35905838012695,46.69729995727539,50.025020599365234
Burundi,BDI,2010,51.54841995239258,50.375831604003906,52.72304153442383
Burundi,BDI,2011,56.375770568847656,56.40348815917969,56.3480110168457
Burundi,BDI,2012,62.997920989990234,64.54913330078125,61.446781158447266
Burundi,BDI,2013,70.71984100341797,74.14279174804688,67.30024719238281
Burundi,BDI,2014,69.56655883789062,74.30271911621094,64.83944702148438
Burundi,BDI,2015,64.53968048095703,69.5014877319336,59.59252166748047
Burundi,BDI,2016,67.67450714111328,73.10591125488281,62.264400482177734
Burundi,BDI,2017,68.37870025634766,73.5319595336914,63.24760818481445
Burundi,BDI,2018,63.02138900756836,67.89185333251953,58.17401123046875
Burundi,BDI,2019,59.37641906738281,64.48310852050781,54.296939849853516
Burundi,BDI,2021,52.94527053833008,57.07822036743164,48.838748931884766
Cambodia,KHM,1997,17.194080352783203,12.845080375671387,21.45969009399414
Cambodia,KHM,1998,32.483001708984375,26.73954963684082,38.1002197265625
Cambodia,KHM,1999,41.1581916809082,35.686790466308594,46.469791412353516
Cambodia,KHM,2001,51.284420013427734,46.042808532714844,56.29890823364258
Cambodia,KHM,2002,59.91038131713867,55.51713180541992,64.12039184570312
Cambodia,KHM,2003,66.62339782714844,62.7883415222168,70.30497741699219
Cambodia,KHM,2004,77.63146209716797,74.26119232177734,80.8752670288086
Cambodia,KHM,2005,86.93856811523438,85.36054229736328,88.46058654785156
Cambodia,KHM,2006,89.38886260986328,89.05661010742188,89.70893096923828
Cambodia,KHM,2007,90.7340316772461,90.79914093017578,90.67179870605469
Cambodia,KHM,2008,85.9216537475586,86.00968170166016,85.83780670166016
Cambodia,KHM,2009,83.28926849365234,83.38568115234375,83.19740295410156
Cambodia,KHM,2010,85.17900085449219,85.33627319335938,85.0285873413086
Cambodia,KHM,2011,87.46833801269531,87.35627746582031,87.576171875
Cambodia,KHM,2012,93.1910171508789,92.78851318359375,93.58157348632812
Cambodia,KHM,2013,94.19036865234375,90.55770874023438,97.74211883544922
Cambodia,KHM,2014,96.64279174804688,96.64100646972656,96.64454650878906
Cambodia,KHM,2015,95.51302337646484,96.21080017089844,94.82180786132812
Cambodia,KHM,2016,92.411376953125,94.23995208740234,90.6092529296875
Cambodia,KHM,2017,89.5456314086914,91.86196899414062,87.29042053222656
Cambodia,KHM,2018,87.99948120117188,90.2572021484375,85.82245635986328
Cambodia,KHM,2019,91.0273666381836,94.6648178100586,87.55303955078125
Cambodia,KHM,2020,91.99955749511719,96.11052703857422,88.1002197265625
Cameroon,CMR,1973,48.246158599853516,38.77143859863281,57.673580169677734
Cameroon,CMR,1974,47.718910217285156,38.804161071777344,56.58504104614258
Cameroon,CMR,1975,49.82643127441406,40.892738342285156,58.70772933959961
Cameroon,CMR,1976,51.37297821044922,42.71331024169922,59.98065185546875
Cameroon,CMR,1977,52.33340835571289,44.21615982055664,60.40266036987305
Cameroon,CMR,1978,62.91299819946289,54.01448059082031,71.75865173339844
Cameroon,CMR,1979,53.15993881225586,45.962440490722656,60.31357955932617
Cameroon,CMR,1980,51.442100524902344,45.32661819458008,57.5196418762207
Cameroon,CMR,1981,51.60057067871094,45.78874969482422,57.377288818359375
Cameroon,CMR,1982,50.61079025268555,45.38589859008789,55.806148529052734
Cameroon,CMR,1983,50.77402877807617,45.93901062011719,55.58235168457031
Cameroon,CMR,1984,52.391571044921875,47.511810302734375,57.24441146850586
Cameroon,CMR,1985,53.77450942993164,48.95167922973633,58.57004928588867
Cameroon,CMR,1986,54.01557922363281,49.266178131103516,58.736019134521484
Cameroon,CMR,1987,55.57130813598633,50.9244384765625,60.186668395996094
Cameroon,CMR,1988,55.1845588684082,49.720401763916016,60.6078987121582
Cameroon,CMR,1990,56.250301361083984,54.2311897277832,58.251468658447266
Cameroon,CMR,1991,54.956939697265625,50.93682098388672,58.939571380615234
Cameroon,CMR,1999,48.488948822021484,44.24903869628906,52.68117141723633
Cameroon,CMR,2000,49.5123291015625,46.06726837158203,52.91843032836914
Cameroon,CMR,2003,56.61423873901367,52.22858810424805,60.94818115234375
Cameroon,CMR,2004,58.581268310546875,53.38417053222656,63.715938568115234
Cameroon,CMR,2006,50.86167907714844,46.73495101928711,54.936729431152344
Cameroon,CMR,2007,54.11949157714844,49.06391143798828,59.11159896850586
Cameroon,CMR,2008,69.96147155761719,64.02787780761719,75.82006072998047
Cameroon,CMR,2009,69.69682312011719,63.810691833496094,75.50785827636719
Cameroon,CMR,2010,71.679931640625,65.97015380859375,77.31671142578125
Cameroon,CMR,2011,70.71424865722656,65.22852325439453,76.1308364868164
Cameroon,CMR,2012,74.2418212890625,68.93682861328125,79.48008728027344
Cameroon,CMR,2014,72.77977752685547,68.33538055419922,77.1685791015625
Cameroon,CMR,2015,74.1704330444336,70.1702880859375,78.12027740478516
Cameroon,CMR,2016,73.3931884765625,69.44744110107422,77.28809356689453
Cameroon,CMR,2017,68.21424102783203,64.69407653808594,71.68711853027344
Cameroon,CMR,2018,64.4706802368164,61.216678619384766,67.67904663085938
Cameroon,CMR,2019,65.49803924560547,62.3650016784668,68.5851821899414
Canada,CAN,1998,94.67920684814453,95.06452178955078,94.31289672851562
Canada,CAN,1999,96.13758087158203,96.55122375488281,95.743896484375
Canada,CAN,2000,97.81784057617188,97.8916015625,97.74755096435547
Cape Verde,CPV,1974,10.304180145263672,12.520870208740234,7.79010009765625
Cape Verde,CPV,1975,12.647170066833496,13.793889999389648,11.34181022644043
Cape Verde,CPV,1976,19.306060791015625,,
Cape Verde,CPV,1977,14.260749816894531,15.312919616699219,13.097869873046875
Cape Verde,CPV,1978,13.836919784545898,13.623979568481445,14.065930366516113
Cape Verde,CPV,1979,13.604240417480469,15.029970169067383,12.114640235900879
Cape Verde,CPV,1980,17.080339431762695,15.045700073242188,19.130849838256836
Cape Verde,CPV,1981,27.577680587768555,25.250120162963867,29.851089477539062
Cape Verde,CPV,1982,25.051109313964844,24.001949310302734,26.075590133666992
Cape Verde,CPV,1983,22.34733009338379,19.640220642089844,25.018230438232422
Cape Verde,CPV,1984,31.424299240112305,30.05997085571289,32.77915954589844
Cape Verde,CPV,1985,32.96968078613281,30.68729019165039,35.25381088256836
Cape Verde,CPV,1986,36.3940315246582,35.92108917236328,36.87063980102539
Cape Verde,CPV,1987,40.85139083862305,40.376190185546875,41.32210159301758
Cape Verde,CPV,1988,46.6852912902832,46.36526870727539,46.99824142456055
Cape Verde,CPV,1990,60.22657012939453,59.44654083251953,60.990638732910156
Cape Verde,CPV,1994,76.12307739257812,74.2931137084961,77.92926788330078
Cape Verde,CPV,1998,101.49073028564453,103.7211685180664,99.29480743408203
Cape Verde,CPV,2000,105.99314880371094,108.31963348388672,103.70429992675781
Cape Verde,CPV,2001,98.75489044189453,100.32205963134766,97.21475219726562
Cape Verde,CPV,2002,98.83445739746094,99.82525634765625,97.86038208007812
Cape Verde,CPV,2003,98.8822021484375,101.2770004272461,96.52713012695312
Cape Verde,CPV,2004,96.1720962524414,96.78279876708984,95.57167053222656
Cape Verde,CPV,2005,81.75216674804688,85.27742767333984,78.29180908203125
Cape Verde,CPV,2006,94.72467803955078,98.38968658447266,91.13424682617188
Cape Verde,CPV,2007,91.75923919677734,94.47965240478516,89.07022857666016
Cape Verde,CPV,2008,99.71652221679688,102.3283920288086,97.12476348876953
Cape Verde,CPV,2009,96.83358764648438,96.8202896118164,96.84677124023438
Cape Verde,CPV,2010,101.10082244873047,100.0737533569336,102.11795043945312
Cape Verde,CPV,2011,96.29145050048828,97.48734283447266,95.10424041748047
Cape Verde,CPV,2012,97.75907897949219,97.16567993164062,98.34555053710938
Cape Verde,CPV,2013,92.35906219482422,91.49549102783203,93.21198272705078
Cape Verde,CPV,2014,94.72225189208984,91.91007232666016,97.50714111328125
Cape Verde,CPV,2015,95.21536254882812,95.30651092529297,95.12474060058594
Cape Verde,CPV,2016,91.03706359863281,90.13056945800781,91.93887329101562
Cape Verde,CPV,2017,87.40142059326172,88.13062286376953,86.67829895019531
Cape Verde,CPV,2018,87.29020690917969,89.3386001586914,85.26541900634766
Cape Verde,CPV,2019,99.99017333984375,98.03765869140625,101.9129409790039
Cayman Islands,CYM,1999,102.07852172851562,108.9622573852539,95.47511291503906
Cayman Islands,CYM,2000,102.31578826904297,103.4188003540039,101.24481201171875
Cayman Islands,CYM,2001,101.91204833984375,97.67442321777344,106.0377426147461
Cayman Islands,CYM,2002,99.474609375,102.47350311279297,96.52777862548828
Cayman Islands,CYM,2004,86.29920959472656,82.85713958740234,89.6875
Cayman Islands,CYM,2005,85.51402282714844,91.82389831542969,79.32099151611328
Cayman Islands,CYM,2006,85.96215057373047,77.7070083618164,94.0625
Cayman Islands,CYM,2007,88.87146759033203,97.7848129272461,80.12422180175781
Cayman Islands,CYM,2008,91.20879364013672,82.91139221191406,99.376953125
Cayman Islands,CYM,2011,101.66162872314453,101.529052734375,101.7910385131836
Cayman Islands,CYM,2012,100,102.06490325927734,97.98271179199219
Cayman Islands,CYM,2013,92.63455963134766,90.51724243164062,94.69274139404297
Cayman Islands,CYM,2018,89.55223846435547,89.14141082763672,89.95098114013672
Central African Republic,CAF,1971,27.51474952697754,11.047069549560547,44.21017074584961
Central African Republic,CAF,1972,25.911649703979492,12.95792007446289,39.049251556396484
Central African Republic,CAF,1973,32.2016716003418,15.47799015045166,49.16151809692383
Central African Republic,CAF,1974,28.53326988220215,14.506710052490234,42.75447082519531
Central African Republic,CAF,1975,36.200721740722656,17.166019439697266,55.4964599609375
Central African Republic,CAF,1976,31.083810806274414,18.71306037902832,43.62453079223633
Central African Republic,CAF,1977,32.86008071899414,,
Central African Republic,CAF,1978,40.62139129638672,19.47382926940918,62.06657028198242
Central African Republic,CAF,1981,30.589460372924805,18.48126983642578,42.858211517333984
Central African Republic,CAF,1982,30.292190551757812,18.055200576782227,42.69158172607422
Central African Republic,CAF,1983,27.09630012512207,15.819049835205078,38.521209716796875
Central African Republic,CAF,1986,38.5082893371582,27.366559982299805,49.777000427246094
Central African Republic,CAF,1987,28.754119873046875,20.095369338989258,37.504451751708984
Central African Republic,CAF,1988,29.984909057617188,21.28013038635254,38.77164077758789
Central African Republic,CAF,1989,29.659860610961914,19.904659271240234,39.49711990356445
Central African Republic,CAF,1990,31.573450088500977,19.688459396362305,43.53955078125
Central African Republic,CAF,1991,29.18168067932129,20.299779891967773,38.09743881225586
Central African Republic,CAF,1992,23.344240188598633,15.946189880371094,30.744159698486328
Central African Republic,CAF,2004,23.84486961364746,17.545509338378906,30.143329620361328
Central African Republic,CAF,2005,26.09930992126465,19.503379821777344,32.69868087768555
Central African Republic,CAF,2006,26.111940383911133,20.21845054626465,32.005889892578125
Central African Republic,CAF,2008,34.81547927856445,25.9974308013916,43.6068115234375
Central African Republic,CAF,2009,37.22557067871094,28.482980728149414,45.93416976928711
Central African Republic,CAF,2010,39.22779846191406,28.982070922851562,49.428348541259766
Central African Republic,CAF,2011,40.87232971191406,31.532360076904297,50.17316818237305
Central African Republic,CAF,2012,42.824161529541016,33.579219818115234,52.0269889831543
Central African Republic,CAF,2016,40.874168395996094,32.83420181274414,48.87702178955078
Central African Republic,CAF,2017,54.70602035522461,44.775699615478516,64.57827758789062
Chad,TCD,1971,15.262419700622559,,
Chad,TCD,1974,12.942749977111816,,
Chad,TCD,1976,11.774519920349121,4.928009986877441,18.692440032958984
Chad,TCD,1977,11.105469703674316,4.605209827423096,17.65460968017578
Chad,TCD,1988,11.580739974975586,3.892400026321411,19.208080291748047
Chad,TCD,1989,12.921219825744629,4.768499851226807,21.0002498626709
Chad,TCD,1990,16.514089584350586,6.31633996963501,26.61117935180664
Chad,TCD,1991,18.136350631713867,7.070940017700195,29.08989906311035
Chad,TCD,1994,18.149030685424805,8.329509735107422,27.873580932617188
Chad,TCD,1995,14.328319549560547,6.5523600578308105,22.028459548950195
Chad,TCD,1996,14.923970222473145,7.140979766845703,22.62925910949707
Chad,TCD,1997,15.50078010559082,7.676030158996582,23.244760513305664
Chad,TCD,1999,20.046649932861328,11.216440200805664,28.781490325927734
Chad,TCD,2000,22.14739990234375,12.65530014038086,31.53557014465332
Chad,TCD,2001,24.389020919799805,14.386039733886719,34.28474044799805
Chad,TCD,2002,27.116029739379883,16.472280502319336,37.6515998840332
Chad,TCD,2003,31.935199737548828,20.264179229736328,43.49005126953125
Chad,TCD,2004,33.485069274902344,22.61651039123535,44.245849609375
Chad,TCD,2005,30.0958194732666,20.327659606933594,39.766910552978516
Chad,TCD,2006,29.597530364990234,20.400819778442383,38.70185089111328
Chad,TCD,2009,31.077180862426758,22.701440811157227,39.360130310058594
Chad,TCD,2010,30.860580444335938,23.133970260620117,38.50115966796875
Chad,TCD,2011,33.937591552734375,26.00408935546875,41.79296875
Chad,TCD,2012,34.40066146850586,26.270549774169922,42.4699592590332
Chad,TCD,2013,37.66218948364258,29.111419677734375,46.163490295410156
Chad,TCD,2015,37.4959716796875,29.669029235839844,45.29616165161133
Chad,TCD,2016,41.32025909423828,33.028141021728516,49.587318420410156
Chad,TCD,2017,37.92238998413086,30.80994987487793,45.0125617980957
Chad,TCD,2018,40.560218811035156,33.66102981567383,47.43593978881836
Chile,CHL,1970,79.31925964355469,80.02722930908203,78.62132263183594
Chile,CHL,1971,86.75843811035156,87.74862670898438,85.78170013427734
Chile,CHL,1972,91.1510009765625,92.20130920410156,90.11480712890625
Chile,CHL,1973,92.23925018310547,93.85871124267578,90.6417465209961
Chile,CHL,1974,90.41998291015625,91.8962173461914,88.96418762207031
Chile,CHL,1975,90.85906982421875,92.26432800292969,89.47405242919922
Chile,CHL,1976,93.14678955078125,94.50874328613281,91.8051528930664
Chile,CHL,1977,90.61959075927734,91.182861328125,90.06507873535156
Chile,CHL,1983,97.87287902832031,98.16339111328125,97.58833312988281
Chile,CHL,2011,95.71444702148438,95.82259368896484,95.61013793945312
Chile,CHL,2012,98.8201675415039,98.91620635986328,98.72750091552734
Chile,CHL,2013,98.69904327392578,98.27723693847656,99.10611724853516
Chile,CHL,2014,98.90055847167969,98.89923095703125,98.90184020996094
Chile,CHL,2015,96.97695922851562,96.83778381347656,97.11125946044922
Chile,CHL,2016,95.48255157470703,94.9173812866211,96.02816009521484
Chile,CHL,2017,94.7535629272461,94.130126953125,95.35553741455078
Chile,CHL,2018,96.24210357666016,95.75057220458984,96.71675872802734
Chile,CHL,2019,98.24701690673828,97.69400024414062,98.7811279296875
China,CHN,1989,100.40503692626953,,
China,CHN,1990,101.56806182861328,,
China,CHN,1991,102.95118713378906,,
China,CHN,1992,99.28115844726562,,
China,CHN,1993,101.10172271728516,,
China,CHN,1994,103.51361846923828,,
China,CHN,1995,98.77063751220703,,
China,CHN,1996,93.32328796386719,90.37236022949219,96.1013412475586
China,CHN,1997,90.64083862304688,88.26853942871094,92.8710708618164
China,CHN,2006,91.6324234008789,91.41940307617188,91.82227325439453
China,CHN,2007,93.34789276123047,93.01660919189453,93.64275360107422
China,CHN,2008,99.27693939208984,98.7820816040039,99.71634674072266
China,CHN,2009,98.29463195800781,97.66327667236328,98.85392761230469
Colombia,COL,1970,47.63888931274414,35.7801513671875,59.374961853027344
Colombia,COL,1971,50.68727111816406,53.18452072143555,48.213218688964844
Colombia,COL,1972,51.239891052246094,54.14189910888672,48.36619186401367
Colombia,COL,1973,54.13185119628906,57.42449188232422,50.878509521484375
Colombia,COL,1974,54.69746017456055,58.44443893432617,51.00593948364258
Colombia,COL,1982,72.19384765625,75.24024963378906,69.20101928710938
Colombia,COL,1983,74.89996337890625,78.15632629394531,71.69429779052734
Colombia,COL,1984,75.1134033203125,77.78257751464844,72.4864501953125
Colombia,COL,1985,69.35623168945312,72.34123229980469,66.42652130126953
Colombia,COL,1986,72.2938003540039,70.58802032470703,73.96443939208984
Colombia,COL,1987,71.89531707763672,74.73058319091797,69.12564849853516
Colombia,COL,1988,71.26155853271484,74.17253875732422,68.42550659179688
Colombia,COL,1989,71.00135803222656,73.96185302734375,68.1217269897461
Colombia,COL,1990,75.26024627685547,86.86042785644531,63.98086929321289
Colombia,COL,1991,74.44365692138672,77.61591339111328,71.36392211914062
Colombia,COL,1992,83.26188659667969,89.76293182373047,76.96804809570312
Colombia,COL,1993,84.21550750732422,87.97132873535156,80.59062194824219
Colombia,COL,1994,83.9233627319336,86.38111114501953,81.5566177368164
Colombia,COL,1995,87.99537658691406,90.62122344970703,85.46943664550781
Colombia,COL,1996,89.45120239257812,91.81697082519531,87.17469024658203
Colombia,COL,1998,95.56419372558594,98.07742309570312,93.15126037597656
Colombia,COL,1999,96.71853637695312,99.45536041259766,94.09416961669922
Colombia,COL,2000,96.01168060302734,98.68614959716797,93.44893646240234
Colombia,COL,2001,92.80085754394531,,
Colombia,COL,2002,92.8196029663086,95.25826263427734,90.4802017211914
Colombia,COL,2004,100.10397338867188,102.3331069946289,97.96598815917969
Colombia,COL,2005,104.17311096191406,106.29670715332031,102.13764190673828
Colombia,COL,2006,110.58097076416016,112.69967651367188,108.549560546875
Colombia,COL,2007,112.73172760009766,115.14824676513672,110.4139633178711
Colombia,COL,2008,113.02171325683594,114.82813262939453,111.2886962890625
Colombia,COL,2009,117.86193084716797,119.96296691894531,115.84661102294922
Colombia,COL,2010,116.95599365234375,118.43991088867188,115.53347778320312
Colombia,COL,2011,115.31002044677734,115.2384033203125,115.378662109375
Colombia,COL,2012,109.66822052001953,109.1177978515625,110.19554901123047
Colombia,COL,2013,99.79444122314453,99.07472229003906,100.48377990722656
Colombia,COL,2014,99.24220275878906,98.60758209228516,99.84982299804688
Colombia,COL,2015,100.03305053710938,99.43528747558594,100.60505676269531
Colombia,COL,2016,101.71125030517578,101.14946746826172,102.24893951416016
Colombia,COL,2017,105.98680114746094,105.9745101928711,105.9985580444336
Colombia,COL,2018,106.7693862915039,106.3833236694336,107.13886260986328
Colombia,COL,2019,106.76573181152344,106.42357635498047,107.09313201904297
Comoros,COM,1981,60.67084884643555,,
Comoros,COM,1986,68.15029907226562,55.3950309753418,80.67375946044922
Comoros,COM,1987,54.99890899658203,48.59587860107422,61.28337860107422
Comoros,COM,1992,45.61885070800781,42.11634063720703,49.0452995300293
Comoros,COM,1993,40.11248016357422,,
Comoros,COM,1994,48.32477951049805,,
Comoros,COM,1999,49.13397979736328,47.26137161254883,50.952178955078125
Comoros,COM,2002,58.13922119140625,54.581729888916016,61.586669921875
Comoros,COM,2003,57.26398849487305,53.79291915893555,60.62556838989258
Comoros,COM,2004,61.90851974487305,60.444271087646484,63.3255615234375
Comoros,COM,2007,64.08011627197266,61.550289154052734,66.52626037597656
Comoros,COM,2008,73.322998046875,64.27851104736328,82.06535339355469
Comoros,COM,2013,74.69879913330078,76.6589584350586,72.8034896850586
Comoros,COM,2014,77.67991638183594,80.48532104492188,74.96710968017578
Comoros,COM,2016,68.48216247558594,69.4090805053711,67.58576965332031
Comoros,COM,2017,76.72007751464844,77.23446655273438,76.22283935546875
Congo,COG,1971,56.1214485168457,,
Congo,COG,1972,59.645748138427734,48.87165069580078,70.38677215576172
Congo,COG,1973,69.17151641845703,57.595149993896484,80.71095275878906
Congo,COG,1974,57.286651611328125,46.650508880615234,67.88951110839844
Congo,COG,1975,66.79750061035156,56.41666030883789,77.14755249023438
Congo,COG,1976,69.06804656982422,60.58477020263672,77.52660369873047
Congo,COG,1977,71.65293884277344,63.29452896118164,79.98616790771484
Congo,COG,1978,71.87187194824219,64.87519836425781,78.84651947021484
Congo,COG,1979,78.63623809814453,71.24140930175781,86.00727081298828
Congo,COG,1980,79.49292755126953,73.26270294189453,85.70160675048828
Congo,COG,1981,77.77371978759766,73.96053314208984,81.57173156738281
Congo,COG,1982,77.09271240234375,72.7945785522461,81.37003326416016
Congo,COG,1983,70.85446166992188,69.82512664794922,71.87799835205078
Congo,COG,1984,74.07537078857422,71.2303237915039,76.90228271484375
Congo,COG,1985,71.52520751953125,70.1767578125,72.86444854736328
Congo,COG,1986,72.54051971435547,72.28994750976562,72.78936004638672
Congo,COG,1987,72.89888000488281,73.66494750976562,72.13819122314453
Congo,COG,1988,73.36106872558594,73.03800201416016,73.68190002441406
Congo,COG,1989,67.71862030029297,67.02896881103516,68.40361022949219
Congo,COG,1990,58.92061996459961,58.22999954223633,59.606788635253906
Congo,COG,1991,54.5494384765625,49.68729019165039,59.38212966918945
Congo,COG,1992,61.9286003112793,61.991539001464844,61.865989685058594
Congo,COG,1993,63.50217056274414,62.23353958129883,64.76463317871094
Congo,COG,1994,54.1680908203125,52.65005874633789,55.67932891845703
Congo,COG,1996,49.555850982666016,49.63282012939453,49.47930145263672
Congo,COG,1999,31.437419891357422,31.971229553222656,30.908069610595703
Congo,COG,2001,56.536128997802734,56.522300720214844,56.549808502197266
Congo,COG,2002,59.27043151855469,58.639129638671875,59.895599365234375
Congo,COG,2003,55.88825988769531,54.23508834838867,57.525360107421875
Congo,COG,2004,80.37814331054688,76.83692932128906,83.88410949707031
Congo,COG,2005,70.05937957763672,67.5628890991211,72.53060150146484
Congo,COG,2006,75.98783874511719,72.29998779296875,79.63880157470703
Congo,COG,2007,74.35820007324219,71.8472900390625,76.84528350830078
Congo,COG,2008,69.1869888305664,67.14189910888672,71.2132568359375
Congo,COG,2009,68.3947982788086,65.87461853027344,70.89205932617188
Congo,COG,2010,68.42872619628906,66.25348663330078,70.58432006835938
Congo,COG,2011,74.9830322265625,74.24105072021484,75.71823120117188
Congo,COG,2012,71.60604095458984,75.9018783569336,67.35238647460938
Costa Rica,CRI,1970,74.35175323486328,75.37574768066406,73.35928344726562
Costa Rica,CRI,1971,74.52069854736328,76.40733337402344,72.69255065917969
Costa Rica,CRI,1972,83.9507064819336,85.99593353271484,81.96903228759766
Costa Rica,CRI,1973,87.87847137451172,88.94542694091797,86.84465789794922
Costa Rica,CRI,1974,86.75444030761719,87.41291046142578,86.11620330810547
Costa Rica,CRI,1975,85.067138671875,87.81124114990234,82.40415954589844
Costa Rica,CRI,1976,81.28582763671875,83.33274841308594,79.2965316772461
Costa Rica,CRI,1977,89.11389923095703,91.58763885498047,86.70655059814453
Costa Rica,CRI,1978,86.45613861083984,89.0895004272461,83.88996124267578
Costa Rica,CRI,1979,84.24118041992188,85.75704193115234,82.76210021972656
Costa Rica,CRI,1980,84.9275131225586,86.19583129882812,83.68891906738281
Costa Rica,CRI,1981,88.30892181396484,89.66034698486328,86.98870086669922
Costa Rica,CRI,1982,88.68183135986328,90.13729858398438,87.26004028320312
Costa Rica,CRI,1983,82.16146850585938,,
Costa Rica,CRI,1984,75.13877868652344,,
Costa Rica,CRI,1985,78.15519714355469,79.31034088134766,77.03050231933594
Costa Rica,CRI,1986,78.51461029052734,78.81963348388672,78.2187728881836
Costa Rica,CRI,1987,75.52269744873047,75.81501007080078,75.24012756347656
Costa Rica,CRI,1988,75.69017028808594,76.42445373535156,74.98259735107422
Costa Rica,CRI,1989,74.94454193115234,75.95188903808594,73.97615051269531
Costa Rica,CRI,1990,74.3367691040039,,
Costa Rica,CRI,1991,79.10006713867188,80.44039916992188,77.81297302246094
Costa Rica,CRI,1992,81.13607025146484,82.43562316894531,79.88826751708984
Costa Rica,CRI,1993,83.06501770019531,83.94210052490234,82.2228775024414
Costa Rica,CRI,1994,81.70584106445312,83.01518249511719,80.44850158691406
Costa Rica,CRI,1995,80.54984283447266,81.72074127197266,79.42562866210938
Costa Rica,CRI,1996,81.92178344726562,84.1670913696289,79.7668228149414
Costa Rica,CRI,1999,82.95271301269531,84.7387924194336,81.2388916015625
Costa Rica,CRI,2000,88.31564331054688,89.54873657226562,87.13275909423828
Costa Rica,CRI,2001,91.27375030517578,92.53456115722656,90.06456756591797
Costa Rica,CRI,2002,93.49244689941406,93.61451721191406,93.37541961669922
Costa Rica,CRI,2004,94.08341217041016,94.45744323730469,93.72503662109375
Costa Rica,CRI,2005,93.50605773925781,93.75507354736328,93.26756286621094
Costa Rica,CRI,2006,90.26892852783203,91.29454803466797,89.28697967529297
Costa Rica,CRI,2007,92.70088958740234,93.64820861816406,91.7941665649414
Costa Rica,CRI,2008,94.4894027709961,96.21720123291016,92.83621978759766
Costa Rica,CRI,2009,97.94898986816406,98.3065185546875,97.60700988769531
Costa Rica,CRI,2010,99.3260726928711,99.89012908935547,98.78665161132812
Costa Rica,CRI,2011,104.3604507446289,105.70381164550781,103.07605743408203
Costa Rica,CRI,2012,102.410400390625,103.47949981689453,101.3884506225586
Costa Rica,CRI,2013,98.64965057373047,99.00431060791016,98.31069946289062
Costa Rica,CRI,2014,98.42607116699219,98.14424133300781,98.69535827636719
Costa Rica,CRI,2015,99.58660125732422,99.89063262939453,99.296142578125
Costa Rica,CRI,2016,97.32090759277344,98.15663146972656,96.52269744873047
Costa Rica,CRI,2017,96.77837371826172,97.52011108398438,96.0699462890625
Costa Rica,CRI,2018,98.59436798095703,99.14282989501953,98.070556640625
Costa Rica,CRI,2019,102.73805236816406,102.4376220703125,103.02496337890625
Costa Rica,CRI,2020,104.5921401977539,104.93102264404297,104.26853942871094
Cote d'Ivoire,CIV,1973,38.95355987548828,23.230119705200195,54.54518127441406
Cote d'Ivoire,CIV,1974,39.4918098449707,23.800020217895508,55.08995056152344
Cote d'Ivoire,CIV,1975,43.65325927734375,,
Cote d'Ivoire,CIV,1976,47.59838104248047,31.20166015625,63.985660552978516
Cote d'Ivoire,CIV,1977,51.07735061645508,34.146400451660156,67.94725799560547
Cote d'Ivoire,CIV,1978,51.859031677246094,35.725101470947266,67.92720794677734
Cote d'Ivoire,CIV,1979,53.843509674072266,37.024879455566406,70.61591339111328
Cote d'Ivoire,CIV,1980,56.541038513183594,39.78126907348633,73.29183959960938
Cote d'Ivoire,CIV,1981,60.394859313964844,43.64448928833008,77.17862701416016
Cote d'Ivoire,CIV,1983,57.606231689453125,41.465980529785156,73.7543716430664
Cote d'Ivoire,CIV,1984,55.89223098754883,40.15943908691406,71.6529769897461
Cote d'Ivoire,CIV,1985,47.84962844848633,36.45151138305664,59.28826904296875
Cote d'Ivoire,CIV,1986,48.57268142700195,35.57387161254883,61.633148193359375
Cote d'Ivoire,CIV,1987,47.89424133300781,36.143028259277344,59.66563034057617
Cote d'Ivoire,CIV,1988,48.1673698425293,35.521148681640625,60.81621170043945
Cote d'Ivoire,CIV,1989,44.94596862792969,34.53900146484375,55.34920120239258
Cote d'Ivoire,CIV,1990,42.70793151855469,32.27518081665039,53.136470794677734
Cote d'Ivoire,CIV,1991,46.47740173339844,33.80902862548828,59.145938873291016
Cote d'Ivoire,CIV,1992,42.27381896972656,31.67626953125,52.857608795166016
Cote d'Ivoire,CIV,1993,43.437591552734375,32.77629089355469,54.077171325683594
Cote d'Ivoire,CIV,1994,43.22560119628906,33.553409576416016,52.878501892089844
Cote d'Ivoire,CIV,1995,41.62897872924805,32.24406051635742,51.00251007080078
Cote d'Ivoire,CIV,1996,42.888851165771484,33.212581634521484,52.566078186035156
Cote d'Ivoire,CIV,1997,40.27170944213867,31.059999465942383,49.475990295410156
Cote d'Ivoire,CIV,1998,40.236228942871094,32.3875617980957,48.076141357421875
Cote d'Ivoire,CIV,1999,42.94898986816406,,
Cote d'Ivoire,CIV,2000,43.29003143310547,33.43849182128906,53.139190673828125
Cote d'Ivoire,CIV,2001,49.225250244140625,38.97462844848633,59.48442840576172
Cote d'Ivoire,CIV,2006,43.740169525146484,33.17407989501953,54.33803176879883
Cote d'Ivoire,CIV,2007,44.91416931152344,36.556060791015625,53.30847930908203
Cote d'Ivoire,CIV,2009,45.82094955444336,37.91007995605469,53.77806091308594
Cote d'Ivoire,CIV,2011,53.17802810668945,47.14712142944336,59.24300003051758
Cote d'Ivoire,CIV,2012,54.47447967529297,46.5036506652832,62.479251861572266
Cote d'Ivoire,CIV,2013,53.29364013671875,46.73023986816406,59.874610900878906
Cote d'Ivoire,CIV,2014,54.86824035644531,48.22645950317383,61.516090393066406
Cote d'Ivoire,CIV,2015,60.44213104248047,54.334049224853516,66.54544067382812
Cote d'Ivoire,CIV,2016,64.1632080078125,58.38893127441406,69.92545318603516
Cote d'Ivoire,CIV,2017,71.59989929199219,64.68260955810547,78.49423217773438
Cote d'Ivoire,CIV,2018,74.60257720947266,69.34935760498047,79.83106231689453
Cote d'Ivoire,CIV,2019,78.75084686279297,75.13867950439453,82.34056854248047
Cote d'Ivoire,CIV,2020,80.50550842285156,77.12010192871094,83.86546325683594
Croatia,HRV,1994,83.59664916992188,,
Croatia,HRV,1995,80.25885009765625,80.66864013671875,79.87152862548828
Croatia,HRV,1996,84.73793029785156,84.63925170898438,84.83126831054688
Croatia,HRV,1997,85.90624237060547,85.8436508178711,85.96559143066406
Croatia,HRV,1998,90.89968872070312,90.99064636230469,90.81321716308594
Croatia,HRV,1999,89.4849624633789,89.22720336914062,89.7305908203125
Croatia,HRV,2000,90.8820571899414,90.21923828125,91.51461791992188
Croatia,HRV,2001,95.0147476196289,94.97480010986328,95.05288696289062
Croatia,HRV,2002,98.19367980957031,96.99347686767578,99.33924865722656
Croatia,HRV,2003,97.35977935791016,96.87906646728516,97.81815338134766
Croatia,HRV,2005,103.44709014892578,104.26914978027344,102.66522216796875
Croatia,HRV,2006,101.7197036743164,101.07453155517578,102.33299255371094
Croatia,HRV,2007,103.87420654296875,103.7264175415039,104.01463317871094
Croatia,HRV,2008,98.67823791503906,99.3153305053711,98.07325744628906
Croatia,HRV,2009,93.5910873413086,93.88951110839844,93.30782318115234
Croatia,HRV,2010,91.27275848388672,91.3241195678711,91.22403717041016
Croatia,HRV,2011,93.0890121459961,92.90001678466797,93.2682113647461
Croatia,HRV,2012,92.74301147460938,92.57987213134766,92.89759063720703
Croatia,HRV,2013,94.96452331542969,95.0617904663086,94.87239837646484
Croatia,HRV,2014,97.93856048583984,97.66146087646484,98.20082092285156
Croatia,HRV,2015,103.48403930664062,103.47904205322266,103.48877716064453
Croatia,HRV,2016,101.0199966430664,101.63362121582031,100.43830108642578
Croatia,HRV,2017,95.54715728759766,94.53117370605469,96.51206970214844
Croatia,HRV,2018,94.84780883789062,95.40106201171875,94.32166290283203
Croatia,HRV,2019,94.53153991699219,94.94664001464844,94.13665771484375
Cuba,CUB,1971,67.2722396850586,72.2780532836914,62.34851837158203
Cuba,CUB,1972,59.82014846801758,63.72822189331055,55.96765899658203
Cuba,CUB,1973,66.61038208007812,,
Cuba,CUB,1974,76.2063980102539,,
Cuba,CUB,1975,80.004638671875,,
Cuba,CUB,1976,94.10590362548828,,
Cuba,CUB,1977,112.21994018554688,,
Cuba,CUB,1978,120.75740051269531,,
Cuba,CUB,1979,115.7630615234375,,
Cuba,CUB,1980,107.2033462524414,,
Cuba,CUB,1981,97.8564682006836,,
Cuba,CUB,1982,87.3844985961914,,
Cuba,CUB,1983,95.58802032470703,,
Cuba,CUB,1984,99.68240356445312,,
Cuba,CUB,1985,96.20462799072266,,
Cuba,CUB,1986,92.9576187133789,,
Cuba,CUB,1987,95.91422271728516,,
Cuba,CUB,1988,94.14444732666016,,
Cuba,CUB,1989,95.13220977783203,,
Cuba,CUB,1990,92.97296142578125,,
Cuba,CUB,1991,93.37840270996094,,
Cuba,CUB,1992,86.04393768310547,,
Cuba,CUB,1993,83.34893035888672,,
Cuba,CUB,1994,96.23451232910156,,
Cuba,CUB,1995,96.76854705810547,,
Cuba,CUB,1996,97.26058959960938,,
Cuba,CUB,1999,93.80255126953125,94.79353332519531,92.85421752929688
Cuba,CUB,2000,95.54505920410156,95.53234100341797,95.55721282958984
Cuba,CUB,2001,95.89134979248047,95.94764709472656,95.8376235961914
Cuba,CUB,2002,102.14810180664062,102.38937377929688,101.91854858398438
Cuba,CUB,2003,98.56324005126953,99.0405502319336,98.111328125
Cuba,CUB,2004,96.58499908447266,97.10443115234375,96.09671783447266
Cuba,CUB,2005,97.92652893066406,98.35176086425781,97.5294418334961
Cuba,CUB,2006,95.89933776855469,96.59127807617188,95.25411987304688
Cuba,CUB,2007,94.34615325927734,94.99459075927734,93.7384033203125
Cuba,CUB,2008,89.02860260009766,89.46588897705078,88.61692810058594
Cuba,CUB,2009,95.75437927246094,95.86504364013672,95.64971160888672
Cuba,CUB,2010,94.98464965820312,95.55158233642578,94.4462890625
Cuba,CUB,2011,95.78063201904297,96.10260009765625,95.4748306274414
Cuba,CUB,2012,94.92070007324219,94.95478057861328,94.88836669921875
Cuba,CUB,2013,93.86077117919922,94.77935028076172,92.990478515625
Cuba,CUB,2014,98.09442901611328,99.73029327392578,96.54644012451172
Cuba,CUB,2015,97.07624053955078,97.86981964111328,96.32636260986328
Cuba,CUB,2016,92.82560729980469,93.37153625488281,92.31004333496094
Cuba,CUB,2017,89.52381896972656,90.33091735839844,88.7613525390625
Cuba,CUB,2018,84.13140869140625,84.5313720703125,83.7535400390625
Cuba,CUB,2019,86.53215026855469,87.0648193359375,86.02886962890625
Cuba,CUB,2020,95.3008804321289,95.51837921142578,95.0953369140625
Cyprus,CYP,1971,87.7552490234375,88.79649353027344,86.77826690673828
Cyprus,CYP,1972,87.38423919677734,87.13011169433594,87.62339782714844
Cyprus,CYP,1973,84.5943832397461,84.92204284667969,84.2854995727539
Cyprus,CYP,1974,86.5982666015625,86.9080810546875,86.3060302734375
Cyprus,CYP,1975,79.12229919433594,78.92637634277344,79.30709838867188
Cyprus,CYP,1976,78.65077209472656,77.359130859375,79.86981964111328
Cyprus,CYP,1977,72.2392807006836,71.3724136352539,73.05708312988281
Cyprus,CYP,1978,77.63687896728516,76.75544738769531,78.46881866455078
Cyprus,CYP,1979,83.58892059326172,83.1211929321289,84.0309829711914
Cyprus,CYP,1980,73.07263946533203,73.44851684570312,72.7166519165039
Cyprus,CYP,1981,89.33345031738281,90.23641967773438,88.47538757324219
Cyprus,CYP,1982,77.80879211425781,78.99703979492188,76.68302917480469
Cyprus,CYP,1983,78.40547180175781,78.44165802001953,78.3711929321289
Cyprus,CYP,1984,76.00437927246094,76.2699203491211,75.75218200683594
Cyprus,CYP,1985,58.13022994995117,58.4451904296875,57.83026123046875
Cyprus,CYP,1986,61.310489654541016,61.01411819458008,61.592918395996094
Cyprus,CYP,1987,68.53172302246094,68.7711410522461,68.30484008789062
Cyprus,CYP,1988,78.93495178222656,77.60134887695312,80.19400024414062
Cyprus,CYP,1989,78.21711730957031,76.51376342773438,79.82350158691406
Cyprus,CYP,1990,78.59986114501953,78.7230224609375,78.48377990722656
Cyprus,CYP,1991,83.33193969726562,83.92304992675781,82.77481079101562
Cyprus,CYP,1992,82.68611145019531,81.66693878173828,83.64318084716797
Cyprus,CYP,1993,100.76701354980469,100.55854034423828,100.96060943603516
Cyprus,CYP,1994,104.23887634277344,104.52594757080078,103.97086334228516
Cyprus,CYP,1995,99.69097137451172,99.81298065185547,99.57559967041016
Cyprus,CYP,1996,97.15772247314453,96.12532043457031,98.12467193603516
Cyprus,CYP,1997,98.86196899414062,99.21381378173828,98.53898620605469
Cyprus,CYP,1999,100.71855163574219,99.82804870605469,101.56877136230469
Cyprus,CYP,2000,97.65950012207031,97.27323150634766,98.02642822265625
Cyprus,CYP,2001,98.04248809814453,98.57837677001953,97.554931640625
Cyprus,CYP,2002,100.45011901855469,100.90276336669922,100.01795959472656
Cyprus,CYP,2003,101.18463897705078,103.19252014160156,99.36486053466797
Cyprus,CYP,2004,87.55182647705078,86.99913024902344,88.09076690673828
Cyprus,CYP,2005,100.08180236816406,99.85102081298828,100.30178833007812
Cyprus,CYP,2006,101.14620971679688,101.41140747070312,100.89286041259766
Cyprus,CYP,2007,99.95162963867188,99.95973205566406,99.94412994384766
Cyprus,CYP,2008,100.24620819091797,99.67637634277344,100.78694915771484
Cyprus,CYP,2009,103.16040802001953,103.3221206665039,103.00225830078125
Cyprus,CYP,2010,99.31649017333984,100.85891723632812,97.87957763671875
Cyprus,CYP,2011,101.73310089111328,101.55156707763672,101.91150665283203
Cyprus,CYP,2012,100.06414031982422,99.6903305053711,100.413818359375
Cyprus,CYP,2013,98.33206939697266,97.85682678222656,98.7890396118164
Cyprus,CYP,2014,99.82537841796875,100.09721374511719,99.5754165649414
Cyprus,CYP,2015,96.81906127929688,97.79705047607422,95.89253997802734
Cyprus,CYP,2016,98.46739196777344,98.93182373046875,98.01718139648438
Cyprus,CYP,2017,101.26972961425781,101.15686798095703,101.38008880615234
Cyprus,CYP,2018,101.87670135498047,101.86067962646484,101.89154815673828
Cyprus,CYP,2019,102.54550170898438,102.12519836425781,102.93862915039062
Czechia,CZE,1993,96.68901824951172,97.74861907958984,95.68122100830078
Czechia,CZE,1994,103.8473129272461,104.18097686767578,103.53015899658203
Czechia,CZE,1995,104.55552673339844,,
Czechia,CZE,1996,108.63613891601562,107.5805435180664,109.63829803466797
Czechia,CZE,1999,99.46568298339844,99.67945098876953,99.26286315917969
Czechia,CZE,2000,99.34734344482422,99.95540618896484,98.77056121826172
Czechia,CZE,2001,99.44711303710938,99.7120132446289,99.19586181640625
Czechia,CZE,2002,104.01403045654297,104.45094299316406,103.59956359863281
Czechia,CZE,2003,99.17993927001953,98.330810546875,99.98578643798828
Czechia,CZE,2004,99.77954864501953,100.01361083984375,99.55734252929688
Czechia,CZE,2005,98.93743896484375,98.61827087402344,99.2403335571289
Czechia,CZE,2006,93.89820098876953,93.19715118408203,94.56250762939453
Czechia,CZE,2007,95.59893798828125,95.0114517211914,96.15595245361328
Czechia,CZE,2008,98.50746154785156,98.37384033203125,98.63401794433594
Czechia,CZE,2009,103.52327728271484,103.80872344970703,103.25341033935547
Czechia,CZE,2010,106.45677947998047,106.60491180419922,106.31678771972656
Czechia,CZE,2011,103.75914001464844,103.19502258300781,104.29315185546875
Czechia,CZE,2012,100.99044036865234,100.46292877197266,101.48992919921875
Czechia,CZE,2013,99.76103973388672,100.24668884277344,99.3008804321289
Czechia,CZE,2014,98.16072082519531,98.3065414428711,98.02240753173828
Czechia,CZE,2015,96.07079315185547,96.10888671875,96.03462982177734
Czechia,CZE,2016,97.06746673583984,97.47837829589844,96.67755889892578
Czechia,CZE,2017,97.84403991699219,97.50189971923828,98.16876983642578
Czechia,CZE,2018,98.5400619506836,98.7835922241211,98.30895233154297
Czechia,CZE,2019,101.43765258789062,102.36798858642578,100.55497741699219
Democratic Republic of Congo,COD,1971,41.38568115234375,21.067760467529297,61.7393913269043
Democratic Republic of Congo,COD,1972,43.549400329589844,23.051969528198242,64.07421875
Democratic Republic of Congo,COD,1976,53.83528137207031,34.50054168701172,73.16291809082031
Democratic Republic of Congo,COD,1977,56.760398864746094,38.14191818237305,75.36927795410156
Democratic Republic of Congo,COD,1978,60.31843185424805,41.645469665527344,78.97447204589844
Democratic Republic of Congo,COD,1980,59.91345977783203,43.1255989074707,76.66831970214844
Democratic Republic of Congo,COD,1981,62.08292007446289,46.38616943359375,77.7417984008789
Democratic Republic of Congo,COD,1982,64.59004211425781,48.26350021362305,80.87235260009766
Democratic Republic of Congo,COD,1983,67.00007629394531,51.93891906738281,82.01361083984375
Democratic Republic of Congo,COD,1984,69.32862854003906,55.73891830444336,82.86717987060547
Democratic Republic of Congo,COD,1988,50.41149139404297,36.6125602722168,64.14643859863281
Democratic Republic of Congo,COD,1991,52.33850860595703,38.95988082885742,65.64230346679688
Democratic Republic of Congo,COD,1992,48.6685905456543,36.20647048950195,61.05619812011719
Democratic Republic of Congo,COD,1993,56.14167022705078,45.26673126220703,66.94685363769531
Democratic Republic of Congo,COD,1994,47.37845993041992,37.17543029785156,57.51121139526367
Democratic Republic of Congo,COD,1999,34.883888244628906,32.25812911987305,37.489200592041016
Democratic Republic of Congo,COD,2002,42.70936965942383,34.292049407958984,51.052120208740234
Democratic Republic of Congo,COD,2007,55.444190979003906,44.78392028808594,66.01175689697266
Democratic Republic of Congo,COD,2008,60.51383972167969,49.690589904785156,71.24825286865234
Democratic Republic of Congo,COD,2009,63.11711120605469,51.7949104309082,74.35011291503906
Democratic Republic of Congo,COD,2010,63.64162063598633,54.743961334228516,72.46961975097656
Democratic Republic of Congo,COD,2011,65.57299041748047,54.94470977783203,76.11250305175781
Democratic Republic of Congo,COD,2012,70.90409088134766,60.608489990234375,81.10411834716797
Democratic Republic of Congo,COD,2013,69.771728515625,62.68452072143555,76.78684997558594
Democratic Republic of Congo,COD,2014,67.6803970336914,61.76708984375,73.5282211303711
Democratic Republic of Congo,COD,2015,69.91117095947266,70.3331069946289,69.49427032470703
Denmark,DNK,1971,95.60694885253906,96.97918701171875,94.30509948730469
Denmark,DNK,1972,92.4930191040039,93.9104232788086,91.14547729492188
Denmark,DNK,1973,93.83872985839844,95.60545349121094,92.15502166748047
Denmark,DNK,1974,92.6774673461914,94.3227310180664,91.1041030883789
Denmark,DNK,1975,94.18850708007812,,
Denmark,DNK,1976,101.27812957763672,,
Denmark,DNK,1977,100.74890899658203,,
Denmark,DNK,1978,108.1113510131836,,
Denmark,DNK,1979,109.42115783691406,,
Denmark,DNK,1980,102.22898864746094,,
Denmark,DNK,1981,93.2762680053711,93.3778305053711,93.18063354492188
Denmark,DNK,1982,91.280517578125,91.3180923461914,91.24504852294922
Denmark,DNK,1983,92.17610168457031,92.58416748046875,91.7889633178711
Denmark,DNK,1984,97.7724380493164,97.3558120727539,98.16934967041016
Denmark,DNK,1985,99.9839096069336,100.50729370117188,99.48282623291016
Denmark,DNK,1986,97.0454330444336,96.85685729980469,97.22662353515625
Denmark,DNK,1987,98.41899108886719,98.4760971069336,98.36416625976562
Denmark,DNK,1988,102.3384780883789,102.96405029296875,101.73979187011719
Denmark,DNK,1989,97.65247344970703,97.10752868652344,98.17269134521484
Denmark,DNK,1990,95.36968231201172,95.66960144042969,95.08431243896484
Denmark,DNK,1991,97.75566101074219,98.01112365722656,97.51313018798828
Denmark,DNK,1992,97.01695251464844,97.28868103027344,96.75833129882812
Denmark,DNK,1993,99.2828369140625,99.57840728759766,99.0000991821289
Denmark,DNK,1994,96.8434066772461,97.35247039794922,96.35430908203125
Denmark,DNK,1998,101.62769317626953,101.80110168457031,101.46173858642578
Denmark,DNK,1999,101.44978332519531,101.35923767089844,101.53588104248047
Denmark,DNK,2000,100.14678192138672,99.8910903930664,100.38834381103516
Denmark,DNK,2001,101.3587875366211,101.5277099609375,101.19986724853516
Denmark,DNK,2002,105.415771484375,105.99749755859375,104.86837005615234
Denmark,DNK,2004,100.65757751464844,100.93670654296875,100.39351654052734
Denmark,DNK,2005,100.35957336425781,100.41092681884766,100.31082153320312
Denmark,DNK,2006,102.03965759277344,102.27352142333984,101.81723022460938
Denmark,DNK,2007,101.75592041015625,101.9951400756836,101.5284194946289
Denmark,DNK,2008,100.9705810546875,101.3642578125,100.59662628173828
Denmark,DNK,2009,97.9730224609375,98.21627807617188,97.74207305908203
Denmark,DNK,2010,99.11992645263672,99.36483001708984,98.88754272460938
Denmark,DNK,2011,99.62966918945312,99.68856811523438,99.57377624511719
Denmark,DNK,2012,98.25849151611328,98.9967269897461,97.55827331542969
Denmark,DNK,2013,99.27841186523438,100.00602722167969,98.58706665039062
Denmark,DNK,2014,98.77497863769531,99.23007202148438,98.34136199951172
Denmark,DNK,2015,98.73802947998047,98.3083267211914,99.1496810913086
Denmark,DNK,2016,103.8826904296875,102.6611099243164,105.05821228027344
Denmark,DNK,2017,103.77639770507812,102.89710998535156,104.62075805664062
Denmark,DNK,2018,101.03662872314453,100.60420227050781,101.44949340820312
Denmark,DNK,2019,101.89707946777344,101.59873962402344,102.18057250976562
Djibouti,DJI,1972,20.381229400634766,11.715689659118652,28.9960994720459
Djibouti,DJI,1973,20.44887924194336,12.630620002746582,28.23529052734375
Djibouti,DJI,1974,20.196529388427734,12.279970169067383,28.076759338378906
Djibouti,DJI,1975,20.409730911254883,14.093700408935547,26.6895809173584
Djibouti,DJI,1976,19.06675910949707,12.043540000915527,26.026439666748047
Djibouti,DJI,1986,26.258569717407227,,
Djibouti,DJI,1987,29.08725929260254,,
Djibouti,DJI,1988,27.411209106445312,,
Djibouti,DJI,1989,30.5102596282959,,
Djibouti,DJI,1990,28.515010833740234,,
Djibouti,DJI,1991,24.49827003479004,,
Djibouti,DJI,1992,27.525299072265625,,
Djibouti,DJI,1993,24.705350875854492,,
Djibouti,DJI,1994,27.878829956054688,,
Djibouti,DJI,1995,30.153989791870117,,
Djibouti,DJI,1996,27.619169235229492,,
Djibouti,DJI,1997,24.839500427246094,,
Djibouti,DJI,1999,23.439590454101562,19.128170013427734,27.650110244750977
Djibouti,DJI,2000,26.692689895629883,21.797000885009766,31.47208023071289
Djibouti,DJI,2001,26.41596031188965,21.375619888305664,31.3411808013916
Djibouti,DJI,2005,33.60456848144531,28.953250885009766,38.185630798339844
Djibouti,DJI,2006,38.25157165527344,34.21165084838867,42.19514846801758
Djibouti,DJI,2008,44.6627082824707,41.352638244628906,47.7076301574707
Djibouti,DJI,2011,50.78261947631836,54.48617172241211,47.71294021606445
Djibouti,DJI,2013,50.69831085205078,50.7524299621582,50.654109954833984
Djibouti,DJI,2014,59.97706985473633,60.25267028808594,59.75210952758789
Djibouti,DJI,2015,65.59613037109375,67.0670394897461,64.39900207519531
Djibouti,DJI,2016,67.35250854492188,69.28260040283203,65.79292297363281
Djibouti,DJI,2017,62.976318359375,66.35028839111328,60.26631164550781
Djibouti,DJI,2018,66.38028717041016,69.90912628173828,63.556278228759766
Djibouti,DJI,2019,65.57845306396484,67.83109283447266,63.764678955078125
Djibouti,DJI,2020,63.0319709777832,65.16992950439453,61.255409240722656
Djibouti,DJI,2021,64.81249237060547,63.01226043701172,66.39327239990234
Dominica,DMA,1988,100.05621337890625,111.75798797607422,88.7043228149414
Dominica,DMA,1999,126.06298828125,142.1227264404297,111.54422760009766
Dominica,DMA,2000,119.42723846435547,125.52845764160156,113.8847885131836
Dominica,DMA,2001,117.71968078613281,118.30560302734375,117.17877197265625
Dominica,DMA,2002,100.54720306396484,102.71041107177734,98.55452728271484
Dominica,DMA,2003,94.57161712646484,93.17871856689453,95.8542709350586
Dominica,DMA,2004,95.10357666015625,96.3254623413086,93.98314666748047
Dominica,DMA,2005,93.39044952392578,97.18669891357422,89.90609741210938
Dominica,DMA,2006,84.30520629882812,86.19355010986328,82.55674743652344
Dominica,DMA,2007,86.15084838867188,88.5905990600586,83.85875701904297
Dominica,DMA,2008,82.2328109741211,84.91619873046875,79.68126678466797
Dominica,DMA,2009,78.96996307373047,78.45706176757812,79.46553802490234
Dominica,DMA,2010,77.03926849365234,76.03053283691406,78.02690887451172
Dominica,DMA,2011,86.6826171875,93.40836334228516,80.06329345703125
Dominica,DMA,2012,97.30413055419922,96.58702850341797,98.00332641601562
Dominica,DMA,2013,96.42537689208984,96.3768081665039,96.47265625
Dominica,DMA,2014,100.85713958740234,104.2635726928711,97.56553649902344
Dominica,DMA,2015,105.95358276367188,111.52262878417969,100.59406280517578
Dominica,DMA,2016,113.92669677734375,115.5982894897461,112.32032775878906
Dominican Republic,DOM,1971,34.55995178222656,36.339881896972656,32.7894401550293
Dominican Republic,DOM,1981,52.355979919433594,,
Dominican Republic,DOM,1994,62.50823974609375,,
Dominican Republic,DOM,1999,73.2220230102539,77.1054916381836,69.42462921142578
Dominican Republic,DOM,2000,78.81883239746094,82.91963958740234,74.83299255371094
Dominican Republic,DOM,2002,92.23330688476562,96.39408874511719,88.1863021850586
Dominican Republic,DOM,2004,88.6272201538086,90.93814086914062,86.38391876220703
Dominican Republic,DOM,2006,85.80622100830078,89.36894989013672,82.35990905761719
Dominican Republic,DOM,2007,92.68309783935547,95.12451171875,90.31681823730469
Dominican Republic,DOM,2009,93.84940338134766,93.69296264648438,94.00113677978516
Dominican Republic,DOM,2010,92.69573974609375,92.02973937988281,93.3420181274414
Dominican Republic,DOM,2011,93.07073974609375,94.05438232421875,92.11585998535156
Dominican Republic,DOM,2012,93.52136993408203,94.61763763427734,92.45767211914062
Dominican Republic,DOM,2013,94.23554229736328,94.855712890625,93.63407897949219
Dominican Republic,DOM,2014,95.26004791259766,94.73499298095703,95.76905059814453
Dominican Republic,DOM,2015,99.52607727050781,97.85758209228516,101.14063262939453
Dominican Republic,DOM,2016,99.15802764892578,96.55679321289062,101.68052673339844
Dominican Republic,DOM,2017,95.32808685302734,94.35356140136719,96.26985168457031
Dominican Republic,DOM,2018,93.12751770019531,92.58232116699219,93.65538024902344
Dominican Republic,DOM,2019,93.30409240722656,92.71904754638672,93.87033081054688
Dominican Republic,DOM,2020,96.3163070678711,96.20317840576172,96.42578125
East Asia and Pacific,,1987,96.13462829589844,,
East Asia and Pacific,,1988,95.86200714111328,,
East Asia and Pacific,,1989,95.74066925048828,,
East Asia and Pacific,,1990,96.28108215332031,,
East Asia and Pacific,,1991,96.5764389038086,,
East Asia and Pacific,,1992,94.39344787597656,,
East Asia and Pacific,,1993,95.87464904785156,,
East Asia and Pacific,,1994,97.6075668334961,,
East Asia and Pacific,,1995,94.94197845458984,92.97425079345703,96.81317138671875
East Asia and Pacific,,1996,91.659912109375,89.74418640136719,93.48116302490234
East Asia and Pacific,,1997,90.1427001953125,88.29447174072266,91.8964614868164
East Asia and Pacific,,1998,90.94400024414062,89.36744689941406,92.43750762939453
East Asia and Pacific,,1999,91.73764038085938,90.39716339111328,93.00504302978516
East Asia and Pacific,,2000,92.7499008178711,91.74909210205078,93.69432830810547
East Asia and Pacific,,2001,93.88385009765625,93.24082946777344,94.48893737792969
East Asia and Pacific,,2002,93.31333923339844,92.76029968261719,93.83477020263672
East Asia and Pacific,,2003,93.29840087890625,92.8476333618164,93.7232437133789
East Asia and Pacific,,2004,93.001220703125,92.74964904785156,93.23973846435547
East Asia and Pacific,,2005,92.62335205078125,92.57115936279297,92.67545318603516
East Asia and Pacific,,2006,92.2653579711914,92.3387680053711,92.19793701171875
East Asia and Pacific,,2007,93.88150024414062,93.73554992675781,94.01548767089844
East Asia and Pacific,,2008,97.31169128417969,97.07752227783203,97.52596282958984
East Asia and Pacific,,2009,97.03397369384766,96.94091796875,97.11847686767578
East Asia and Pacific,,2010,96.3436508178711,96.2464599609375,96.43142700195312
East Asia and Pacific,,2011,95.35482025146484,95.32980346679688,95.37586975097656
East Asia and Pacific,,2012,95.89298248291016,95.99545288085938,95.79798126220703
East Asia and Pacific,,2013,95.39246368408203,95.53648376464844,95.2593765258789
East Asia and Pacific,,2014,92.85112762451172,92.48847198486328,93.1762924194336
East Asia and Pacific,,2015,91.78582000732422,91.26496887207031,92.25579071044922
East Asia and Pacific,,2016,94.13874816894531,94.0722885131836,94.19915771484375
East Asia and Pacific,,2017,96.02176666259766,96.00379943847656,96.0385513305664
East Asia and Pacific,,2018,98.12773132324219,98.22702026367188,98.03939056396484
East Asia and Pacific,,2019,98.36659240722656,98.52411651611328,98.22595977783203
East Asia and Pacific,,2020,97.71708679199219,97.84504699707031,97.60212707519531
Ecuador,ECU,1971,55.704811096191406,53.5948486328125,57.76470947265625
Ecuador,ECU,1972,54.938499450683594,53.913909912109375,55.938011169433594
Ecuador,ECU,1973,58.51633834838867,57.635318756103516,59.3751106262207
Ecuador,ECU,1974,61.30704879760742,59.7628288269043,62.81093978881836
Ecuador,ECU,1975,65.22123718261719,63.82720184326172,66.57792663574219
Ecuador,ECU,1976,69.59950256347656,68.27783203125,70.88551330566406
Ecuador,ECU,1977,71.35237121582031,70.2686996459961,72.4068603515625
Ecuador,ECU,1978,70.456298828125,69.7104263305664,71.18203735351562
Ecuador,ECU,1979,74.35399627685547,72.6490478515625,76.01270294189453
Ecuador,ECU,1980,77.36466217041016,75.67130279541016,79.01215362548828
Ecuador,ECU,1981,81.16129302978516,,
Ecuador,ECU,1982,83.93032836914062,,
Ecuador,ECU,1983,87.65833282470703,,
Ecuador,ECU,1984,90.0085678100586,,
Ecuador,ECU,1985,90.53579711914062,,
Ecuador,ECU,1987,93.42552947998047,91.37529754638672,95.42340087890625
Ecuador,ECU,1988,94.91964721679688,94.93998718261719,94.89984893798828
Ecuador,ECU,1994,94.91014862060547,95.8206787109375,94.03125762939453
Ecuador,ECU,1995,92.70545196533203,93.71134185791016,91.73590087890625
Ecuador,ECU,1996,92.2842025756836,93.12931060791016,91.47000885009766
Ecuador,ECU,1997,95.57845306396484,96.1541976928711,95.02375030517578
Ecuador,ECU,1999,96.97189331054688,97.9751968383789,96.00525665283203
Ecuador,ECU,2000,97.24127197265625,97.85090637207031,96.65392303466797
Ecuador,ECU,2001,97.66513061523438,98.7085189819336,96.66014862060547
Ecuador,ECU,2002,97.31587982177734,97.94595336914062,96.70916748046875
Ecuador,ECU,2003,96.65190124511719,97.43132781982422,95.901611328125
Ecuador,ECU,2004,96.3012466430664,97.01933288574219,95.6102294921875
Ecuador,ECU,2005,100.41658020019531,101.21965789794922,99.64411163330078
Ecuador,ECU,2006,99.77066040039062,100.10498046875,99.44933319091797
Ecuador,ECU,2007,99.12251281738281,99.97157287597656,98.30724334716797
Ecuador,ECU,2009,97.21449279785156,98.11614227294922,96.35015869140625
Ecuador,ECU,2010,103.19583129882812,104.20501708984375,102.22901153564453
Ecuador,ECU,2011,106.97345733642578,108.255859375,105.7451400756836
Ecuador,ECU,2012,108.2071304321289,109.2476577758789,107.21011352539062
Ecuador,ECU,2013,108.69615936279297,109.57425689697266,107.85458374023438
Ecuador,ECU,2014,112.22914123535156,113.02198028564453,111.4691162109375
Ecuador,ECU,2015,106.40483856201172,106.95249938964844,105.8797836303711
Ecuador,ECU,2016,103.55574035644531,103.98883056640625,103.14058685302734
Ecuador,ECU,2017,105.41584777832031,106.02909851074219,104.82804870605469
Ecuador,ECU,2018,104.43367767333984,104.92083740234375,103.966796875
Ecuador,ECU,2019,101.49749755859375,101.92896270751953,101.08415222167969
Ecuador,ECU,2020,100.6137466430664,100.834228515625,100.40260314941406
Egypt,EGY,1971,56.34806823730469,41.73461151123047,69.80084991455078
Egypt,EGY,1972,53.15687942504883,39.54058837890625,65.70332336425781
Egypt,EGY,1973,56.603668212890625,42.22534942626953,69.87709045410156
Egypt,EGY,1974,58.626319885253906,44.566490173339844,71.63984680175781
Egypt,EGY,1975,61.353309631347656,46.27101135253906,75.34927368164062
Egypt,EGY,1976,62.420650482177734,47.57162857055664,76.22406768798828
Egypt,EGY,1977,62.57600021362305,47.541690826416016,76.60009765625
Egypt,EGY,1978,54.6614990234375,37.249141693115234,70.9267578125
Egypt,EGY,1979,36.42525100708008,23.890600204467773,48.12437057495117
Egypt,EGY,1980,46.746971130371094,36.99266052246094,55.83953094482422
Egypt,EGY,1981,55.67279815673828,44.34077835083008,66.24382781982422
Egypt,EGY,1986,74.1944808959961,62.83475112915039,84.88091278076172
Egypt,EGY,1987,74.82959747314453,,
Egypt,EGY,1997,88.92304992675781,83.48016357421875,94.08847045898438
Egypt,EGY,1999,93.04898071289062,89.53053283691406,96.38818359375
Egypt,EGY,2000,91.2654800415039,88.18682098388672,94.18768310546875
Egypt,EGY,2001,89.39920806884766,86.8669662475586,91.8025894165039
Egypt,EGY,2002,88.2380599975586,87.81993865966797,88.63509368896484
Egypt,EGY,2003,88.66969299316406,87.01358795166016,90.24239349365234
Egypt,EGY,2004,90.18923950195312,88.81865692138672,91.49066162109375
Egypt,EGY,2005,91.97186279296875,88.33763122558594,95.42288970947266
Egypt,EGY,2006,87.35761260986328,86.10125732421875,88.55050659179688
Egypt,EGY,2007,90.92532348632812,89.04962921142578,92.70626831054688
Egypt,EGY,2009,93.51345825195312,92.30375671386719,94.66161346435547
Egypt,EGY,2010,96.02799224853516,95.04537963867188,96.96021270751953
Egypt,EGY,2013,100.53014373779297,100.9830322265625,100.10254669189453
Egypt,EGY,2016,96.90644836425781,97.67212677001953,96.18514251708984
Egypt,EGY,2017,97.1895523071289,97.62610626220703,96.77821350097656
Egypt,EGY,2018,100.68521118164062,101.63323974609375,99.7918701171875
Egypt,EGY,2019,104.60929870605469,105.43457794189453,103.83145904541016
El Salvador,SLV,1971,40.59640884399414,37.78940963745117,43.366519927978516
El Salvador,SLV,1972,44.29063034057617,42.091548919677734,46.46809005737305
El Salvador,SLV,1973,49.83292007446289,47.46295928955078,52.18680953979492
El Salvador,SLV,1974,51.26313018798828,49.39994812011719,53.11967849731445
El Salvador,SLV,1975,51.070091247558594,,
El Salvador,SLV,1976,50.336669921875,48.77730178833008,51.89509963989258
El Salvador,SLV,1977,51.62710189819336,50.18193817138672,53.07075881958008
El Salvador,SLV,1981,46.3703498840332,46.69076156616211,46.04941940307617
El Salvador,SLV,1982,49.269920349121094,49.370460510253906,49.16904830932617
El Salvador,SLV,1983,50.475738525390625,50.89051818847656,50.05952072143555
El Salvador,SLV,1984,48.56079864501953,49.550048828125,47.569461822509766
El Salvador,SLV,1987,61.581809997558594,62.72671890258789,60.44023895263672
El Salvador,SLV,1988,65.20430755615234,66.56072235107422,63.85429000854492
El Salvador,SLV,1989,63.02045822143555,64.38382720947266,61.66661834716797
El Salvador,SLV,1991,66.17469024658203,67.05435943603516,65.30267333984375
El Salvador,SLV,1992,67.66175842285156,68.74874877929688,66.5838623046875
El Salvador,SLV,1993,70.48439025878906,71.37019348144531,69.60624694824219
El Salvador,SLV,1995,72.62667083740234,73.62799072265625,71.63636016845703
El Salvador,SLV,1996,77.76956176757812,77.51779174804688,78.01827239990234
El Salvador,SLV,1998,81.44506072998047,81.40277862548828,81.48664855957031
El Salvador,SLV,2000,91.04666137695312,88.96942901611328,93.07714080810547
El Salvador,SLV,2001,89.80072021484375,89.50138092041016,90.09342193603516
El Salvador,SLV,2002,88.49028778076172,88.46388244628906,88.51609802246094
El Salvador,SLV,2003,87.85711669921875,87.91210174560547,87.8034896850586
El Salvador,SLV,2005,89.13976287841797,89.66555786132812,88.63081359863281
El Salvador,SLV,2006,88.98686981201172,89.2375717163086,88.74385833740234
El Salvador,SLV,2007,93.26924896240234,94.66156005859375,91.91832733154297
El Salvador,SLV,2008,94.73158264160156,95.8705062866211,93.62782287597656
El Salvador,SLV,2009,97.462158203125,98.6169204711914,96.34687042236328
El Salvador,SLV,2010,99.73490142822266,99.27625274658203,100.17607879638672
El Salvador,SLV,2011,103.33500671386719,103.29405975341797,103.37449645996094
El Salvador,SLV,2012,103.40411376953125,103.4764175415039,103.3342514038086
El Salvador,SLV,2013,101.8349380493164,102.04193115234375,101.6349868774414
El Salvador,SLV,2014,100.10433959960938,100.48638916015625,99.73609924316406
El Salvador,SLV,2015,96.26837921142578,95.24665069580078,97.25000762939453
El Salvador,SLV,2016,92.97917938232422,92.30351257324219,93.62940216064453
El Salvador,SLV,2017,90.37033081054688,90.369140625,90.3714828491211
El Salvador,SLV,2018,86.60769653320312,85.81394958496094,87.37196350097656
Equatorial Guinea,GNQ,1994,36.38761901855469,34.23366165161133,38.54399871826172
Equatorial Guinea,GNQ,2000,45.026329040527344,39.43640899658203,50.560970306396484
Equatorial Guinea,GNQ,2003,36.59059143066406,30.391199111938477,42.70991134643555
Equatorial Guinea,GNQ,2005,43.905120849609375,43.120338439941406,44.6732292175293
Equatorial Guinea,GNQ,2008,41.049659729003906,39.90781021118164,42.16910171508789
Equatorial Guinea,GNQ,2009,42.96390151977539,42.420719146728516,43.496070861816406
Equatorial Guinea,GNQ,2010,44.381160736083984,44.90134811401367,43.873130798339844
Equatorial Guinea,GNQ,2011,42.45682144165039,43.2652587890625,41.670101165771484
Equatorial Guinea,GNQ,2012,44.01268005371094,44.796661376953125,43.24781036376953
Equatorial Guinea,GNQ,2015,40.77592086791992,41.798851013183594,39.7830696105957
Eritrea,ERI,1994,25.91691017150879,22.3016300201416,29.498960494995117
Eritrea,ERI,1995,31.773099899291992,27.243120193481445,36.25870132446289
Eritrea,ERI,1996,42.58639907836914,34.32487106323242,50.761940002441406
Eritrea,ERI,1997,47.23897933959961,38.11613082885742,56.28145980834961
Eritrea,ERI,1999,45.38903045654297,40.086368560791016,50.64482116699219
Eritrea,ERI,2000,48.507450103759766,43.74544143676758,53.223480224609375
Eritrea,ERI,2001,49.49895095825195,45.419708251953125,53.53596878051758
Eritrea,ERI,2002,48.97085189819336,42.17776870727539,55.68532180786133
Eritrea,ERI,2003,55.22574996948242,46.403560638427734,63.937278747558594
Eritrea,ERI,2004,64.33746337890625,51.90250015258789,76.61033630371094
Eritrea,ERI,2005,79.40328979492188,68.50227355957031,90.1572494506836
Eritrea,ERI,2006,79.71649932861328,68.13629913330078,91.1213607788086
Eritrea,ERI,2007,79.34432983398438,69.8153305053711,88.70194244384766
Eritrea,ERI,2008,82.01907348632812,73.21713256835938,90.63609313964844
Eritrea,ERI,2009,87.97068786621094,80.00193786621094,95.74320220947266
Eritrea,ERI,2010,76.33065032958984,70.2298583984375,82.25733947753906
Eritrea,ERI,2011,73.2809066772461,66.82819366455078,79.53125
Eritrea,ERI,2012,66.0858383178711,59.914520263671875,72.0595474243164
Eritrea,ERI,2013,61.04222869873047,55.971771240234375,65.93403625488281
Eritrea,ERI,2015,62.84111022949219,58.45610809326172,67.06075286865234
Eritrea,ERI,2017,64.18666076660156,60.41933059692383,67.80439758300781
Eritrea,ERI,2018,60.270511627197266,56.17720031738281,64.19847106933594
Estonia,EST,1995,79.64726257324219,80.53781127929688,78.78507995605469
Estonia,EST,1996,90.81675720214844,90.86212158203125,90.7729263305664
Estonia,EST,1998,89.4387435913086,89.67784881591797,89.2116928100586
Estonia,EST,1999,93.36907196044922,94.34052276611328,92.45722198486328
Estonia,EST,2000,95.6677474975586,96.56324768066406,94.83705139160156
Estonia,EST,2001,101.4070816040039,102.73387908935547,100.18717956542969
Estonia,EST,2002,102.95114135742188,104.38818359375,101.62684631347656
Estonia,EST,2003,106.30589294433594,105.13536834716797,107.39116668701172
Estonia,EST,2004,102.32171630859375,101.86669921875,102.74630737304688
Estonia,EST,2005,102.63626861572266,101.6423568725586,103.5701904296875
Estonia,EST,2006,94.9776382446289,92.99053192138672,96.85558319091797
Estonia,EST,2007,94.75234985351562,93.8758316040039,95.5831298828125
Estonia,EST,2008,95.45355224609375,95.6965103149414,95.22319793701172
Estonia,EST,2009,98.74658966064453,98.71958923339844,98.77217102050781
Estonia,EST,2010,100.63427734375,99.24437713623047,101.94837188720703
Estonia,EST,2011,101.43132781982422,101.30245971679688,101.55290222167969
Estonia,EST,2012,103.81793975830078,102.45455169677734,105.10748291015625
Estonia,EST,2013,104.32083129882812,103.61382293701172,104.9916000366211
Estonia,EST,2014,100.0924301147461,99.70684814453125,100.45886993408203
Estonia,EST,2015,98.76663970947266,99.06166076660156,98.4860610961914
Estonia,EST,2016,96.442626953125,98.19062805175781,94.78206634521484
Estonia,EST,2017,97.23143768310547,97.42516326904297,97.04801940917969
Estonia,EST,2018,96.69463348388672,95.47147369384766,97.84900665283203
Estonia,EST,2019,97.43179321289062,96.62647247314453,98.18968200683594
Eswatini,SWZ,1970,43.99782943725586,41.92390823364258,46.10887908935547
Eswatini,SWZ,1971,42.134578704833984,39.97196960449219,44.339290618896484
Eswatini,SWZ,1972,43.18613052368164,40.64527130126953,45.781028747558594
Eswatini,SWZ,1973,51.58856964111328,49.767669677734375,53.4473991394043
Eswatini,SWZ,1974,56.70671844482422,55.49654006958008,57.938720703125
Eswatini,SWZ,1975,59.04058837890625,59.19512939453125,58.883968353271484
Eswatini,SWZ,1976,60.21955871582031,61.39183044433594,59.02873992919922
Eswatini,SWZ,1977,59.84379959106445,60.441650390625,59.23670959472656
Eswatini,SWZ,1978,58.5005989074707,60.389060974121094,56.58815002441406
Eswatini,SWZ,1979,57.561710357666016,59.285911560058594,55.82191848754883
Eswatini,SWZ,1980,57.396018981933594,60.552730560302734,54.21860885620117
Eswatini,SWZ,1981,59.79322814941406,60.61814880371094,58.959171295166016
Eswatini,SWZ,1982,60.09333038330078,62.02592086791992,58.1356086730957
Eswatini,SWZ,1983,61.21609878540039,62.923011779785156,59.49018096923828
Eswatini,SWZ,1984,60.16733169555664,62.50542068481445,57.8167610168457
Eswatini,SWZ,1985,60.03520965576172,62.577701568603516,57.49481964111328
Eswatini,SWZ,1986,61.35395812988281,63.62543869018555,59.08272171020508
Eswatini,SWZ,1987,60.84619903564453,62.27619934082031,59.41495895385742
Eswatini,SWZ,1988,63.11513900756836,65.7828369140625,60.446441650390625
Eswatini,SWZ,1989,60.52037048339844,63.69881820678711,57.34537124633789
Eswatini,SWZ,1990,61.133670806884766,64.0969467163086,58.18149948120117
Eswatini,SWZ,1991,58.87022018432617,61.45405960083008,56.27159118652344
Eswatini,SWZ,1992,58.36756134033203,61.889488220214844,54.816009521484375
Eswatini,SWZ,1993,58.483341217041016,60.399940490722656,56.55617141723633
Eswatini,SWZ,1994,59.209110260009766,61.361270904541016,57.06349182128906
Eswatini,SWZ,1995,61.06985092163086,64.0597915649414,58.11764907836914
Eswatini,SWZ,1996,60.563880920410156,63.2458381652832,57.92041015625
Eswatini,SWZ,1997,63.889190673828125,67.36396026611328,60.46099090576172
Eswatini,SWZ,1998,67.85611724853516,70.18388366699219,65.5580825805664
Eswatini,SWZ,1999,66.83602142333984,69.89997863769531,63.80585861206055
Eswatini,SWZ,2000,69.66107177734375,71.49549865722656,67.84001922607422
Eswatini,SWZ,2001,66.96278381347656,67.70182037353516,66.22283172607422
Eswatini,SWZ,2002,69.46578979492188,71.23726654052734,67.68248748779297
Eswatini,SWZ,2003,66.4033203125,69.1526107788086,63.63053894042969
Eswatini,SWZ,2004,68.15930938720703,70.09182739257812,66.21678161621094
Eswatini,SWZ,2005,70.59430694580078,72.9738998413086,68.21405792236328
Eswatini,SWZ,2006,72.02887725830078,73.0696792602539,70.97773742675781
Eswatini,SWZ,2007,80.49994659423828,76.35369873046875,84.72383117675781
Eswatini,SWZ,2009,79.0749282836914,78.04984283447266,80.11589050292969
Eswatini,SWZ,2010,83.2271728515625,83.83419799804688,82.61663055419922
Eswatini,SWZ,2011,83.80320739746094,84.0415267944336,83.56446838378906
Eswatini,SWZ,2012,84.69747161865234,85.91433715820312,83.4803237915039
Eswatini,SWZ,2013,86.04702758789062,86.24212646484375,85.85185241699219
Eswatini,SWZ,2014,84.54666137695312,86.00264739990234,83.08421325683594
Eswatini,SWZ,2015,89.14315032958984,89.45185089111328,88.83177947998047
Eswatini,SWZ,2016,95.14885711669922,94.75092315673828,95.54734802246094
Eswatini,SWZ,2017,95.81926727294922,97.14264678955078,94.50386047363281
Eswatini,SWZ,2018,94.48487091064453,95.57280731201172,93.40635681152344
Eswatini,SWZ,2019,88.59642791748047,91.19629669189453,86.01554870605469
Ethiopia,ETH,1982,18.15880012512207,12.029620170593262,24.16227912902832
Ethiopia,ETH,1987,24.590290069580078,19.205469131469727,29.778949737548828
Ethiopia,ETH,1988,24.014259338378906,18.39068031311035,29.487150192260742
Ethiopia,ETH,1989,22.816730499267578,17.79637908935547,27.745460510253906
Ethiopia,ETH,1994,14.108280181884766,12.084019660949707,16.11125946044922
Ethiopia,ETH,1995,13.964949607849121,11.30663013458252,16.584030151367188
Ethiopia,ETH,1996,14.942190170288086,11.737319946289062,18.087730407714844
Ethiopia,ETH,1998,17.1501407623291,,
Ethiopia,ETH,1999,19.816370010375977,14.061779975891113,25.481679916381836
Ethiopia,ETH,2000,22.31555938720703,15.817009925842285,28.709810256958008
Ethiopia,ETH,2001,27.74431037902832,19.64841079711914,35.706329345703125
Ethiopia,ETH,2002,31.60784912109375,22.495319366455078,40.57268142700195
Ethiopia,ETH,2003,34.92633056640625,25.498680114746094,44.208988189697266
Ethiopia,ETH,2004,37.69916915893555,29.154130935668945,46.11616897583008
Ethiopia,ETH,2005,43.46147918701172,36.09272003173828,50.72365188598633
Ethiopia,ETH,2006,47.191139221191406,41.94139099121094,52.3648796081543
Ethiopia,ETH,2007,47.292518615722656,42.41859817504883,52.07971954345703
Ethiopia,ETH,2008,49.452789306640625,46.078861236572266,52.75725173950195
Ethiopia,ETH,2009,51.3595085144043,50.10383987426758,52.587249755859375
Ethiopia,ETH,2010,57.70273971557617,55.65589904785156,59.701969146728516
Ethiopia,ETH,2011,52.547630310058594,50.28746032714844,54.754520416259766
Ethiopia,ETH,2012,50.30796813964844,50.51939010620117,50.101280212402344
Ethiopia,ETH,2013,53.32957077026367,52.743370056152344,53.90333938598633
Ethiopia,ETH,2014,53.388328552246094,53.0152587890625,53.75389099121094
Ethiopia,ETH,2015,54.11090087890625,52.99047088623047,55.21025848388672
Ethiopia,ETH,2016,61.57915115356445,59.89112091064453,63.237220764160156
Ethiopia,ETH,2017,63.68955993652344,61.65497970581055,65.68746948242188
Ethiopia,ETH,2019,67.7402114868164,64.86579132080078,70.55845642089844
Ethiopia,ETH,2020,68.08428955078125,65.37133026123047,70.74250030517578
Europe and Central Asia,,1971,95.64856719970703,,
Europe and Central Asia,,1972,95.37898254394531,,
Europe and Central Asia,,1973,95.45683288574219,,
Europe and Central Asia,,1974,95.70507049560547,,
Europe and Central Asia,,1975,96.3960189819336,,
Europe and Central Asia,,1976,96.43919372558594,,
Europe and Central Asia,,1977,96.47399139404297,,
Europe and Central Asia,,1978,96.52137756347656,,
Europe and Central Asia,,1979,96.34249877929688,,
Europe and Central Asia,,1980,96.4035873413086,,
Europe and Central Asia,,1981,95.99436950683594,,
Europe and Central Asia,,1982,95.8685531616211,,
Europe and Central Asia,,1983,95.54720306396484,,
Europe and Central Asia,,1984,95.90397644042969,,
Europe and Central Asia,,1985,96.51600646972656,,
Europe and Central Asia,,1986,96.79817199707031,,
Europe and Central Asia,,1987,96.39369201660156,,
Europe and Central Asia,,1988,97.95645904541016,,
Europe and Central Asia,,1989,96.66737365722656,,
Europe and Central Asia,,1990,96.83560180664062,,
Europe and Central Asia,,1991,96.9283218383789,,
Europe and Central Asia,,1992,97.159912109375,97.0684814453125,97.24754333496094
Europe and Central Asia,,1993,96.94271850585938,96.90151977539062,96.98155975341797
Europe and Central Asia,,1994,96.49949645996094,96.4384536743164,96.55726623535156
Europe and Central Asia,,1995,95.7503890991211,95.6109390258789,95.8833999633789
Europe and Central Asia,,1996,95.70462799072266,95.57132720947266,95.83197021484375
Europe and Central Asia,,1997,95.90245056152344,95.65196990966797,96.14193725585938
Europe and Central Asia,,1998,95.97516632080078,95.71488189697266,96.22383880615234
Europe and Central Asia,,1999,95.93840789794922,95.63961029052734,96.22315216064453
Europe and Central Asia,,2000,96.12008666992188,95.8008804321289,96.42524719238281
Europe and Central Asia,,2001,97.823486328125,97.50243377685547,98.12831115722656
Europe and Central Asia,,2002,98.07466888427734,97.8290023803711,98.30814361572266
Europe and Central Asia,,2003,97.56217956542969,97.2464370727539,97.86193084716797
Europe and Central Asia,,2004,97.84081268310547,97.54656982421875,98.12023162841797
Europe and Central Asia,,2005,98.07650756835938,97.73146057128906,98.4049301147461
Europe and Central Asia,,2006,96.921630859375,96.70719909667969,97.12516021728516
Europe and Central Asia,,2007,96.73371887207031,96.59555053710938,96.86353302001953
Europe and Central Asia,,2008,97.12091827392578,97.0842514038086,97.15338897705078
Europe and Central Asia,,2009,97.61995697021484,97.66507720947266,97.57556915283203
Europe and Central Asia,,2010,97.86087799072266,97.96533966064453,97.76026153564453
Europe and Central Asia,,2011,98.45120239257812,98.5795669555664,98.3282699584961
Europe and Central Asia,,2012,97.82266235351562,97.9737319946289,97.67830657958984
Europe and Central Asia,,2013,97.97432708740234,98.12518310546875,97.8293228149414
Europe and Central Asia,,2014,97.65010070800781,97.88481903076172,97.42601776123047
Europe and Central Asia,,2015,98.42202758789062,98.7020492553711,98.15545654296875
Europe and Central Asia,,2016,97.16011047363281,97.48845672607422,96.84721374511719
Europe and Central Asia,,2017,97.6972427368164,98.03076171875,97.38047790527344
Europe and Central Asia,,2018,97.61067199707031,97.86637878417969,97.36756134033203
Europe and Central Asia,,2019,98.49478149414062,98.70014190673828,98.29888916015625
Europe and Central Asia,,2020,98.43028259277344,98.61627960205078,98.2535400390625
European Union,,1970,95.34282684326172,,
European Union,,1971,95.3952407836914,95.96028137207031,94.85794067382812
European Union,,1972,95.39929962158203,96.00093841552734,94.8267593383789
European Union,,1973,95.4822006225586,96.10955047607422,94.88458251953125
European Union,,1974,96.2721176147461,,
European Union,,1975,97.47406768798828,,
European Union,,1976,97.51045227050781,,
European Union,,1977,97.53469848632812,,
European Union,,1978,97.37777709960938,,
European Union,,1979,97.14177703857422,,
European Union,,1980,97.1373291015625,97.76116180419922,96.5415267944336
European Union,,1981,96.54489135742188,97.18148040771484,95.93666076660156
European Union,,1982,96.3651123046875,97.03819274902344,95.72200012207031
European Union,,1983,96.22763061523438,96.83244323730469,95.649169921875
European Union,,1984,96.91980743408203,97.51029968261719,96.35462951660156
European Union,,1985,97.83212280273438,98.37006378173828,97.31683349609375
European Union,,1986,97.5312271118164,98.05307006835938,97.0313720703125
European Union,,1987,96.89913177490234,97.40239715576172,96.41734313964844
European Union,,1988,97.63777160644531,98.07649993896484,97.21752166748047
European Union,,1989,97.53321075439453,97.79900360107422,97.27764892578125
European Union,,1990,97.36206817626953,97.8167724609375,96.92635345458984
European Union,,1991,96.85254669189453,97.38076782226562,96.34660339355469
European Union,,1992,97.28196716308594,97.85404205322266,96.73448944091797
European Union,,1993,97.52474212646484,98.22869110107422,96.8520278930664
European Union,,1994,97.04361724853516,97.7476806640625,96.37093353271484
European Union,,1995,96.81741333007812,97.22618865966797,96.42603302001953
European Union,,1996,97.32898712158203,97.76180267333984,96.91499328613281
European Union,,1997,97.61621856689453,98.00743865966797,97.24234771728516
European Union,,1998,97.65648651123047,98.0125503540039,97.31646728515625
European Union,,1999,97.71286010742188,97.99771881103516,97.44037628173828
European Union,,2000,98.11544799804688,98.49762725830078,97.75103759765625
European Union,,2001,99.15869140625,99.51628875732422,98.81580352783203
European Union,,2002,98.30828857421875,98.64726257324219,97.9840087890625
European Union,,2003,98.48770904541016,98.77867126464844,98.20863342285156
European Union,,2004,98.32482147216797,98.62483215332031,98.03752136230469
European Union,,2005,97.1767578125,97.51112365722656,96.85724639892578
European Union,,2006,96.85485076904297,97.17790985107422,96.54618835449219
European Union,,2007,97.67652130126953,98.05802917480469,97.31041717529297
European Union,,2008,97.60115051269531,97.98861694335938,97.22844696044922
European Union,,2009,97.58148956298828,97.95783996582031,97.22064971923828
European Union,,2010,97.9228286743164,98.26683807373047,97.59274291992188
European Union,,2011,98.03130340576172,98.32379150390625,97.75112915039062
European Union,,2012,97.41693878173828,97.83516693115234,97.01748657226562
European Union,,2013,97.36602783203125,97.82402801513672,96.92784118652344
European Union,,2014,97.2360610961914,97.7290267944336,96.76593017578125
European Union,,2015,97.98119354248047,98.54254150390625,97.4471435546875
European Union,,2016,97.34049224853516,97.97614288330078,96.73554229736328
European Union,,2017,97.6384506225586,98.27989196777344,97.02909088134766
European Union,,2018,96.60308074951172,97.18144226074219,96.0530014038086
European Union,,2019,96.53427124023438,97.1151123046875,95.98101043701172
European Union,,2020,96.56596374511719,97.14202880859375,96.01817321777344
Fiji,FJI,1972,90.89053344726562,,
Fiji,FJI,1973,96.88456726074219,,
Fiji,FJI,1974,96.14363098144531,,
Fiji,FJI,1976,106.59007263183594,,
Fiji,FJI,1977,106.60189819335938,,
Fiji,FJI,1978,110.42989349365234,,
Fiji,FJI,1979,102.2886962890625,,
Fiji,FJI,1980,97.15995788574219,97.88118743896484,96.46736145019531
Fiji,FJI,1981,97.36109924316406,98.7064437866211,96.0684814453125
Fiji,FJI,1983,95.49031066894531,96.16943359375,94.83968353271484
Fiji,FJI,1984,92.01380157470703,92.668212890625,91.38861846923828
Fiji,FJI,1985,93.3862075805664,94.54727172851562,92.28019714355469
Fiji,FJI,1986,95.20216369628906,95.41938018798828,94.99532318115234
Fiji,FJI,1992,105.12679290771484,105.98542785644531,104.3131332397461
Fiji,FJI,1994,103.01973724365234,103.48824310302734,102.57694244384766
Fiji,FJI,1995,102.59126281738281,104.5721206665039,100.72115325927734
Fiji,FJI,1996,101.67337036132812,103.1229019165039,100.30616760253906
Fiji,FJI,1997,102.98148345947266,102.6205825805664,103.32161712646484
Fiji,FJI,1998,103.27696228027344,106.02423095703125,100.68914031982422
Fiji,FJI,1999,99.64177703857422,99.90766143798828,99.39144134521484
Fiji,FJI,2000,95.01058959960938,93.91744232177734,96.03939056396484
Fiji,FJI,2001,97.06311798095703,98.94651794433594,95.28898620605469
Fiji,FJI,2002,102.01142883300781,104.4774398803711,99.68933868408203
Fiji,FJI,2004,109.35140228271484,109.93065643310547,108.80780792236328
Fiji,FJI,2006,111.5312728881836,111.63121032714844,111.4378662109375
Fiji,FJI,2008,105.87828063964844,105.771240234375,105.97833251953125
Fiji,FJI,2009,105.14678192138672,105.31298828125,104.99138641357422
Fiji,FJI,2011,104.66777801513672,104.19551849365234,105.10967254638672
Fiji,FJI,2012,106.26052856445312,106.80236053466797,105.7523193359375
Fiji,FJI,2013,106.73467254638672,106.20113372802734,107.2371826171875
Fiji,FJI,2015,111.63330078125,110.75296783447266,112.47016906738281
Fiji,FJI,2016,107.01841735839844,106.3197021484375,107.6820068359375
Fiji,FJI,2019,108.86976623535156,106.5196304321289,111.12403106689453
Finland,FIN,1987,103.98235321044922,104.5120620727539,103.47720336914062
Finland,FIN,1988,105.72881317138672,105.39644622802734,106.04627227783203
Finland,FIN,1989,105.4365463256836,105.38980865478516,105.48124694824219
Finland,FIN,1990,101.63806915283203,101.76367950439453,101.51786804199219
Finland,FIN,1991,97.2413101196289,96.82170867919922,97.64301300048828
Finland,FIN,1992,96.59803009033203,97.21460723876953,96.00778198242188
Finland,FIN,1993,95.97049713134766,96.21517944335938,95.73645782470703
Finland,FIN,1994,97.050537109375,96.99781036376953,97.10093688964844
Finland,FIN,1995,100.48487854003906,99.96005249023438,100.98615264892578
Finland,FIN,1996,101.2387924194336,102.31234741210938,100.2142333984375
Finland,FIN,1997,100.37600708007812,,
Finland,FIN,1998,98.01837158203125,98.29495239257812,97.75443267822266
Finland,FIN,1999,95.85336303710938,95.62393188476562,96.07234954833984
Finland,FIN,2000,96.2035903930664,96.41261291503906,96.00408172607422
Finland,FIN,2001,102.15080261230469,102.49076843261719,101.82613372802734
Finland,FIN,2002,100.87145233154297,100.79427337646484,100.9452896118164
Finland,FIN,2003,101.91706848144531,101.64981079101562,102.17339324951172
Finland,FIN,2004,100.18132019042969,100.43527221679688,99.93724822998047
Finland,FIN,2005,100.19322204589844,99.51761627197266,100.84384155273438
Finland,FIN,2006,96.7771224975586,96.74919891357422,96.80403900146484
Finland,FIN,2007,98.1877670288086,98.32779693603516,98.0527572631836
Finland,FIN,2008,98.77861022949219,98.01123046875,99.51747131347656
Finland,FIN,2009,97.86470794677734,97.56838989257812,98.14954376220703
Finland,FIN,2010,98.6290512084961,99.13519287109375,98.14364624023438
Finland,FIN,2011,98.20484161376953,98.16593933105469,98.24205017089844
Finland,FIN,2012,100.03096771240234,100.2712173461914,99.80152130126953
Finland,FIN,2013,99.63838195800781,98.62531280517578,100.60601806640625
Finland,FIN,2014,98.88854217529297,98.87330627441406,98.9030990600586
Finland,FIN,2015,99.03192138671875,98.71067810058594,99.3392333984375
Finland,FIN,2016,100.88497161865234,101.10572814941406,100.67347717285156
Finland,FIN,2017,101.49832153320312,101.12367248535156,101.85685729980469
Finland,FIN,2018,100.37380981445312,100.76133728027344,100.00328063964844
Finland,FIN,2019,100.97608184814453,100.98162078857422,100.97077941894531
France,FRA,1971,93.21495056152344,95.32171630859375,91.18639373779297
France,FRA,1972,92.55278778076172,94.7793197631836,90.41226959228516
France,FRA,1975,93.6467514038086,,
France,FRA,1976,93.96993255615234,,
France,FRA,1977,93.72447204589844,,
France,FRA,1978,94.65425872802734,,
France,FRA,1979,94.5113296508789,,
France,FRA,1980,95.0712890625,,
France,FRA,1986,95.72213745117188,,
France,FRA,1987,94.85468292236328,,
France,FRA,1988,98.43557739257812,,
France,FRA,1989,100.91452026367188,,
France,FRA,1990,104.12898254394531,,
France,FRA,1991,106.09529876708984,,
France,FRA,1992,107.24878692626953,,
France,FRA,1999,93.82691955566406,,
France,FRA,2000,92.93036651611328,,
French Polynesia,PYF,1983,76.44358825683594,61.6485710144043,90.62944030761719
Gabon,GAB,1972,62.58654022216797,53.41109848022461,71.84378814697266
Gabon,GAB,1973,61.11777114868164,51.76409912109375,70.55182647705078
Gabon,GAB,1975,84.17967224121094,77.52845001220703,90.86576843261719
Gabon,GAB,1976,88.06627655029297,77.46244049072266,98.70565032958984
Gabon,GAB,1977,80.66230010986328,72.54617309570312,88.79499053955078
Gabon,GAB,1978,80.87906646728516,71.06253051757812,90.70382690429688
Gabon,GAB,1979,82.13667297363281,76.80522155761719,87.4666976928711
Gabon,GAB,1980,81.02291870117188,74.63583374023438,87.40267944335938
Gabon,GAB,1981,84.78327941894531,76.456787109375,93.09027862548828
Gabon,GAB,1982,86.58091735839844,79.2210922241211,93.91876220703125
Gabon,GAB,1983,86.37705993652344,80.97724914550781,91.75627136230469
Gabon,GAB,1984,75.30953979492188,70.74815368652344,79.84799194335938
Gabon,GAB,1985,92.41980743408203,,
Gabon,GAB,1987,68.53079986572266,66.55828094482422,70.48799896240234
Gabon,GAB,1988,67.53996276855469,65.91065216064453,69.1551513671875
Gabon,GAB,1989,66.00888061523438,66.22390747070312,65.7958984375
Gabon,GAB,1992,59.50054931640625,62.75313949584961,56.28641128540039
Gabon,GAB,1995,65.94000244140625,65.95169830322266,65.92845916748047
Gabon,GAB,1996,66.68028259277344,68.17603302001953,65.20713806152344
Gabon,GAB,1997,68.93827056884766,69.27330017089844,68.60865020751953
Gabon,GAB,2002,73.26525115966797,74.90241241455078,71.65670776367188
Gabon,GAB,2003,71.19043731689453,72.72783660888672,69.67794036865234
Gabon,GAB,2019,78.42915344238281,80.71145629882812,76.18595123291016
Gambia,GMB,1971,20.30998992919922,11.330329895019531,29.397220611572266
Gambia,GMB,1972,22.670120239257812,12.525250434875488,32.95476150512695
Gambia,GMB,1973,22.265100479125977,12.372969627380371,32.291290283203125
Gambia,GMB,1974,21.90723991394043,12.564629554748535,31.362289428710938
Gambia,GMB,1975,23.496950149536133,14.822819709777832,32.2629508972168
Gambia,GMB,1976,22.808719635009766,13.466170310974121,32.23609924316406
Gambia,GMB,1977,18.317710876464844,10.796460151672363,25.904890060424805
Gambia,GMB,1978,23.921119689941406,15.61493968963623,32.294708251953125
Gambia,GMB,1979,24.689050674438477,15.117719650268555,34.33208084106445
Gambia,GMB,1980,27.4506893157959,16.492849349975586,38.474220275878906
Gambia,GMB,1981,27.62601089477539,17.043500900268555,38.252620697021484
Gambia,GMB,1982,31.692289352416992,18.68861961364746,44.72480010986328
Gambia,GMB,1983,35.7022705078125,20.602880477905273,50.8077507019043
Gambia,GMB,1984,41.95214080810547,25.25834083557129,58.63285827636719
Gambia,GMB,1985,44.18267059326172,28.239160537719727,60.106048583984375
Gambia,GMB,1986,46.754669189453125,31.70256996154785,61.7976188659668
Gambia,GMB,1987,50.79954147338867,34.63764953613281,66.99141693115234
Gambia,GMB,1989,44.03794860839844,31.14274024963379,56.977840423583984
Gambia,GMB,1992,43.27341842651367,32.857269287109375,53.6230583190918
Gambia,GMB,1993,41.37709045410156,33.0571403503418,49.63998031616211
Gambia,GMB,1994,40.41141128540039,31.118330001831055,49.632320404052734
Gambia,GMB,1995,43.125099182128906,35.4292106628418,50.76089859008789
Gambia,GMB,1996,50.376399993896484,43.472900390625,57.22813034057617
Gambia,GMB,1997,47.5430793762207,38.85914993286133,56.15502166748047
Gambia,GMB,1999,67.91742706298828,60.1290397644043,75.6095962524414
Gambia,GMB,2000,66.12757873535156,59.52946853637695,72.62367248535156
Gambia,GMB,2001,65.97637176513672,60.48535919189453,71.36834716796875
Gambia,GMB,2002,63.364990234375,58.11526870727539,68.52816772460938
Gambia,GMB,2003,65.83168029785156,62.56903839111328,69.04634094238281
Gambia,GMB,2004,64.35018920898438,62.04341125488281,66.62349700927734
Gambia,GMB,2005,61.29161834716797,60.58354187011719,61.98894119262695
Gambia,GMB,2006,59.51028823852539,59.356040954589844,59.66204833984375
Gambia,GMB,2007,66.33712768554688,67.38768005371094,65.30152130126953
Gambia,GMB,2008,72.35038757324219,75.76902770996094,68.976318359375
Gambia,GMB,2010,67.10289001464844,68.08863830566406,66.12889099121094
Gambia,GMB,2011,63.97330856323242,64.97313690185547,62.98551940917969
Gambia,GMB,2012,65.68311309814453,65.86605072021484,65.50228118896484
Gambia,GMB,2013,66.41799926757812,67.95442962646484,64.89945220947266
Gambia,GMB,2014,66.9994125366211,68.68222045898438,65.3370132446289
Gambia,GMB,2015,67.47250366210938,69.86334228515625,65.11324310302734
Gambia,GMB,2016,69.27261352539062,71.70182037353516,66.87828826904297
Gambia,GMB,2017,72.0459976196289,75.19622039794922,68.94039154052734
Gambia,GMB,2018,74.71024322509766,78.8957290649414,70.5839614868164
Gambia,GMB,2019,78.94251251220703,84.03160095214844,73.92729187011719
Gambia,GMB,2020,82.26425170898438,89.06233978271484,75.57042694091797
Gambia,GMB,2021,85.1663818359375,91.80448913574219,78.63604736328125
Georgia,GEO,1995,87.31395721435547,,
Georgia,GEO,1996,95.00395965576172,,
Georgia,GEO,1997,98.27800750732422,,
Georgia,GEO,1999,100.84465789794922,,
Georgia,GEO,2000,118.0893325805664,120.18611145019531,116.15386962890625
Georgia,GEO,2001,120.99609375,125.34765625,117.01068115234375
Georgia,GEO,2002,118.18966674804688,123.25939178466797,113.5610122680664
Georgia,GEO,2003,106.50508880615234,107.77037811279297,105.35283660888672
Georgia,GEO,2004,112.07044982910156,115.2013931274414,109.20855712890625
Georgia,GEO,2005,97.77066040039062,99.85424041748047,95.868408203125
Georgia,GEO,2006,92.03656768798828,,
Georgia,GEO,2007,98.81681060791016,,
Georgia,GEO,2008,102.38038635253906,103.33680725097656,101.52436828613281
Georgia,GEO,2009,105.07450866699219,104.99571228027344,105.14434814453125
Georgia,GEO,2010,106.47366333007812,106.93244171142578,106.0708999633789
Georgia,GEO,2012,101.43681335449219,101.56314849853516,101.3260269165039
Georgia,GEO,2013,104.25811004638672,104.36372375488281,104.165283203125
Georgia,GEO,2014,103.5047378540039,103.58670043945312,103.43245697021484
Georgia,GEO,2015,102.9413833618164,102.84986114501953,103.02240753173828
Georgia,GEO,2016,115.43395233154297,114.76271057128906,116.02995300292969
Georgia,GEO,2017,113.70159912109375,113.98809814453125,113.44708251953125
Georgia,GEO,2018,95.50823211669922,96.3404769897461,94.76690673828125
Georgia,GEO,2019,92.82787322998047,94.10443878173828,91.6866226196289
Georgia,GEO,2020,93.5300521850586,93.1024398803711,93.91404724121094
Germany,DEU,1993,100.33135223388672,100.42070770263672,100.24626159667969
Germany,DEU,1994,96.70506286621094,96.56179809570312,96.84149169921875
Germany,DEU,1995,96.16790008544922,96.2100830078125,96.12769317626953
Germany,DEU,1996,96.69756317138672,96.77906036376953,96.61982727050781
Germany,DEU,1997,98.83876037597656,98.702392578125,98.96884155273438
Germany,DEU,1999,101.4632797241211,101.05931091308594,101.8485107421875
Germany,DEU,2000,104.34691619873047,104.03801727294922,104.64141082763672
Germany,DEU,2001,105.79570770263672,105.54238891601562,106.03713989257812
Germany,DEU,2002,101.6701431274414,101.50631713867188,101.82626342773438
Germany,DEU,2003,100.68123626708984,100.52162170410156,100.83335876464844
Germany,DEU,2004,99.47026824951172,98.95947265625,99.95716094970703
Germany,DEU,2005,96.879638671875,96.76303100585938,96.99076843261719
Germany,DEU,2006,98.4968032836914,98.57837677001953,98.41903686523438
Germany,DEU,2007,103.53697967529297,103.75444793701172,103.32972717285156
Germany,DEU,2008,101.9790267944336,101.99356842041016,101.96517944335938
Germany,DEU,2009,102.38379669189453,102.280517578125,102.48222351074219
Germany,DEU,2010,102.01535034179688,101.95520782470703,102.0726318359375
Germany,DEU,2011,101.56687927246094,101.30359649658203,101.81758117675781
Germany,DEU,2012,98.65313720703125,98.82685089111328,98.48815155029297
Germany,DEU,2013,98.39868927001953,98.3092269897461,98.48348236083984
Germany,DEU,2014,97.28270721435547,97.24284362792969,97.32042694091797
Germany,DEU,2015,98.91829681396484,98.9863510131836,98.85404205322266
Germany,DEU,2016,97.93720245361328,98.3018798828125,97.59335327148438
Germany,DEU,2017,98.80513763427734,99.1170425415039,98.51217651367188
Germany,DEU,2018,100.84332275390625,101.5877685546875,100.146240234375
Germany,DEU,2019,99.0177993774414,99.84404754638672,98.24566650390625
Ghana,GHA,1971,62.82992172241211,56.059791564941406,69.24810791015625
Ghana,GHA,1972,56.96036148071289,50.74850082397461,62.85614013671875
Ghana,GHA,1974,51.4499397277832,45.455650329589844,57.14439010620117
Ghana,GHA,1975,52.70132064819336,45.73992919921875,59.32141876220703
Ghana,GHA,1976,54.96553039550781,47.141929626464844,62.420310974121094
Ghana,GHA,1977,56.680580139160156,48.70907974243164,64.27716827392578
Ghana,GHA,1978,57.593910217285156,49.00648880004883,65.78614807128906
Ghana,GHA,1979,57.3643913269043,49.12445068359375,65.23628234863281
Ghana,GHA,1980,58.31986999511719,50.73619842529297,65.57704162597656
Ghana,GHA,1981,61.605228424072266,52.817039489746094,70.0333023071289
Ghana,GHA,1991,65.50240325927734,57.42335891723633,73.29647064208984
Ghana,GHA,1992,67.57454681396484,59.50743865966797,75.35749053955078
Ghana,GHA,1999,66.46391296386719,62.05665969848633,70.69026184082031
Ghana,GHA,2000,69.08267211914062,64.7265625,73.2545166015625
Ghana,GHA,2001,65.44558715820312,61.91651916503906,68.82391357421875
Ghana,GHA,2002,67.09992980957031,63.630950927734375,70.42308044433594
Ghana,GHA,2003,68.1915283203125,69.10135650634766,67.3198013305664
Ghana,GHA,2004,67.3016586303711,61.99924087524414,72.38076782226562
Ghana,GHA,2005,73.07195281982422,70.09131622314453,75.92616271972656
Ghana,GHA,2006,69.42504119873047,67.54068756103516,71.22931671142578
Ghana,GHA,2007,74.65209197998047,72.07395935058594,77.12267303466797
Ghana,GHA,2008,79.99890899658203,77.71540069580078,82.18778991699219
Ghana,GHA,2009,81.27578735351562,77.56089782714844,84.83656311035156
Ghana,GHA,2011,88.0656509399414,85.29878997802734,90.7169418334961
Ghana,GHA,2012,93.86432647705078,104.09795379638672,84.05689239501953
Ghana,GHA,2013,94.82469177246094,93.8121337890625,95.79509735107422
Ghana,GHA,2014,93.65453338623047,92.7401123046875,94.5307388305664
Ghana,GHA,2015,98.75621795654297,98.3896484375,99.10743713378906
Ghana,GHA,2017,94.72445678710938,94.4832763671875,94.95574951171875
Ghana,GHA,2018,93.80911254882812,94.60922241210938,93.04157257080078
Gibraltar,GIB,2016,94.68084716796875,95.25862121582031,94.1176528930664
Gibraltar,GIB,2017,92.258056640625,93.88645935058594,90.67797088623047
Gibraltar,GIB,2019,100.21833801269531,106.22222137451172,94.42060089111328
Gibraltar,GIB,2020,105.9471435546875,117.93721771240234,94.3722915649414
Greece,GRC,1971,98.28376007080078,97.77955627441406,98.75383758544922
Greece,GRC,1972,96.4135971069336,95.96331787109375,96.83480834960938
Greece,GRC,1973,94.88939666748047,93.84481048583984,95.8663330078125
Greece,GRC,1974,94.23626708984375,93.57768249511719,94.85037994384766
Greece,GRC,1975,95.58894348144531,95.23741912841797,95.9151611328125
Greece,GRC,1976,97.0180892944336,97.1883316040039,96.86096954345703
Greece,GRC,1977,98.55879211425781,99.51667022705078,97.6778564453125
Greece,GRC,1978,101.22061920166016,101.90850830078125,100.58885955810547
Greece,GRC,1979,101.67479705810547,102.45694732666016,100.9557876586914
Greece,GRC,1980,98.75115966796875,99.44843292236328,98.1086196899414
Greece,GRC,1981,97.1598892211914,97.5330581665039,96.8150405883789
Greece,GRC,1982,95.5296401977539,95.80442810058594,95.2751235961914
Greece,GRC,1983,96.08873748779297,96.92211151123047,95.3147964477539
Greece,GRC,1984,98.19831085205078,98.4970703125,97.92001342773438
Greece,GRC,1985,100.29302215576172,100.35051727294922,100.23931121826172
Greece,GRC,1986,105.09944152832031,104.55106353759766,105.61241149902344
Greece,GRC,1987,95.642822265625,95.92195129394531,95.38133239746094
Greece,GRC,1988,96.56890869140625,96.81522369384766,96.33763885498047
Greece,GRC,1989,94.53645324707031,94.9668197631836,94.13117218017578
Greece,GRC,1992,96.5615234375,96.4922103881836,96.6267318725586
Greece,GRC,2004,99.29267120361328,97.41719818115234,101.0808334350586
Greece,GRC,2005,96.45877075195312,95.75292205810547,97.13542938232422
Greece,GRC,2006,99.0931625366211,97.41864013671875,100.70887756347656
Greece,GRC,2007,97.38446044921875,96.16979217529297,98.54904174804688
Greece,GRC,2010,95.31909942626953,93.9356689453125,96.65956115722656
Greece,GRC,2011,93.1533432006836,91.91253662109375,94.3577880859375
Greece,GRC,2012,96.98412322998047,95.87631225585938,98.05625915527344
Greece,GRC,2013,95.3590087890625,93.8113784790039,96.8525390625
Greece,GRC,2014,95.57611083984375,95.28411865234375,95.85688781738281
Greece,GRC,2015,97.35755920410156,96.39531707763672,98.27857971191406
Greece,GRC,2016,97.33734130859375,96.44103240966797,98.1914291381836
Greece,GRC,2017,96.766357421875,95.91126251220703,97.57852172851562
Greece,GRC,2018,97.93238067626953,97.5427017211914,98.30120849609375
Greece,GRC,2019,96.35045623779297,95.76154327392578,96.90579986572266
Grenada,GRD,1976,96.43704986572266,,
Grenada,GRD,1977,98.12944030761719,,
Grenada,GRD,1978,89.9156265258789,89.62187957763672,90.20867156982422
Grenada,GRD,1979,92.04210662841797,91.80742645263672,92.27539825439453
Grenada,GRD,1983,95.25988006591797,95.1054916381836,95.40984344482422
Grenada,GRD,1984,85.80831146240234,86.86192321777344,84.78964233398438
Grenada,GRD,1985,83.48397827148438,,
Grenada,GRD,1999,95.52349090576172,92.14814758300781,98.89134979248047
Grenada,GRD,2002,96.46629333496094,92.73468780517578,100.16168212890625
Grenada,GRD,2003,107.0416488647461,106.65514373779297,107.42321014404297
Grenada,GRD,2005,108.7669906616211,108.30973052978516,109.21788024902344
Grenada,GRD,2007,105.1818618774414,105.94158935546875,104.4378662109375
Grenada,GRD,2008,120.01026153564453,115.16095733642578,124.74645233154297
Grenada,GRD,2009,132.43670654296875,123.29060363769531,141.3541717529297
Grenada,GRD,2010,123.12296295166016,113.46578216552734,132.51072692871094
Grenada,GRD,2013,108.7554702758789,104.19847106933594,113.1611328125
Grenada,GRD,2014,104.64356231689453,104.53333282470703,104.74967956542969
Grenada,GRD,2017,120.99552917480469,113.48168182373047,128.1444549560547
Grenada,GRD,2018,123.00122833251953,120.85967254638672,125.02993774414062
Guatemala,GTM,1970,21.992919921875,,
Guatemala,GTM,1971,22.253660202026367,,
Guatemala,GTM,1972,24.29376983642578,,
Guatemala,GTM,1975,28.19639015197754,,
Guatemala,GTM,1976,29.288509368896484,27.227449417114258,31.279619216918945
Guatemala,GTM,1977,29.143789291381836,27.284469604492188,30.94158935546875
Guatemala,GTM,1978,30.218799591064453,28.11219024658203,32.25934982299805
Guatemala,GTM,1979,30.662979125976562,,
Guatemala,GTM,1980,32.537620544433594,,
Guatemala,GTM,1981,32.65407180786133,,
Guatemala,GTM,1982,32.6337890625,,
Guatemala,GTM,1983,33.86894989013672,,
Guatemala,GTM,1984,35.27241897583008,,
Guatemala,GTM,1985,36.71995162963867,,
Guatemala,GTM,1986,39.574100494384766,,
Guatemala,GTM,1996,45.517181396484375,41.18886184692383,49.74559020996094
Guatemala,GTM,1999,50.7872200012207,45.93376159667969,55.539710998535156
Guatemala,GTM,2000,55.51237106323242,50.73994064331055,60.18423080444336
Guatemala,GTM,2001,58.03934097290039,53.4009895324707,62.57912826538086
Guatemala,GTM,2002,61.58015823364258,57.37607955932617,65.69217681884766
Guatemala,GTM,2004,67.26300811767578,63.16891098022461,71.25948333740234
Guatemala,GTM,2005,70.92420196533203,67.0789566040039,74.6722183227539
Guatemala,GTM,2006,73.92884063720703,70.77304077148438,76.99870300292969
Guatemala,GTM,2007,74.6705322265625,72.1659927368164,77.10105895996094
Guatemala,GTM,2008,77.55816650390625,75.27838134765625,79.76551818847656
Guatemala,GTM,2009,81.62690734863281,79.38231658935547,83.79120635986328
Guatemala,GTM,2010,83.62596893310547,81.79412078857422,85.39228820800781
Guatemala,GTM,2011,85.79241943359375,84.73590850830078,86.80982208251953
Guatemala,GTM,2012,84.75212097167969,84.2525863647461,85.2326889038086
Guatemala,GTM,2013,84.86328887939453,84.4810562133789,85.23068237304688
Guatemala,GTM,2014,84.66948699951172,83.84339904785156,85.46282196044922
Guatemala,GTM,2015,82.711669921875,82.08515930175781,83.31285858154297
Guatemala,GTM,2016,79.13230895996094,79.18834686279297,79.07855224609375
Guatemala,GTM,2017,79.94132995605469,79.53241729736328,80.33345031738281
Guatemala,GTM,2018,79.69037628173828,79.41378784179688,79.95549774169922
Guatemala,GTM,2019,79.13033294677734,79.33952331542969,78.92989349365234
Guatemala,GTM,2020,80.73668670654297,81.52143096923828,79.9849624633789
Guinea,GIN,1977,17.925500869750977,,
Guinea,GIN,1978,19.542139053344727,,
Guinea,GIN,1980,21.07171058654785,,
Guinea,GIN,1981,17.261829376220703,,
Guinea,GIN,1982,18.795570373535156,,
Guinea,GIN,1983,18.501760482788086,,
Guinea,GIN,1984,18.959030151367188,10.33594036102295,27.733779907226562
Guinea,GIN,1985,15.41312026977539,8.977720260620117,21.945459365844727
Guinea,GIN,1986,14.61991024017334,8.517250061035156,20.78533935546875
Guinea,GIN,1987,14.051090240478516,7.680190086364746,20.48181915283203
Guinea,GIN,1988,11.310779571533203,5.9426798820495605,16.718570709228516
Guinea,GIN,1989,12.213509559631348,5.9778900146484375,18.481990814208984
Guinea,GIN,1990,18.134410858154297,8.185830116271973,28.123939514160156
Guinea,GIN,1991,16.33708953857422,8.53831958770752,24.16777992248535
Guinea,GIN,1992,16.353309631347656,8.617130279541016,24.117000579833984
Guinea,GIN,1993,18.730329513549805,9.656660079956055,27.82455062866211
Guinea,GIN,1994,19.943950653076172,10.607789993286133,29.28544044494629
Guinea,GIN,1995,19.88435935974121,9.900970458984375,29.849380493164062
Guinea,GIN,1996,30.51738929748535,,
Guinea,GIN,1998,25.45322036743164,14.115039825439453,36.76559066772461
Guinea,GIN,1999,29.06052017211914,16.547040939331055,41.52899932861328
Guinea,GIN,2000,31.674509048461914,19.538700103759766,43.73170852661133
Guinea,GIN,2001,33.428951263427734,21.87656021118164,44.86759948730469
Guinea,GIN,2002,37.35200119018555,25.743009567260742,48.83380126953125
Guinea,GIN,2003,37.54304885864258,28.33241081237793,46.64194107055664
Guinea,GIN,2004,47.1932487487793,36.850830078125,57.39176940917969
Guinea,GIN,2005,53.20787811279297,42.61109924316406,63.635459899902344
Guinea,GIN,2006,57.486351013183594,47.797908782958984,67.00150299072266
Guinea,GIN,2007,57.762271881103516,49.03438949584961,66.33522033691406
Guinea,GIN,2008,50.64950942993164,42.812110900878906,58.348690032958984
Guinea,GIN,2009,56.75358963012695,47.924869537353516,65.42524719238281
Guinea,GIN,2010,56.91796112060547,46.688621520996094,66.96053314208984
Guinea,GIN,2011,59.05986022949219,52.13679885864258,65.85252380371094
Guinea,GIN,2012,60.10137939453125,53.819190979003906,66.27155303955078
Guinea,GIN,2013,60.82592010498047,54.546478271484375,66.99771881103516
Guinea,GIN,2014,62.25954055786133,55.98939895629883,68.42386627197266
Guinea,GIN,2015,60.297550201416016,51.50836181640625,68.93720245361328
Guinea,GIN,2016,59.6673698425293,51.20038986206055,67.98478698730469
Guinea,GIN,2020,59.35110855102539,51.971168518066406,66.62251281738281
Guinea-Bissau,GNB,1976,6.928830146789551,,
Guinea-Bissau,GNB,1979,15.088689804077148,7.043729782104492,23.251689910888672
Guinea-Bissau,GNB,1980,11.246560096740723,3.978070020675659,18.584379196166992
Guinea-Bissau,GNB,1981,16.394779205322266,7.572770118713379,25.238319396972656
Guinea-Bissau,GNB,1982,17.809619903564453,8.135709762573242,27.527639389038086
Guinea-Bissau,GNB,1983,14.293580055236816,7.3460001945495605,21.28105926513672
Guinea-Bissau,GNB,1984,13.492019653320312,8.36417007446289,18.64767074584961
Guinea-Bissau,GNB,1987,9.82345962524414,6.262420177459717,13.408249855041504
Guinea-Bissau,GNB,1988,6.536069869995117,4.314700126647949,8.77614974975586
Guinea-Bissau,GNB,2000,28.313430786132812,20.238779067993164,36.52566146850586
Guinea-Bissau,GNB,2010,65.14251708984375,57.28281021118164,73.1238021850586
Guyana,GUY,1971,95.76319885253906,96.11566162109375,95.41615295410156
Guyana,GUY,1972,93.21424865722656,96.30774688720703,90.1765365600586
Guyana,GUY,1973,91.57472229003906,91.51663208007812,91.63156127929688
Guyana,GUY,1974,91.86518096923828,91.03385925292969,92.67459869384766
Guyana,GUY,1976,88.15438842773438,88.43524169921875,87.88268280029297
Guyana,GUY,1977,93.24825286865234,92.95761108398438,93.53092193603516
Guyana,GUY,1978,87.46102905273438,88.17041778564453,86.76956939697266
Guyana,GUY,1979,87.395263671875,84.4349136352539,90.27925872802734
Guyana,GUY,1980,79.51143646240234,78.37886047363281,80.61295318603516
Guyana,GUY,1981,82.86505126953125,,
Guyana,GUY,1982,84.63397979736328,84.92716979980469,84.34674835205078
Guyana,GUY,1983,80.69239044189453,,
Guyana,GUY,1984,85.42352294921875,,
Guyana,GUY,1987,87.939208984375,90.02911376953125,85.88643646240234
Guyana,GUY,1992,91.26191711425781,92.64176177978516,89.87442016601562
Guyana,GUY,1993,89.79833984375,92.25296020507812,87.34176635742188
Guyana,GUY,1995,76.6252670288086,75.79682159423828,77.44302368164062
Guyana,GUY,1996,80.1839370727539,82.52217102050781,77.88105773925781
Guyana,GUY,1997,84.97437286376953,84.55663299560547,85.39112091064453
Guyana,GUY,1999,103.58619689941406,101.31359100341797,105.87471771240234
Guyana,GUY,2000,107.87934875488281,108.79422760009766,106.95926666259766
Guyana,GUY,2001,92.6705322265625,85.89810180664062,99.44644927978516
Guyana,GUY,2003,77.53694915771484,74.29676818847656,80.7061767578125
Guyana,GUY,2005,93.45906829833984,94.31842041015625,92.6238784790039
Guyana,GUY,2006,93.7951889038086,93.40338897705078,94.17594146728516
Guyana,GUY,2007,94.04949951171875,95.22232055664062,92.91053009033203
Guyana,GUY,2008,95.53240966796875,94.9520263671875,96.09564971923828
Guyana,GUY,2009,98.4482192993164,98.19371032714844,98.6940689086914
Guyana,GUY,2010,92.7117919921875,92.2061767578125,93.19808959960938
Guyana,GUY,2011,97.6373519897461,96.6171875,98.62238311767578
Guyana,GUY,2012,97.37593841552734,95.5466537475586,99.16869354248047
Haiti,HTI,1979,27.00251007080078,25.470449447631836,28.52556037902832
Haiti,HTI,1980,27.829010009765625,26.013099670410156,29.62512969970703
Haiti,HTI,1982,29.17736053466797,27.2891902923584,31.04404067993164
Haiti,HTI,1983,31.73278045654297,29.24748992919922,34.193321228027344
Haiti,HTI,1985,34.532371520996094,32.047611236572266,36.99481964111328
Haiti,HTI,1986,36.577171325683594,33.63557815551758,39.49028015136719
Haiti,HTI,1987,38.23255157470703,35.68629837036133,40.75659942626953
Haiti,HTI,1997,48.51641845703125,46.848670959472656,50.153018951416016
High income,,1970,96.40033721923828,96.26934814453125,96.52655792236328
High income,,1971,96.50765991210938,96.39762878417969,96.61361694335938
High income,,1972,96.2369613647461,96.1129379272461,96.3569107055664
High income,,1973,96.56127166748047,96.4762191772461,96.6443099975586
High income,,1974,96.62338256835938,,
High income,,1975,97.2332992553711,97.1664810180664,97.29894256591797
High income,,1976,97.55191040039062,97.47467803955078,97.627197265625
High income,,1977,97.59603881835938,97.59439849853516,97.5990219116211
High income,,1978,97.01318359375,96.94564819335938,97.07898712158203
High income,,1979,95.96321868896484,95.84615325927734,96.07662963867188
High income,,1980,97.49405670166016,97.47917175292969,97.5114974975586
High income,,1981,97.36155700683594,97.29257202148438,97.43064880371094
High income,,1982,96.59297943115234,96.56149291992188,96.62529754638672
High income,,1983,96.5993423461914,96.53028106689453,96.66626739501953
High income,,1984,97.3133773803711,97.23519134521484,97.38839721679688
High income,,1985,97.48956298828125,97.39669036865234,97.578369140625
High income,,1986,97.68128967285156,97.60758972167969,97.75240325927734
High income,,1987,97.47590637207031,97.39717102050781,97.55326843261719
High income,,1988,97.24517059326172,97.12686920166016,97.36044311523438
High income,,1989,96.94580078125,96.6822280883789,97.19844055175781
High income,,1990,97.39874267578125,97.28398895263672,97.5081787109375
High income,,1991,97.1852798461914,97.04950714111328,97.31305694580078
High income,,1992,97.81620788574219,97.7245864868164,97.90451049804688
High income,,1993,97.8790283203125,97.84500885009766,97.91571044921875
High income,,1994,97.47191619873047,97.47892761230469,97.47219848632812
High income,,1995,97.30375671386719,97.21170806884766,97.40055084228516
High income,,1996,97.3669204711914,97.28372955322266,97.45511627197266
High income,,1997,97.33625030517578,97.2572021484375,97.41670227050781
High income,,1998,97.67500305175781,97.61575317382812,97.7342529296875
High income,,1999,97.9398193359375,97.88799285888672,97.9915771484375
High income,,2000,98.17201232910156,98.1528091430664,98.19351959228516
High income,,2001,98.595703125,98.52520751953125,98.66523742675781
High income,,2002,98.22427368164062,98.1501235961914,98.29692840576172
High income,,2003,98.4629135131836,98.42630004882812,98.49761199951172
High income,,2004,98.35044860839844,98.27667236328125,98.42105102539062
High income,,2005,97.79254913330078,97.68144989013672,97.89913940429688
High income,,2006,97.88327026367188,97.72178649902344,98.03632354736328
High income,,2007,98.54654693603516,98.38591003417969,98.69795227050781
High income,,2008,98.65287017822266,98.44547271728516,98.8468017578125
High income,,2009,98.74907684326172,98.58576965332031,98.90059661865234
High income,,2010,98.78323364257812,98.57151794433594,98.9813232421875
High income,,2011,98.90486907958984,98.72740936279297,99.07044219970703
High income,,2012,99.3611831665039,99.21614074707031,99.49529266357422
High income,,2013,99.20081329345703,98.96785736083984,99.41594696044922
High income,,2014,99.35289001464844,99.04852294921875,99.63552856445312
High income,,2015,99.36676025390625,99.21321868896484,99.51238250732422
High income,,2016,98.79945373535156,98.37223052978516,99.20584869384766
High income,,2017,98.54627990722656,98.29876708984375,98.77565002441406
High income,,2018,98.44194793701172,97.19143676757812,99.61772155761719
High income,,2019,98.89234924316406,100.05171966552734,97.76862335205078
High income,,2020,98.9801025390625,100.1780776977539,97.84007263183594
Honduras,HND,1980,44.451080322265625,47.18949890136719,41.74161148071289
Honduras,HND,1982,49.283958435058594,51.67414093017578,46.91682815551758
Honduras,HND,1984,53.66913986206055,56.336299896240234,51.02981948852539
Honduras,HND,1991,62.344749450683594,59.320491790771484,65.31654357910156
Honduras,HND,1992,65.55921936035156,69.17601776123047,62.007598876953125
Honduras,HND,1993,67.517578125,71.53983306884766,63.57184982299805
Honduras,HND,1994,69.0203628540039,73.040771484375,65.08139038085938
Honduras,HND,1995,68.13011932373047,68.4180679321289,67.84838104248047
Honduras,HND,1996,69.054931640625,73.43464660644531,64.77298736572266
Honduras,HND,1997,69.38070678710938,73.24983215332031,65.6009292602539
Honduras,HND,1998,70.06903839111328,67.802001953125,72.28146362304688
Honduras,HND,2003,77.66988372802734,80.09052276611328,75.32286071777344
Honduras,HND,2005,77.2666015625,80.04212951660156,74.58030700683594
Honduras,HND,2006,81.94036865234375,84.64035034179688,79.32958984375
Honduras,HND,2008,79.56629180908203,82.2522964477539,76.9732894897461
Honduras,HND,2009,81.09689331054688,83.34014892578125,78.93292236328125
Honduras,HND,2010,84.94979095458984,87.55882263183594,82.43559265136719
Honduras,HND,2011,87.47505187988281,90.2203369140625,84.83318328857422
Honduras,HND,2012,86.8210678100586,89.96846771240234,83.79569244384766
Honduras,HND,2013,80.90408325195312,83.39466857910156,78.5125732421875
Honduras,HND,2014,77.19140625,79.1247787475586,75.3364486694336
Honduras,HND,2016,80.47022247314453,81.2815170288086,79.69149780273438
Honduras,HND,2017,81.62432861328125,82.71173858642578,80.58020782470703
Honduras,HND,2019,79.4581069946289,81.7488784790039,77.25684356689453
Honduras,HND,2020,80.18205261230469,82.572021484375,77.88581848144531
Hong Kong,HKG,1980,107.42146301269531,107.6834716796875,107.1759033203125
Hong Kong,HKG,1981,103.36688995361328,103.07331848144531,103.64405822753906
Hong Kong,HKG,1982,100.64470672607422,102.00444793701172,99.38314819335938
Hong Kong,HKG,1983,99.55209350585938,100.9063720703125,98.30950927734375
Hong Kong,HKG,1984,103.18834686279297,104.2245864868164,102.24398803710938
Hong Kong,HKG,1985,102.76374816894531,103.9772720336914,101.66139221191406
Hong Kong,HKG,1986,104.62550354003906,,
Hong Kong,HKG,1989,103.60887908935547,,
Hong Kong,HKG,1990,103.95913696289062,,
Hong Kong,HKG,1991,105.06221771240234,,
Hong Kong,HKG,1992,105.81381225585938,,
Hong Kong,HKG,1993,106.93778991699219,,
Hong Kong,HKG,1994,104.02411651611328,,
Hong Kong,HKG,1995,100.2721176147461,,
Hong Kong,HKG,1996,94.59304809570312,,
Hong Kong,HKG,2012,100.76270294189453,100.5344467163086,100.97319030761719
Hong Kong,HKG,2013,99.07839965820312,98.48297119140625,99.62850189208984
Hong Kong,HKG,2014,102.26782989501953,101.69879150390625,102.80052947998047
Hong Kong,HKG,2015,105.0824966430664,103.7800521850586,106.31976318359375
Hong Kong,HKG,2016,104.15170288085938,103.32811737060547,104.93013763427734
Hong Kong,HKG,2017,103.11366271972656,103.56571197509766,102.69944763183594
Hong Kong,HKG,2018,104.49423217773438,105.6899185180664,103.41797637939453
Hong Kong,HKG,2019,106.73274993896484,108.56815338134766,105.09465026855469
Hong Kong,HKG,2020,105.41819763183594,107.52229309082031,103.54733276367188
Hungary,HUN,1971,89.19537353515625,,
Hungary,HUN,1972,88.58138275146484,,
Hungary,HUN,1973,92.93704223632812,,
Hungary,HUN,1974,99.68802642822266,,
Hungary,HUN,1975,100.56153869628906,,
Hungary,HUN,1976,98.05146026611328,98.40335083007812,97.72071075439453
Hungary,HUN,1977,99.66864776611328,100.65493774414062,98.74323272705078
Hungary,HUN,1978,104.27050018310547,105.43592071533203,103.17800903320312
Hungary,HUN,1979,99.16375732421875,99.5938491821289,98.76058197021484
Hungary,HUN,1980,97.56234741210938,98.45086669921875,96.72870635986328
Hungary,HUN,1981,93.48310089111328,93.97103881835938,93.02454376220703
Hungary,HUN,1982,92.87085723876953,93.65984344482422,92.1275863647461
Hungary,HUN,1983,94.31861877441406,94.78372955322266,93.87959289550781
Hungary,HUN,1984,102.44434356689453,103.57443237304688,101.3759536743164
Hungary,HUN,1985,113.56607055664062,114.3760986328125,112.79930114746094
Hungary,HUN,1986,103.76850128173828,104.53285217285156,103.0442123413086
Hungary,HUN,1987,96.82936096191406,97.62422943115234,96.07530975341797
Hungary,HUN,1988,89.25531005859375,90.00704193115234,88.54087829589844
Hungary,HUN,1989,83.39996337890625,83.70787048339844,83.106689453125
Hungary,HUN,1990,81.78333282470703,82.45835876464844,81.13916778564453
Hungary,HUN,1991,79.38160705566406,,
Hungary,HUN,1992,85.10460662841797,,
Hungary,HUN,1993,89.8199691772461,,
Hungary,HUN,1997,97.89090728759766,97.25267028808594,98.50200653076172
Hungary,HUN,1998,98.44779205322266,98.44200897216797,98.45332336425781
Hungary,HUN,1999,95.989501953125,94.9000473022461,97.03299713134766
Hungary,HUN,2000,96.41895294189453,95.64594268798828,97.15947723388672
Hungary,HUN,2001,98.01667785644531,97.61991119384766,98.3968276977539
Hungary,HUN,2002,99.413330078125,98.97013092041016,99.83793640136719
Hungary,HUN,2003,96.1854019165039,95.69397735595703,96.65603637695312
Hungary,HUN,2004,94.62100982666016,94.88675689697266,94.36669921875
Hungary,HUN,2005,93.81266021728516,93.34861755371094,94.25598907470703
Hungary,HUN,2006,98.7664566040039,98.51318359375,99.00787353515625
Hungary,HUN,2007,95.02565002441406,94.37770080566406,95.6419677734375
Hungary,HUN,2008,96.58941650390625,95.42279815673828,97.69683837890625
Hungary,HUN,2009,96.79566192626953,96.63056945800781,96.95204162597656
Hungary,HUN,2010,97.1036605834961,96.55319213867188,97.62410736083984
Hungary,HUN,2011,98.7274169921875,99.00038146972656,98.4697265625
Hungary,HUN,2012,97.53672790527344,97.38585662841797,97.67913055419922
Hungary,HUN,2013,97.71341705322266,98.06533813476562,97.38146209716797
Hungary,HUN,2014,96.46964263916016,96.40702056884766,96.5286865234375
Hungary,HUN,2015,96.95034790039062,96.9325180053711,96.96719360351562
Hungary,HUN,2016,98.59475708007812,98.40878295898438,98.77071380615234
Hungary,HUN,2017,105.05003356933594,104.87696075439453,105.2140884399414
Hungary,HUN,2018,98.84925079345703,99.73872375488281,98.00428009033203
Hungary,HUN,2019,95.60597229003906,95.8142318725586,95.40778350830078
Iceland,ISL,1998,89.40071105957031,93.48455810546875,85.5245132446289
Iceland,ISL,1999,90.49762725830078,90.56878662109375,90.42996215820312
Iceland,ISL,2000,99.78250122070312,96.18623352050781,103.20906066894531
Iceland,ISL,2001,111.93042755126953,109.12281036376953,114.6142807006836
Iceland,ISL,2002,106.06060791015625,105.8995590209961,106.21495056152344
Iceland,ISL,2003,109.35780334472656,109.3720703125,109.3441162109375
Iceland,ISL,2004,98.46871185302734,97.55101776123047,99.34810638427734
Iceland,ISL,2005,98.52311706542969,96.3222427368164,100.62814331054688
Iceland,ISL,2006,96.78497314453125,98.71739959716797,94.94084167480469
Iceland,ISL,2007,94.98313903808594,94.9870376586914,94.97942352294922
Iceland,ISL,2008,94.78128814697266,94.71814727783203,94.84143829345703
Iceland,ISL,2009,98.98027038574219,98.45664978027344,99.48007202148438
Iceland,ISL,2010,98.02002716064453,97.06839752197266,98.93096160888672
Iceland,ISL,2011,99.8600082397461,99.14366912841797,100.54945373535156
Iceland,ISL,2012,98.1638412475586,101.91663360595703,94.5395736694336
Iceland,ISL,2013,102.47350311279297,102.58496856689453,102.36549377441406
Iceland,ISL,2014,98.0610122680664,96.59635925292969,99.48670196533203
Iceland,ISL,2015,96.57388305664062,96.97115325927734,96.18463897705078
Iceland,ISL,2016,99.95250701904297,100.43144989013672,99.48235321044922
Iceland,ISL,2017,101.84149169921875,101.1820297241211,102.48275756835938
Iceland,ISL,2018,99.20509338378906,97.68089294433594,100.66755676269531
Iceland,ISL,2019,100.97604370117188,100.86599731445312,101.08038330078125
India,IND,1971,39.45016860961914,27.456180572509766,50.534141540527344
India,IND,1974,41.447349548339844,29.091819763183594,52.896881103515625
India,IND,1987,62.97386169433594,50.137481689453125,74.87496948242188
India,IND,1988,64.33193969726562,51.703121185302734,76.024169921875
India,IND,1995,71.5478286743164,62.14894104003906,80.09362030029297
India,IND,1999,68.65772247314453,60.90639877319336,75.6784896850586
India,IND,2000,71.4861068725586,63.95323944091797,78.2940902709961
India,IND,2001,72.16954040527344,65.86762237548828,77.84519958496094
India,IND,2002,75.56006622314453,69.34667205810547,81.13886260986328
India,IND,2003,80.04438018798828,77.68704986572266,82.1553726196289
India,IND,2008,94.75758361816406,95.52464294433594,94.07459259033203
India,IND,2009,95.74629211425781,97.01264190673828,94.6190185546875
India,IND,2011,92.76335906982422,93.60028839111328,92.01905059814453
India,IND,2013,96.20088958740234,99.31997680664062,93.42687225341797
India,IND,2014,97.57112121582031,100.38777160644531,95.06369018554688
India,IND,2015,97.71131896972656,100.42208862304688,95.29267120361328
India,IND,2016,96.23069763183594,98.50704956054688,94.19248962402344
India,IND,2017,94.37374877929688,96.29248809814453,92.6502914428711
India,IND,2019,91.66149139404297,93.26248168945312,90.21476745605469
India,IND,2020,94.55912780761719,96.06517791748047,93.19596862792969
Indonesia,IDN,1972,51.909751892089844,,
Indonesia,IDN,1973,53.095211029052734,,
Indonesia,IDN,1974,50.92945098876953,,
Indonesia,IDN,1975,49.31275939941406,,
Indonesia,IDN,1976,48.77811813354492,,
Indonesia,IDN,1977,53.31087112426758,,
Indonesia,IDN,1978,56.08176040649414,,
Indonesia,IDN,1981,65.46832275390625,,
Indonesia,IDN,1982,70.01609802246094,,
Indonesia,IDN,1983,75.2002182006836,,
Indonesia,IDN,1984,84.66932678222656,,
Indonesia,IDN,1985,94.16758728027344,,
Indonesia,IDN,1986,96.57727813720703,,
Indonesia,IDN,1987,95.82688903808594,,
Indonesia,IDN,1988,95.9659423828125,,
Indonesia,IDN,1989,96.16068267822266,,
Indonesia,IDN,1990,93.31404876708984,,
Indonesia,IDN,1991,90.2677230834961,,
Indonesia,IDN,1992,88.692138671875,,
Indonesia,IDN,1993,92.12132263183594,,
Indonesia,IDN,1994,94.56243133544922,,
Indonesia,IDN,1995,94.49137878417969,95.29531860351562,93.71160888671875
Indonesia,IDN,1996,93.49292755126953,93.94422149658203,93.05480194091797
Indonesia,IDN,1997,94.11903381347656,92.3326187133789,95.85399627685547
Indonesia,IDN,2001,93.75627136230469,94.1674575805664,93.35778045654297
Indonesia,IDN,2002,95.05402374267578,95.38433837890625,94.73410034179688
Indonesia,IDN,2003,95.65924072265625,95.6805191040039,95.63865661621094
Indonesia,IDN,2004,95.595703125,96.35920715332031,94.85883331298828
Indonesia,IDN,2005,94.2734375,95.08203887939453,93.4954605102539
Indonesia,IDN,2006,92.56089782714844,93.03598022460938,92.10516357421875
Indonesia,IDN,2007,96.64581298828125,95.91323852539062,97.34883880615234
Indonesia,IDN,2008,96.69259643554688,96.36197662353516,97.00982666015625
Indonesia,IDN,2009,98.54908752441406,99.37239837646484,97.76071166992188
Indonesia,IDN,2010,100.5890884399414,,
Indonesia,IDN,2012,103.09825897216797,104.61910247802734,101.6561279296875
Indonesia,IDN,2013,101.1456298828125,102.72029876708984,99.65628051757812
Indonesia,IDN,2014,103.45153045654297,100.54795837402344,106.19322204589844
Indonesia,IDN,2017,100.82592010498047,100.19381713867188,101.42154693603516
Indonesia,IDN,2018,102.3348388671875,101.63944244384766,102.99028015136719
Iran,IRN,1971,50.132720947265625,35.817039489746094,63.5553092956543
Iran,IRN,1984,77.6652603149414,,
Iran,IRN,1985,80.46021270751953,,
Iran,IRN,1986,80.7725601196289,,
Iran,IRN,1987,80.72049713134766,71.03605651855469,89.86942291259766
Iran,IRN,1988,81.0716781616211,73.23088073730469,88.47025299072266
Iran,IRN,1989,81.55464935302734,74.7081069946289,88.00071716308594
Iran,IRN,1990,84.2276382446289,78.44365692138672,89.68441772460938
Iran,IRN,1991,87.3680191040039,81.55785369873047,92.88807678222656
Iran,IRN,1992,90.38455963134766,84.95140075683594,95.59010314941406
Iran,IRN,1993,95.68232727050781,90.51325225830078,100.67073059082031
Iran,IRN,1994,93.91754913330078,89.78150939941406,97.93070220947266
Iran,IRN,1995,97.69940185546875,94.0256118774414,101.26717376708984
Iran,IRN,1997,95.00148010253906,92.2223892211914,97.68295288085938
Iran,IRN,2000,90.71710205078125,88.5286636352539,92.81842041015625
Iran,IRN,2001,95.96118927001953,93.6698989868164,98.16275024414062
Iran,IRN,2002,97.4655990600586,95.04685974121094,99.79029846191406
Iran,IRN,2003,94.36322784423828,90.13160705566406,98.4327621459961
Iran,IRN,2004,104.55623626708984,106.34757232666016,102.83125305175781
Iran,IRN,2005,106.15254974365234,110.27555084228516,102.17693328857422
Iran,IRN,2006,96.41342163085938,94.5422592163086,98.21964263916016
Iran,IRN,2007,92.16934204101562,90.88420104980469,93.40991973876953
Iran,IRN,2008,94.42534637451172,93.36032104492188,95.45258331298828
Iran,IRN,2009,98.14305877685547,97.21932220458984,99.0322265625
Iran,IRN,2010,99.45252990722656,98.49613952636719,100.37156677246094
Iran,IRN,2011,98.78840637207031,97.85208129882812,99.6872329711914
Iran,IRN,2012,97.20738983154297,96.31893920898438,98.06231689453125
Iran,IRN,2015,98.30149841308594,97.54351043701172,99.02394104003906
Iran,IRN,2016,100.2643814086914,100.6052474975586,99.94046020507812
Iran,IRN,2017,99.43878936767578,99.08995056152344,99.7702865600586
Iraq,IRQ,1971,40.54576873779297,21.039470672607422,59.14828872680664
Iraq,IRQ,1972,39.684600830078125,21.282350540161133,57.24776077270508
Iraq,IRQ,1973,42.74599075317383,23.194669723510742,61.402870178222656
Iraq,IRQ,1974,43.537479400634766,23.66904067993164,62.48542022705078
Iraq,IRQ,1975,51.381439208984375,27.654369354248047,73.99053955078125
Iraq,IRQ,1976,51.73236846923828,28.839040756225586,73.52268981933594
Iraq,IRQ,1977,64.94976806640625,37.434391021728516,91.09191131591797
Iraq,IRQ,1978,66.17466735839844,41.81740951538086,89.2718276977539
Iraq,IRQ,1980,73.24382019042969,53.25619125366211,92.16182708740234
Iraq,IRQ,1983,56.71797180175781,48.61069107055664,64.41763305664062
Iraq,IRQ,1985,65.14035034179688,58.563011169433594,71.38091278076172
Iraq,IRQ,1986,63.9911003112793,57.13084030151367,70.4908218383789
Iraq,IRQ,1987,58.104549407958984,53.407630920410156,62.56045150756836
Iraq,IRQ,1988,60.871490478515625,58.08652114868164,63.51382064819336
Iraq,IRQ,1989,59.1868896484375,53.676780700683594,64.41072845458984
Iraq,IRQ,1993,59.67451095581055,54.25273132324219,64.8138427734375
Iraq,IRQ,1999,57.31986999511719,51.33079147338867,63.00490951538086
Iraq,IRQ,2000,56.27177810668945,50.59043884277344,61.662498474121094
Iraq,IRQ,2004,79.61644744873047,68.14900970458984,90.43084716796875
Iraq,IRQ,2007,66.9970703125,56.962581634521484,76.47798156738281
Ireland,IRL,1992,100.66680908203125,100.60009765625,100.73007202148438
Ireland,IRL,1993,101.02786254882812,101.24835205078125,100.81880187988281
Ireland,IRL,1994,98.89147186279297,99.22480773925781,98.57562255859375
Ireland,IRL,1995,97.7992172241211,98.2980728149414,97.32698822021484
Ireland,IRL,1998,92.45108032226562,93.29676055908203,91.64938354492188
Ireland,IRL,1999,96.4492416381836,97.69889831542969,95.27464294433594
Ireland,IRL,2000,96.6412124633789,96.45503997802734,96.82013702392578
Ireland,IRL,2001,94.71307373046875,94.97606658935547,94.46002960205078
Ireland,IRL,2002,94.96613311767578,95.0243911743164,94.91026306152344
Ireland,IRL,2003,94.87361907958984,95.333740234375,94.44032287597656
Ireland,IRL,2004,95.5203628540039,96.78711700439453,94.31314086914062
Ireland,IRL,2005,94.95694732666016,95.54776763916016,94.39800262451172
Ireland,IRL,2013,97.81537628173828,99.51770782470703,96.2015609741211
Ireland,IRL,2014,99.83773040771484,100.5870590209961,99.11994171142578
Ireland,IRL,2015,98.70777893066406,99.31555938720703,98.12384796142578
Ireland,IRL,2016,99.69187927246094,100.43134307861328,98.98605346679688
Ireland,IRL,2017,98.2880630493164,99.41789245605469,97.22675323486328
Ireland,IRL,2018,97.32833862304688,97.20471954345703,97.44635772705078
Ireland,IRL,2019,100.63231658935547,102.42154693603516,98.938720703125
Israel,ISR,2002,105.72187042236328,105.63130950927734,105.8083724975586
Israel,ISR,2003,105.79344940185547,105.82389068603516,105.76441192626953
Israel,ISR,2004,109.4273910522461,109.95890045166016,108.92138671875
Israel,ISR,2005,105.37899780273438,105.4520263671875,105.30963897705078
Israel,ISR,2006,103.94824981689453,104.50627136230469,103.41905975341797
Israel,ISR,2007,104.74735260009766,106.17606353759766,103.39356231689453
Israel,ISR,2008,101.45564270019531,102.00959777832031,100.93094635009766
Israel,ISR,2009,104.58455657958984,105.70848846435547,103.52001953125
Israel,ISR,2010,102.82707977294922,103.429931640625,102.25592041015625
Israel,ISR,2011,102.11888122558594,102.54721069335938,101.71302795410156
Israel,ISR,2012,107.08470916748047,108.03433990478516,106.18463134765625
Israel,ISR,2013,102.85440826416016,103.28632354736328,102.44500732421875
Israel,ISR,2014,103.63819885253906,104.16265869140625,103.14115905761719
Israel,ISR,2015,110.0570297241211,111.44184112548828,108.74508666992188
Israel,ISR,2016,103.57875061035156,103.79759979248047,103.37158203125
Israel,ISR,2017,105.55796813964844,106.37435150146484,104.78501892089844
Israel,ISR,2018,102.43975067138672,102.822509765625,102.07731628417969
Israel,ISR,2019,101.97083282470703,102.21885681152344,101.7359390258789
Italy,ITA,1971,97.30622100830078,97.20716857910156,97.40072631835938
Italy,ITA,1972,99.33643341064453,99.47239685058594,99.20673370361328
Italy,ITA,1973,99.12879943847656,99.39100646972656,98.87883758544922
Italy,ITA,1974,100.30769348144531,100.41918182373047,100.20147705078125
Italy,ITA,1975,107.96617889404297,108.05462646484375,107.88192749023438
Italy,ITA,1976,106.09722900390625,106.16419982910156,106.03343200683594
Italy,ITA,1977,105.52726745605469,105.6789321899414,105.38269805908203
Italy,ITA,1978,102.56433868408203,102.59912109375,102.53117370605469
Italy,ITA,1979,102.05673217773438,101.69210815429688,102.40447235107422
Italy,ITA,1980,103.54486083984375,103.5091323852539,103.57891082763672
Italy,ITA,1981,100.50782012939453,100.39994812011719,100.6104965209961
Italy,ITA,1982,101.03901672363281,101.19405364990234,100.89143371582031
Italy,ITA,1983,100.12554931640625,100.04322052001953,100.20391082763672
Italy,ITA,1984,100.1170883178711,100.3595199584961,99.88642883300781
Italy,ITA,1985,102.22537994384766,102.24098205566406,102.21054077148438
Italy,ITA,1986,101.75370788574219,101.92899322509766,101.5869369506836
Italy,ITA,1987,100.4072494506836,99.82344818115234,100.962646484375
Italy,ITA,1988,99.84171295166016,99.76728820800781,99.9124984741211
Italy,ITA,1989,100.1887435913086,100.2454605102539,100.1347885131836
Italy,ITA,1990,100.6820068359375,100.7467269897461,100.6204833984375
Italy,ITA,1991,97.96190643310547,97.84356689453125,98.07433319091797
Italy,ITA,1992,98.43389892578125,98.74226379394531,98.14122772216797
Italy,ITA,1994,99.67603302001953,101.85948944091797,97.60839080810547
Italy,ITA,1995,98.34761047363281,97.6172103881836,99.03875732421875
Italy,ITA,1996,99.06497192382812,98.8004379272461,99.31523132324219
Italy,ITA,1997,95.80625915527344,95.69084930419922,95.91545104980469
Italy,ITA,1999,100.71363830566406,100.28217315673828,101.12223815917969
Italy,ITA,2000,101.744873046875,101.84284210205078,101.65204620361328
Italy,ITA,2001,104.91227722167969,104.70603942871094,105.10774993896484
Italy,ITA,2002,103.36187744140625,103.02277374267578,103.68348693847656
Italy,ITA,2003,103.70880889892578,103.3520736694336,104.047119140625
Italy,ITA,2004,102.13256072998047,101.93492889404297,102.31990051269531
Italy,ITA,2005,100.30555725097656,99.90355682373047,100.68653869628906
Italy,ITA,2006,100.41951751708984,99.75511169433594,101.04942321777344
Italy,ITA,2007,102.36106872558594,101.78524017333984,102.90599822998047
Italy,ITA,2008,105.73236846923828,105.55998992919922,105.89543914794922
Italy,ITA,2009,103.60318756103516,102.78247833251953,104.37979125976562
Italy,ITA,2010,104.20580291748047,103.84725189208984,104.54508209228516
Italy,ITA,2011,105.36386108398438,104.62268829345703,106.06443786621094
Italy,ITA,2012,101.41619110107422,101.1965103149414,101.62332916259766
Italy,ITA,2013,100.35932922363281,100.54049682617188,100.18872833251953
Italy,ITA,2014,100.11273956298828,100.11498260498047,100.1106185913086
Italy,ITA,2015,99.8095474243164,100.05323028564453,99.58042907714844
Italy,ITA,2016,97.74971008300781,97.47013854980469,98.0123062133789
Italy,ITA,2017,98.81697845458984,98.7448501586914,98.88485717773438
Italy,ITA,2018,97.64672088623047,97.45059204101562,97.83162689208984
Italy,ITA,2019,97.636962890625,97.38958740234375,97.8704605102539
Jamaica,JAM,1976,79.7354736328125,84.50647735595703,75.03672790527344
Jamaica,JAM,1977,81.52940368652344,86.57240295410156,76.56726837158203
Jamaica,JAM,1979,87.6729736328125,93.48828887939453,82.01753997802734
Jamaica,JAM,1980,85.01109313964844,89.48474884033203,80.69831848144531
Jamaica,JAM,1981,86.2503662109375,92.14086151123047,80.60034942626953
Jamaica,JAM,1984,88.89234161376953,93.29093170166016,84.6557388305664
Jamaica,JAM,1985,85.54231262207031,,
Jamaica,JAM,1986,86.53724670410156,,
Jamaica,JAM,1987,90.00505065917969,93.50630187988281,86.61222076416016
Jamaica,JAM,1988,92.13092803955078,96.18135070800781,88.18595886230469
Jamaica,JAM,1989,94.78019714355469,98.78063201904297,90.86363983154297
Jamaica,JAM,1990,95.3073501586914,98.75821685791016,91.91426849365234
Jamaica,JAM,1991,92.41129302978516,96.4263916015625,88.4522933959961
Jamaica,JAM,1993,88.88420104980469,91.51766204833984,86.28131103515625
Jamaica,JAM,2000,86.36894989013672,88.99324798583984,83.78504180908203
Jamaica,JAM,2001,80.85037994384766,84.07156372070312,77.68929290771484
Jamaica,JAM,2002,86.67449951171875,89.87020874023438,83.58888244628906
Jamaica,JAM,2004,86.59800720214844,88.24040985107422,85.02803039550781
Jamaica,JAM,2007,85.98454284667969,87.88063049316406,84.17098999023438
Jamaica,JAM,2013,81.38192749023438,81.93244171142578,80.8569564819336
Jamaica,JAM,2014,79.51925659179688,79.66397094726562,79.3812026977539
Jamaica,JAM,2015,79.25955963134766,79.72270202636719,78.81716918945312
Jamaica,JAM,2016,79.695068359375,79.55280303955078,79.83139038085938
Jamaica,JAM,2017,80.92993927001953,81.64148712158203,80.24501037597656
Jamaica,JAM,2018,78.8902587890625,78.36814880371094,79.39476013183594
Jamaica,JAM,2019,76.9197006225586,76.53043365478516,77.29731750488281
Japan,JPN,1971,103.63153839111328,104.01521301269531,103.26644134521484
Japan,JPN,1972,99.79820251464844,100.15560150146484,99.45841217041016
Japan,JPN,1973,97.84320831298828,98.2259292602539,97.47956085205078
Japan,JPN,1974,97.53379821777344,97.76934814453125,97.31009674072266
Japan,JPN,1975,97.64830017089844,97.99359893798828,97.32044219970703
Japan,JPN,1976,97.93121337890625,98.0943374633789,97.77625274658203
Japan,JPN,1977,101.89080810546875,102.13970947265625,101.65406036376953
Japan,JPN,1978,97.56365203857422,97.78800201416016,97.35005950927734
Japan,JPN,1979,89.06778717041016,88.96351623535156,89.16712951660156
Japan,JPN,1980,103.75396728515625,103.74529266357422,103.76225280761719
Japan,JPN,1981,102.17330169677734,101.97969818115234,102.35782623291016
Japan,JPN,1982,97.90489196777344,97.78096008300781,98.02291107177734
Japan,JPN,1983,97.37651062011719,97.33824157714844,97.41294860839844
Japan,JPN,1984,98.00984954833984,97.99772644042969,98.02137756347656
Japan,JPN,1985,98.38835906982422,98.46125793457031,98.31903076171875
Japan,JPN,1986,100.40374755859375,100.5241470336914,100.28925323486328
Japan,JPN,1987,101.71888732910156,101.8031234741211,101.6388168334961
Japan,JPN,1988,99.81816864013672,99.98394775390625,99.66060638427734
Japan,JPN,1989,99.86284637451172,99.95880126953125,99.77168273925781
Japan,JPN,1990,102.22722625732422,102.40619659423828,102.05718231201172
Japan,JPN,1991,102.04898071289062,102.19574737548828,101.90957641601562
Japan,JPN,1992,99.82037353515625,99.9697036743164,99.67857360839844
Japan,JPN,1994,97.24729919433594,97.41300964355469,97.09001159667969
Japan,JPN,1998,99.9556884765625,100.13641357421875,99.78428649902344
Japan,JPN,1999,99.13716888427734,99.3558578491211,98.92974090576172
Jordan,JOR,1972,67.28333282470703,57.43246078491211,76.30812072753906
Jordan,JOR,1973,73.53260040283203,63.4798698425293,82.81529998779297
Jordan,JOR,1974,85.66226959228516,74.66966247558594,95.88420104980469
Jordan,JOR,1975,95.49536895751953,85.58882904052734,104.74624633789062
Jordan,JOR,1976,97.6232681274414,90.53050994873047,104.24581146240234
Jordan,JOR,1977,97.719482421875,91.7326431274414,103.23055267333984
Jordan,JOR,1978,99.44281768798828,95.66085815429688,102.88585662841797
Jordan,JOR,1979,98.43753051757812,94.55518341064453,101.94509887695312
Jordan,JOR,1980,98.79959106445312,96.10346984863281,101.22122192382812
Jordan,JOR,1981,95.68183898925781,93.92691040039062,97.24849700927734
Jordan,JOR,1982,94.2359619140625,93.8958969116211,94.53594207763672
Jordan,JOR,1983,90.35392761230469,91.50501251220703,89.34484100341797
Jordan,JOR,1984,93.33901977539062,95.27799987792969,91.6415786743164
Jordan,JOR,1985,93.78093719482422,96.22241973876953,91.63700866699219
Jordan,JOR,1987,85.07441711425781,86.83930969238281,83.49830627441406
Jordan,JOR,1988,87.25798034667969,87.70751190185547,86.85169219970703
Jordan,JOR,1989,88.8545913696289,88.88500213623047,88.82672119140625
Jordan,JOR,1990,91.79074096679688,92.19744873046875,91.4139175415039
Jordan,JOR,1991,93.80541229248047,94.39756774902344,93.25420379638672
Jordan,JOR,1992,93.9002685546875,94.04106140136719,93.76905059814453
Jordan,JOR,1993,92.70995330810547,93.69483184814453,91.79029846191406
Jordan,JOR,1994,95.44355773925781,95.51812744140625,95.373779296875
Jordan,JOR,1996,91.69711303710938,92.73108673095703,90.72309112548828
Jordan,JOR,1999,92.08968353271484,92.89147186279297,91.33590698242188
Jordan,JOR,2000,94.46649932861328,95.81932830810547,93.19352722167969
Jordan,JOR,2002,90.38475036621094,90.4210433959961,90.35050964355469
Jordan,JOR,2003,92.94632720947266,93.16590118408203,92.73883056640625
Jordan,JOR,2004,93.22077178955078,93.09214782714844,93.34246063232422
Jordan,JOR,2005,96.1614990234375,96.6973876953125,95.65364837646484
Jordan,JOR,2006,93.6727294921875,94.8007583618164,92.60144805908203
Jordan,JOR,2007,96.56778717041016,96.7081069946289,96.43412017822266
Jordan,JOR,2008,94.69017028808594,94.350830078125,95.0147476196289
Jordan,JOR,2011,77.2493896484375,76.53875732421875,77.93769073486328
Jordan,JOR,2013,73.82997131347656,72.90828704833984,74.72901916503906
Jordan,JOR,2014,75.16387176513672,74.52678680419922,75.78665924072266
Jordan,JOR,2016,72.06588745117188,72.09249114990234,72.0398178100586
Jordan,JOR,2017,71.33763885498047,71.0716781616211,71.5982894897461
Jordan,JOR,2018,72.70050811767578,72.23632049560547,73.15522766113281
Jordan,JOR,2019,81.67272186279297,81.53488159179688,81.80763244628906
Jordan,JOR,2020,81.60356903076172,81.45368194580078,81.7500228881836
Kazakhstan,KAZ,1994,106.47036743164062,108.94570922851562,104.10648345947266
Kazakhstan,KAZ,1995,102.35479736328125,104.01329803466797,100.77213287353516
Kazakhstan,KAZ,1997,100.26808166503906,,
Kazakhstan,KAZ,1998,96.3485336303711,,
Kazakhstan,KAZ,2000,93.19255828857422,93.0895004272461,93.29283905029297
Kazakhstan,KAZ,2001,95.47870635986328,94.85614013671875,96.08056640625
Kazakhstan,KAZ,2002,96.79334259033203,96.5485610961914,97.02973937988281
Kazakhstan,KAZ,2003,98.02690124511719,97.72038269042969,98.32160949707031
Kazakhstan,KAZ,2004,104.86485290527344,104.99535369873047,104.74018859863281
Kazakhstan,KAZ,2005,105.76200103759766,105.73594665527344,105.78679656982422
Kazakhstan,KAZ,2006,101.84857940673828,101.95865631103516,101.74353790283203
Kazakhstan,KAZ,2007,98.35679626464844,98.43852233886719,98.27861022949219
Kazakhstan,KAZ,2008,102.45079040527344,102.64214324951172,102.2676773071289
Kazakhstan,KAZ,2009,104.11331176757812,103.86842346191406,104.34725189208984
Kazakhstan,KAZ,2010,107.44879150390625,107.8313217163086,107.0842514038086
Kazakhstan,KAZ,2011,114.14058685302734,114.33808135986328,113.95284271240234
Kazakhstan,KAZ,2012,107.51927947998047,108.18953704833984,106.88285827636719
Kazakhstan,KAZ,2013,109.3172607421875,109.7553482055664,108.90078735351562
Kazakhstan,KAZ,2014,115.15438842773438,115.17179870605469,115.13780975341797
Kazakhstan,KAZ,2015,114.27252960205078,114.3838882446289,114.16651153564453
Kazakhstan,KAZ,2016,110.29857635498047,110.0031967163086,110.57887268066406
Kazakhstan,KAZ,2017,109.65609741210938,110.26136016845703,109.08335876464844
Kazakhstan,KAZ,2018,110.38390350341797,111.66509246826172,109.1739730834961
Kazakhstan,KAZ,2019,106.37734985351562,106.95963287353516,105.82817077636719
Kazakhstan,KAZ,2020,102.00279998779297,101.44415283203125,102.53019714355469
Kenya,KEN,1970,47.942020416259766,37.05270004272461,58.91025924682617
Kenya,KEN,1971,50.156009674072266,39.798851013183594,60.59796142578125
Kenya,KEN,1972,53.376258850097656,43.113861083984375,63.72536087036133
Kenya,KEN,1973,55.0814208984375,45.80533981323242,64.4346694946289
Kenya,KEN,1975,60.02484130859375,,
Kenya,KEN,1976,62.11153030395508,,
Kenya,KEN,1977,66.43853759765625,59.15694046020508,73.76068878173828
Kenya,KEN,1978,67.67622375488281,61.34653854370117,74.03347778320312
Kenya,KEN,1979,88.30117797851562,,
Kenya,KEN,1980,84.85890197753906,80.18480682373047,89.54264068603516
Kenya,KEN,1981,83.25048065185547,79.72268676757812,86.78241729736328
Kenya,KEN,2004,86.32241821289062,84.55586242675781,88.08598327636719
Kenya,KEN,2005,86.94249725341797,85.60270690917969,88.2794418334961
Kenya,KEN,2014,97.20099639892578,97.89315032958984,96.51789093017578
Kenya,KEN,2015,99.14340209960938,99.64456939697266,98.64927673339844
Kenya,KEN,2016,99.67874145507812,100.0846176147461,99.2790298461914
Kiribati,KIR,1977,76.76702117919922,74.17655181884766,79.32379913330078
Kiribati,KIR,1978,85.85591888427734,86.28495025634766,85.43306732177734
Kiribati,KIR,1979,72.56461334228516,70.68273162841797,74.4094467163086
Kiribati,KIR,1980,84.53333282470703,84.05404663085938,85
Kiribati,KIR,1981,132.3450164794922,133.0150146484375,131.6910858154297
Kiribati,KIR,1982,122.85318756103516,122.82913208007812,122.876708984375
Kiribati,KIR,1983,129.1636962890625,130.5797119140625,127.78560638427734
Kiribati,KIR,1984,127.39521026611328,123.66412353515625,130.98385620117188
Kiribati,KIR,1985,127.53286743164062,123.80951690673828,131.07089233398438
Kiribati,KIR,1986,126.36363983154297,126.55280303955078,126.18343353271484
Kiribati,KIR,1987,110.17192077636719,113.4699935913086,107.01261901855469
Kiribati,KIR,1988,109.42623138427734,112.16783142089844,106.80908203125
Kiribati,KIR,1989,113.4765625,115.52877807617188,111.5335922241211
Kiribati,KIR,1990,102.30960845947266,105.5412368774414,99.27361297607422
Kiribati,KIR,1991,112.78787994384766,113.66459655761719,111.9526596069336
Kiribati,KIR,1992,111.66371154785156,107.35826110839844,115.81394958496094
Kiribati,KIR,1993,106.8469467163086,104.78971862792969,108.84353637695312
Kiribati,KIR,1994,108.5331802368164,,
Kiribati,KIR,1995,110.3187484741211,112.0350112915039,108.64460754394531
Kiribati,KIR,1996,121.1518325805664,121.4209976196289,120.88935089111328
Kiribati,KIR,1997,122.64630889892578,127.9792709350586,117.5
Kiribati,KIR,1999,106.5473403930664,106.1463394165039,106.92167663574219
Kiribati,KIR,2000,98.9781723022461,95.07245635986328,102.59391784667969
Kiribati,KIR,2001,117.16520690917969,118.00765991210938,116.38617706298828
Kiribati,KIR,2002,111.3051528930664,113.50575256347656,109.27561950683594
Kiribati,KIR,2003,119.62703704833984,117.12062072753906,121.93374633789062
Kiribati,KIR,2004,123.0660400390625,125.61576080322266,120.72398376464844
Kiribati,KIR,2005,122.92051696777344,120.80536651611328,124.88848876953125
Kiribati,KIR,2006,113.21244049072266,109.04254913330078,117.17172241210938
Kiribati,KIR,2007,118.30227661132812,101.01522827148438,134.87428283691406
Kiribati,KIR,2008,106.25,107.18953704833984,105.34590911865234
Kiribati,KIR,2014,113.1809310913086,118.02789306640625,108.55513000488281
Kiribati,KIR,2015,93.88810729980469,99.13710021972656,88.83763885498047
Kiribati,KIR,2016,100.86956787109375,103.17740631103516,98.62895965576172
Kiribati,KIR,2020,93.4303970336914,94.28778076171875,92.6029281616211
Kuwait,KWT,1971,61.27225875854492,56.27473068237305,65.90007019042969
Kuwait,KWT,1972,56.63850021362305,52.00400924682617,60.996978759765625
Kuwait,KWT,1973,54.417720794677734,46.805938720703125,61.723548889160156
Kuwait,KWT,1974,51.6816291809082,45.074581146240234,58.166648864746094
Kuwait,KWT,1975,60.58837890625,53.8430290222168,67.31407165527344
Kuwait,KWT,1976,83.13787841796875,75.9890365600586,90.25369262695312
Kuwait,KWT,1977,68.99791717529297,63.1826286315918,74.90062713623047
Kuwait,KWT,1978,74.75167083740234,68.97408294677734,80.60391998291016
Kuwait,KWT,1979,75.71219635009766,67.78797149658203,83.60624694824219
Kuwait,KWT,1980,81.88318634033203,77.07978820800781,86.5736312866211
Kuwait,KWT,1981,93.43303680419922,88.90574645996094,97.7992935180664
Kuwait,KWT,1982,91.41120147705078,88.22722625732422,94.39978790283203
Kuwait,KWT,1983,94.06117248535156,93.83048248291016,94.27559661865234
Kuwait,KWT,1984,94.9881591796875,96.08928680419922,93.9500503540039
Kuwait,KWT,1985,96.388427734375,95.24292755126953,97.5073013305664
Kuwait,KWT,1986,97.092529296875,93.89830780029297,100.3335189819336
Kuwait,KWT,1987,97.21581268310547,92.68717193603516,101.8849105834961
Kuwait,KWT,1992,55.7830810546875,55.191749572753906,56.34600067138672
Kuwait,KWT,1994,78.39118194580078,80.40377807617188,76.54907989501953
Kuwait,KWT,1995,71.78057098388672,79.6840591430664,64.35407257080078
Kuwait,KWT,1996,101.2859115600586,100.79563903808594,101.7697525024414
Kuwait,KWT,1997,99.95968627929688,97.19393920898438,102.8573226928711
Kuwait,KWT,1999,100.66996002197266,94.26692962646484,107.5666275024414
Kuwait,KWT,2000,99.54678344726562,97.93933868408203,101.16658782958984
Kuwait,KWT,2001,87.31302642822266,89.3787612915039,85.3944320678711
Kuwait,KWT,2002,93.39803314208984,96.6424789428711,90.54644775390625
Kuwait,KWT,2003,98.45880126953125,105.4962387084961,92.51805114746094
Kuwait,KWT,2004,100.6279296875,107.30596160888672,94.99595642089844
Kuwait,KWT,2005,111.69058990478516,114.33077239990234,109.44496154785156
Kuwait,KWT,2007,106.42440032958984,107.74681854248047,105.18240356445312
Kuwait,KWT,2010,97.45945739746094,96.29486083984375,98.5999984741211
Kuwait,KWT,2011,98.99492645263672,99.10028839111328,98.89311218261719
Kuwait,KWT,2012,97.88350677490234,97.87522888183594,97.89144897460938
Kuwait,KWT,2013,100,101.5040512084961,98.57778930664062
Kuwait,KWT,2016,100.5790023803711,104.26953125,97.23213195800781
Kuwait,KWT,2017,95.37188720703125,98.07499694824219,92.9757308959961
Kuwait,KWT,2018,91.81941223144531,97.54344940185547,86.93634796142578
Kuwait,KWT,2019,84.59255981445312,93.49935913085938,77.27924346923828
Kuwait,KWT,2020,83.89556121826172,91.81743621826172,77.52601623535156
Kyrgyzstan,KGZ,1995,103.77146911621094,,
Kyrgyzstan,KGZ,1996,100.09825134277344,,
Kyrgyzstan,KGZ,1999,93.82096862792969,93.8831787109375,93.7605972290039
Kyrgyzstan,KGZ,2000,93.64906311035156,93.21774291992188,94.06720733642578
Kyrgyzstan,KGZ,2001,93.55747985839844,92.65535736083984,94.4310302734375
Kyrgyzstan,KGZ,2002,93.72248840332031,92.35862731933594,95.04473876953125
Kyrgyzstan,KGZ,2003,90.65828704833984,90.11714935302734,91.18314361572266
Kyrgyzstan,KGZ,2004,92.86183166503906,92.9422607421875,92.78382873535156
Kyrgyzstan,KGZ,2005,97.62499237060547,97.56684875488281,97.6813735961914
Kyrgyzstan,KGZ,2006,101.51397705078125,101.37139129638672,101.65232849121094
Kyrgyzstan,KGZ,2007,97.08724212646484,96.09867858886719,98.04299926757812
Kyrgyzstan,KGZ,2008,95.51502227783203,94.85076141357422,96.15492248535156
Kyrgyzstan,KGZ,2009,98.01081085205078,98.1949691772461,97.83394622802734
Kyrgyzstan,KGZ,2010,97.0592269897461,97.05428314208984,97.0639877319336
Kyrgyzstan,KGZ,2011,95.32794189453125,95.0627212524414,95.58233642578125
Kyrgyzstan,KGZ,2012,95.74697875976562,95.61018371582031,95.87841033935547
Kyrgyzstan,KGZ,2013,99.34651184082031,98.98663330078125,99.69258117675781
Kyrgyzstan,KGZ,2014,102.27265930175781,101.77104949951172,102.75521850585938
Kyrgyzstan,KGZ,2015,108.20036315917969,107.74533081054688,108.6381607055664
Kyrgyzstan,KGZ,2016,101.78587341308594,101.41361236572266,102.14395141601562
Kyrgyzstan,KGZ,2017,101.55686950683594,101.1781005859375,101.92111206054688
Kyrgyzstan,KGZ,2018,104.51628875732422,104.43910217285156,104.59049987792969
Kyrgyzstan,KGZ,2019,108.61537170410156,107.51463317871094,109.67289733886719
Kyrgyzstan,KGZ,2020,108.14180755615234,108.22161865234375,108.06523895263672
Laos,LAO,1988,41.98841094970703,,
Laos,LAO,1990,43.28926086425781,,
Laos,LAO,1992,40.383018493652344,35.57408142089844,45.04256057739258
Laos,LAO,1993,43.43988037109375,38.77077865600586,47.96731185913086
Laos,LAO,1994,48.54685974121094,42.25828170776367,54.64984893798828
Laos,LAO,1996,56.608699798583984,50.138710021972656,62.89371871948242
Laos,LAO,1997,59.5494499206543,52.441680908203125,66.4564208984375
Laos,LAO,1998,63.71025085449219,57.505638122558594,69.73892974853516
Laos,LAO,1999,69.00775146484375,62.5181884765625,75.31326293945312
Laos,LAO,2000,67.38773345947266,61.44512939453125,73.16748809814453
Laos,LAO,2001,67.54495239257812,62.4304313659668,72.53069305419922
Laos,LAO,2002,67.9886703491211,63.63505935668945,72.24227905273438
Laos,LAO,2003,67.47633361816406,63.12385940551758,71.7388916015625
Laos,LAO,2004,67.82991790771484,63.28068923950195,72.29429626464844
Laos,LAO,2005,70.16239929199219,65.56964874267578,74.673828125
Laos,LAO,2006,73.94615173339844,68.28617858886719,79.50328063964844
Laos,LAO,2007,76.45172119140625,71.31549835205078,81.49874877929688
Laos,LAO,2008,78.75923919677734,74.20134735107422,83.23824310302734
Laos,LAO,2009,81.76178741455078,77.0440902709961,86.3935317993164
Laos,LAO,2010,85.67514038085938,82.15528869628906,89.1238784790039
Laos,LAO,2011,91.37177276611328,88.06243896484375,94.60395812988281
Laos,LAO,2012,95.03047943115234,92.59841918945312,97.4046630859375
Laos,LAO,2013,99.32383728027344,97.26261138916016,101.33228302001953
Laos,LAO,2014,100.78592681884766,99.09387969970703,102.43065643310547
Laos,LAO,2015,101.01142120361328,99.3941879272461,102.58052825927734
Laos,LAO,2016,99.73226928710938,98.3560562133789,101.06671905517578
Laos,LAO,2017,101.3968734741211,100.69194030761719,102.0784912109375
Laos,LAO,2018,97.8900375366211,97.11763000488281,98.63583374023438
Laos,LAO,2019,92.16832733154297,92.03929901123047,92.2928466796875
Laos,LAO,2020,89.02874755859375,88.46627807617188,89.57160186767578
Latin America and Caribbean,,1970,79.4890365600586,78.21843719482422,80.7406005859375
Latin America and Caribbean,,1971,80.16893005371094,80.71430206298828,79.63455963134766
Latin America and Caribbean,,1972,80.55648040771484,81.20233154296875,79.9256591796875
Latin America and Caribbean,,1973,81.49836730957031,82.18440246582031,80.82660675048828
Latin America and Caribbean,,1974,82.02166748046875,82.67328643798828,81.38289642333984
Latin America and Caribbean,,1975,82.66055297851562,83.29969787597656,82.03350067138672
Latin America and Caribbean,,1976,83.98016357421875,84.57852935791016,83.39324188232422
Latin America and Caribbean,,1977,86.04743194580078,86.69109344482422,85.4172134399414
Latin America and Caribbean,,1978,86.35083770751953,87.07125091552734,85.64640045166016
Latin America and Caribbean,,1979,87.18248748779297,87.75713348388672,86.62007141113281
Latin America and Caribbean,,1980,87.8496322631836,88.67539978027344,87.0444107055664
Latin America and Caribbean,,1981,88.48190307617188,89.2255630493164,87.75669860839844
Latin America and Caribbean,,1982,89.23632049560547,89.93772888183594,88.5506820678711
Latin America and Caribbean,,1983,90.47612762451172,91.16325378417969,89.8001708984375
Latin America and Caribbean,,1984,91.70265197753906,92.3955078125,91.01680755615234
Latin America and Caribbean,,1985,91.3584213256836,92.16584014892578,90.55892181396484
Latin America and Caribbean,,1986,92.2214584350586,92.53240966796875,91.91110229492188
Latin America and Caribbean,,1987,92.44674682617188,93.23934936523438,91.66728210449219
Latin America and Caribbean,,1988,92.30593872070312,93.25652313232422,91.37638854980469
Latin America and Caribbean,,1989,92.11524963378906,93.10774230957031,91.1495132446289
Latin America and Caribbean,,1990,92.00328826904297,93.88552856445312,90.17505645751953
Latin America and Caribbean,,1991,92.17965698242188,93.21717834472656,91.17559051513672
Latin America and Caribbean,,1992,93.44349670410156,95.12261962890625,91.81185913085938
Latin America and Caribbean,,1993,93.89505004882812,95.3124008178711,92.51872253417969
Latin America and Caribbean,,1994,94.30235290527344,95.60684967041016,93.03804016113281
Latin America and Caribbean,,1995,94.64845275878906,95.84944152832031,93.48757934570312
Latin America and Caribbean,,1996,95.04338836669922,96.22783660888672,93.8995132446289
Latin America and Caribbean,,1997,95.78849792480469,96.76702880859375,94.84362030029297
Latin America and Caribbean,,1998,96.74092102050781,97.24198913574219,96.25936889648438
Latin America and Caribbean,,1999,96.94815063476562,97.38435363769531,96.5291519165039
Latin America and Caribbean,,2000,97.79399108886719,98.25109100341797,97.35646057128906
Latin America and Caribbean,,2001,97.4859390258789,98.14555358886719,96.85002136230469
Latin America and Caribbean,,2002,99.35108184814453,100.16134643554688,98.57083892822266
Latin America and Caribbean,,2003,98.2297134399414,98.98133850097656,97.50592803955078
Latin America and Caribbean,,2004,96.20449829101562,96.99919891357422,95.43917846679688
Latin America and Caribbean,,2005,96.88700103759766,97.8427963256836,95.9660415649414
Latin America and Caribbean,,2006,98.03302001953125,98.99375915527344,97.109130859375
Latin America and Caribbean,,2007,99.08265686035156,100.09375762939453,98.1065902709961
Latin America and Caribbean,,2008,99.10428619384766,99.93977355957031,98.302490234375
Latin America and Caribbean,,2009,99.42439270019531,100.03913879394531,98.83307647705078
Latin America and Caribbean,,2010,99.83502197265625,100.3365707397461,99.35405731201172
Latin America and Caribbean,,2011,100.0599594116211,100.59587860107422,99.5483627319336
Latin America and Caribbean,,2012,100.7210922241211,101.31748962402344,100.1468734741211
Latin America and Caribbean,,2013,100.38980102539062,100.91780090332031,99.88387298583984
Latin America and Caribbean,,2014,100.71269989013672,101.11331939697266,100.32949829101562
Latin America and Caribbean,,2015,99.37342834472656,99.56913757324219,99.18720245361328
Latin America and Caribbean,,2016,99.11962127685547,99.2570571899414,98.9891586303711
Latin America and Caribbean,,2017,98.64655303955078,98.78243255615234,98.5041732788086
Latin America and Caribbean,,2018,98.05426025390625,98.17243194580078,97.91947174072266
Latin America and Caribbean,,2019,98.08473205566406,98.29325866699219,97.85610961914062
Latin America and Caribbean,,2020,98.30687713623047,98.59117889404297,98.035888671875
Latvia,LVA,1995,72.87877655029297,,
Latvia,LVA,1996,73.01529693603516,,
Latvia,LVA,1997,87.05333709716797,,
Latvia,LVA,1999,95.4751968383789,94.76183319091797,96.15962219238281
Latvia,LVA,2000,99.42994689941406,98.84652709960938,99.98358154296875
Latvia,LVA,2001,100.46698760986328,100.17198944091797,100.7528305053711
Latvia,LVA,2002,99.56717681884766,99.31806182861328,99.80756378173828
Latvia,LVA,2003,101.00830841064453,99.71334838867188,102.25657653808594
Latvia,LVA,2004,104.95696258544922,103.55754089355469,106.32369995117188
Latvia,LVA,2005,102.00334930419922,101.55332946777344,102.43334197998047
Latvia,LVA,2006,102.69387817382812,102.72525787353516,102.66439819335938
Latvia,LVA,2007,101.66496276855469,100,103.2597427368164
Latvia,LVA,2008,102.37861633300781,101.48980712890625,103.2120132446289
Latvia,LVA,2009,101.09027099609375,99.09040069580078,102.94966888427734
Latvia,LVA,2010,102.19275665283203,100.30441284179688,103.96354675292969
Latvia,LVA,2011,99.76600646972656,98.98338317871094,100.51522827148438
Latvia,LVA,2012,98.53286743164062,98.49459838867188,98.5692367553711
Latvia,LVA,2013,99.41632843017578,98.75627136230469,100.05258178710938
Latvia,LVA,2014,100.35784149169922,99.92059326171875,100.78279876708984
Latvia,LVA,2015,100.01094818115234,101.06717681884766,99.0074691772461
Latvia,LVA,2016,98.06009674072266,97.9887924194336,98.12654113769531
Latvia,LVA,2017,99.31181335449219,99.00700378417969,99.59776306152344
Latvia,LVA,2018,98.39913940429688,99.1960220336914,97.64386749267578
Latvia,LVA,2019,98.30753326416016,98.63890075683594,97.98906707763672
Lesotho,LSO,1971,32.26605987548828,,
Lesotho,LSO,1972,35.98149871826172,44.72032165527344,27.077510833740234
Lesotho,LSO,1973,39.970741271972656,51.276248931884766,28.45100975036621
Lesotho,LSO,1974,49.231788635253906,63.79154968261719,34.431640625
Lesotho,LSO,1975,51.80546951293945,67.65837097167969,35.7577018737793
Lesotho,LSO,1976,48.17280960083008,62.46628189086914,33.6781005859375
Lesotho,LSO,1977,44.05900955200195,57.98834991455078,29.939029693603516
Lesotho,LSO,1978,44.31985092163086,59.52425003051758,28.936790466308594
Lesotho,LSO,1979,44.88832092285156,60.579410552978516,29.040700912475586
Lesotho,LSO,1980,44.787540435791016,61.18505859375,28.236400604248047
Lesotho,LSO,1981,45.82088088989258,61.647789001464844,29.830080032348633
Lesotho,LSO,1982,46.12141036987305,61.84260940551758,30.242610931396484
Lesotho,LSO,1983,47.13330078125,61.762210845947266,32.3767204284668
Lesotho,LSO,1984,47.53144073486328,60.89793014526367,34.0778694152832
Lesotho,LSO,1985,47.466590881347656,60.43191146850586,34.44293975830078
Lesotho,LSO,1986,47.36981964111328,60.34907150268555,34.24504089355469
Lesotho,LSO,1987,49.550418853759766,63.63338851928711,35.217288970947266
Lesotho,LSO,1988,51.72296142578125,66.0943374633789,37.0573616027832
Lesotho,LSO,1989,51.84571075439453,65.79824829101562,37.66933822631836
Lesotho,LSO,1990,53.73876190185547,69.08973693847656,38.32189178466797
Lesotho,LSO,1991,54.20127868652344,69.55088806152344,38.73624038696289
Lesotho,LSO,1992,56.39112854003906,71.22763061523438,41.4822998046875
Lesotho,LSO,1993,56.088130950927734,70.3907470703125,41.782649993896484
Lesotho,LSO,1994,57.98223114013672,71.86576080322266,44.0992317199707
Lesotho,LSO,1995,61.24393081665039,73.5082015991211,48.88914108276367
Lesotho,LSO,1996,58.93796920776367,69.93385314941406,47.93547058105469
Lesotho,LSO,1997,58.30147933959961,69.2322006225586,47.38175964355469
Lesotho,LSO,1998,58.47270965576172,68.80856323242188,48.13264083862305
Lesotho,LSO,1999,57.506919860839844,65.86824035644531,49.145599365234375
Lesotho,LSO,2000,56.74876022338867,65.65836334228516,47.87041091918945
Lesotho,LSO,2001,59.65581130981445,68.17857360839844,51.14873123168945
Lesotho,LSO,2002,62.157798767089844,71.49884796142578,52.82141876220703
Lesotho,LSO,2003,65.57006072998047,74.79908752441406,56.3501091003418
Lesotho,LSO,2004,69.29904174804688,79.7488784790039,58.86479187011719
Lesotho,LSO,2005,65.79828643798828,77.06246948242188,54.54621124267578
Lesotho,LSO,2006,85.58231353759766,100.13597106933594,71.04100799560547
Lesotho,LSO,2007,82.58883666992188,94.58966064453125,70.58592987060547
Lesotho,LSO,2008,81.52989196777344,92.40113067626953,70.6344985961914
Lesotho,LSO,2009,83.2107162475586,94.89634704589844,71.46941375732422
Lesotho,LSO,2010,86.9931411743164,97.63804626464844,76.27252197265625
Lesotho,LSO,2011,85.57064819335938,94.87686920166016,76.22701263427734
Lesotho,LSO,2012,83.27728271484375,92.8306884765625,73.70854949951172
Lesotho,LSO,2013,82.98184967041016,93.13606262207031,72.82396697998047
Lesotho,LSO,2014,82.2304916381836,91.37523651123047,73.07554626464844
Lesotho,LSO,2015,81.75554656982422,90.72637939453125,72.74858856201172
Lesotho,LSO,2016,85.62885284423828,93.52546691894531,77.69143676757812
Liberia,LBR,1978,29.286579132080078,18.04446029663086,40.645660400390625
Liberia,LBR,2006,66.62625885009766,60.82991027832031,72.29570770263672
Liberia,LBR,2008,62.91722106933594,57.728511810302734,67.98710632324219
Liberia,LBR,2009,62.08823013305664,56.18782043457031,67.85073852539062
Liberia,LBR,2011,66.84977722167969,61.04032897949219,72.51122283935547
Liberia,LBR,2014,60.00973129272461,54.94628143310547,64.91605377197266
Liberia,LBR,2017,60.595401763916016,58.04248046875,63.06159973144531
Libya,LBY,1971,42.82278823852539,20.270320892333984,65.07804107666016
Libya,LBY,1972,77.03163146972656,42.31093978881836,111.19033813476562
Libya,LBY,1973,68.18631744384766,45.04690933227539,90.87763977050781
Libya,LBY,1974,83.76061248779297,59.03731155395508,107.93216705322266
Libya,LBY,1975,102.77098083496094,80.91062927246094,124.0893783569336
Libya,LBY,1976,96.73055267333984,77.556640625,115.39080047607422
Libya,LBY,1977,99.9463119506836,88.10664367675781,111.45571899414062
Libya,LBY,1978,97.82539367675781,88.26190948486328,107.12097930908203
Libya,LBY,1979,92.37561798095703,83.83331298828125,100.6756820678711
Libya,LBY,1980,85.32678985595703,78.82154846191406,91.63813781738281
Libya,LBY,1981,87.37724304199219,82.52572631835938,92.07154846191406
Libya,LBY,1983,93.56580352783203,88.00192260742188,98.94049072265625
Liechtenstein,LIE,2003,90.38902282714844,97.53694915771484,84.18802642822266
Liechtenstein,LIE,2004,109.02062225341797,103.86473083496094,114.91712951660156
Liechtenstein,LIE,2005,106.31067657470703,106.76329040527344,105.8536605834961
Liechtenstein,LIE,2006,101.78117370605469,109.13977813720703,95.16908264160156
Liechtenstein,LIE,2007,102.86975860595703,102.7272720336914,103.00428771972656
Liechtenstein,LIE,2008,103.64964294433594,101.44927978515625,105.8823471069336
Liechtenstein,LIE,2009,94.59458923339844,96.83258056640625,92.37667846679688
Liechtenstein,LIE,2010,111.0539779663086,106.63507080078125,116.29212951660156
Liechtenstein,LIE,2011,100.74256896972656,100.46083068847656,101.06951904296875
Liechtenstein,LIE,2012,102.23880767822266,98.97435760498047,105.31401062011719
Liechtenstein,LIE,2014,92.24806213378906,84.45596313476562,100
Liechtenstein,LIE,2015,105.74713134765625,112.5,99.44444274902344
Liechtenstein,LIE,2016,100.25189208984375,103.09278106689453,97.53694915771484
Liechtenstein,LIE,2017,90.43927764892578,84.77156829833984,96.31578826904297
Liechtenstein,LIE,2018,107.32984161376953,111.17021179199219,103.6082534790039
Liechtenstein,LIE,2019,94.45909881591797,95.45455169677734,93.59606170654297
Lithuania,LTU,1995,93.30351257324219,93.25341033935547,93.3518295288086
Lithuania,LTU,1996,97.65048217773438,97.78465270996094,97.52118682861328
Lithuania,LTU,1997,99.32897186279297,97.5707015991211,101.02104949951172
Lithuania,LTU,1999,101.05226135253906,99.74610137939453,102.31012725830078
Lithuania,LTU,2000,101.90319061279297,101.79447174072266,102.006591796875
Lithuania,LTU,2001,102.72062683105469,102.26937103271484,103.15509033203125
Lithuania,LTU,2002,102.5675277709961,102.43759155273438,102.69113159179688
Lithuania,LTU,2003,101.36676788330078,100.68186950683594,102.02989959716797
Lithuania,LTU,2004,103.25765991210938,102.537841796875,103.94209289550781
Lithuania,LTU,2005,102.04354095458984,101.61934661865234,102.44737243652344
Lithuania,LTU,2006,102.38198852539062,102.72817993164062,102.05355834960938
Lithuania,LTU,2007,104.21470642089844,103.87400817871094,104.54186248779297
Lithuania,LTU,2008,98.42682647705078,98.32919311523438,98.51912689208984
Lithuania,LTU,2009,99.0762710571289,97.97361755371094,100.10021209716797
Lithuania,LTU,2010,99.36398315429688,99.4632797241211,99.27044677734375
Lithuania,LTU,2011,99.0966567993164,97.77615356445312,100.3379898071289
Lithuania,LTU,2012,101.1034927368164,100.54853820800781,101.63672637939453
Lithuania,LTU,2013,101.38800048828125,101.4021224975586,101.37474822998047
Lithuania,LTU,2014,100.75016784667969,100.69390869140625,100.80294799804688
Lithuania,LTU,2015,100.73502349853516,100.72637176513672,100.74333190917969
Lithuania,LTU,2016,101.88997650146484,102.063720703125,101.72400665283203
Lithuania,LTU,2017,102.00115966796875,101.9060287475586,102.09313201904297
Lithuania,LTU,2018,104.28559875488281,104.46463775634766,104.11485290527344
Lithuania,LTU,2019,104.26026916503906,104.31407928466797,104.20918273925781
Low and middle income,,1970,69.28785705566406,,
Low and middle income,,1971,69.29866027832031,,
Low and middle income,,1972,69.63909912109375,63.9427604675293,75.07585906982422
Low and middle income,,1973,70.24037170410156,64.50090789794922,75.71890258789062
Low and middle income,,1974,70.50154876708984,64.7339096069336,76.00801086425781
Low and middle income,,1975,71.20503234863281,65.34597778320312,76.79926300048828
Low and middle income,,1976,71.93071746826172,66.06526184082031,77.53307342529297
Low and middle income,,1977,72.91825866699219,67.17404174804688,78.4091796875
Low and middle income,,1978,73.7596435546875,68.0179214477539,79.25035095214844
Low and middle income,,1979,74.54429626464844,68.90242767333984,79.9398193359375
Low and middle income,,1980,75.52900695800781,70.00286865234375,80.81324768066406
Low and middle income,,1981,76.4014892578125,70.87210845947266,81.68708038330078
Low and middle income,,1982,76.9845199584961,71.4507064819336,82.27088165283203
Low and middle income,,1983,77.59768676757812,72.10014343261719,82.8460464477539
Low and middle income,,1984,78.66616821289062,73.17793273925781,83.9032974243164
Low and middle income,,1985,79.11910247802734,73.6611099243164,84.32714080810547
Low and middle income,,1986,79.28196716308594,73.85398864746094,84.46341705322266
Low and middle income,,1987,79.13255310058594,73.74482727050781,84.27781677246094
Low and middle income,,1988,79.1386489868164,73.78923034667969,84.24579620361328
Low and middle income,,1989,78.71034240722656,73.4267578125,83.751953125
Low and middle income,,1990,78.97477722167969,73.87815856933594,83.83590698242188
Low and middle income,,1991,79.30329895019531,74.22968292236328,84.14205932617188
Low and middle income,,1992,78.78063201904297,73.921142578125,83.41454315185547
Low and middle income,,1993,79.65238189697266,74.89881134033203,84.1826400756836
Low and middle income,,1994,80.31926727294922,75.68797302246094,84.72853088378906
Low and middle income,,1995,79.70075225830078,75.25232696533203,83.92884826660156
Low and middle income,,1996,78.63990783691406,74.36939239501953,82.69671630859375
Low and middle income,,1997,78.2537612915039,74.13194274902344,82.16678619384766
Low and middle income,,1998,78.5576171875,74.63834381103516,82.27533721923828
Low and middle income,,1999,78.83837127685547,75.126953125,82.3534164428711
Low and middle income,,2000,79.95084381103516,76.39788055419922,83.31388854980469
Low and middle income,,2001,80.78234100341797,77.58384704589844,83.80130767822266
Low and middle income,,2002,81.49606323242188,78.28881072998047,84.52047729492188
Low and middle income,,2003,82.29087829589844,79.83289337158203,84.6043930053711
Low and middle income,,2004,82.8979721069336,80.62274932861328,85.03511047363281
Low and middle income,,2005,83.84455108642578,81.73161315917969,85.82232666015625
Low and middle income,,2006,84.35649871826172,82.4280776977539,86.15918731689453
Low and middle income,,2007,85.3718032836914,83.63726806640625,86.98780822753906
Low and middle income,,2008,87.14425659179688,85.68170928955078,88.5113296508789
Low and middle income,,2009,87.93403625488281,86.74220275878906,89.04451751708984
Low and middle income,,2010,87.68566131591797,86.59049224853516,88.70633697509766
Low and middle income,,2011,87.1972885131836,86.11414337158203,88.20783233642578
Low and middle income,,2012,87.9777603149414,87.39543151855469,88.51750946044922
Low and middle income,,2013,88.0854721069336,87.81881713867188,88.33328247070312
Low and middle income,,2014,87.79886627197266,87.40595245361328,88.16461944580078
Low and middle income,,2015,87.4334487915039,87.05357360839844,87.78746795654297
Low and middle income,,2016,87.72470092773438,87.41867065429688,88.0099105834961
Low and middle income,,2017,88.04891967773438,87.72489929199219,88.35050964355469
Low and middle income,,2018,88.3360595703125,87.93092346191406,88.71408081054688
Low and middle income,,2019,88.529541015625,88.20327758789062,88.83450317382812
Low and middle income,,2020,89.0899429321289,88.7086410522461,89.4466323852539
Low income,,1971,35.660438537597656,,
Low income,,1972,35.840850830078125,26.963390350341797,44.60240936279297
Low income,,1973,35.9740104675293,27.10379981994629,44.72732925415039
Low income,,1974,36.61214828491211,27.738929748535156,45.36503982543945
Low income,,1975,37.758819580078125,28.753660202026367,46.63705825805664
Low income,,1976,38.81113815307617,29.862060546875,47.62839889526367
Low income,,1977,40.11404037475586,31.108070373535156,48.99032974243164
Low income,,1978,41.383941650390625,32.23078155517578,50.40544891357422
Low income,,1979,42.012210845947266,32.875831604003906,51.01158142089844
Low income,,1980,42.4079704284668,33.244930267333984,51.424381256103516
Low income,,1981,43.364219665527344,34.195980072021484,52.3748893737793
Low income,,1982,43.77396011352539,34.625240325927734,52.76224899291992
Low income,,1983,43.473960876464844,35.104400634765625,51.6926383972168
Low income,,1984,43.81222152709961,35.891639709472656,51.586669921875
Low income,,1985,43.14397048950195,35.38648986816406,50.75556945800781
Low income,,1986,43.081260681152344,35.47649002075195,50.537559509277344
Low income,,1987,41.875579833984375,34.39002990722656,49.21651077270508
Low income,,1988,40.66524124145508,33.19001007080078,48.005611419677734
Low income,,1989,40.34144973754883,33.0815315246582,47.47626876831055
Low income,,1990,41.06705856323242,33.630149841308594,48.373538970947266
Low income,,1991,41.392791748046875,34.22285079956055,48.44173812866211
Low income,,1992,41.342681884765625,34.244300842285156,48.327449798583984
Low income,,1993,41.75796127319336,34.84540939331055,48.56153869628906
Low income,,1994,40.55033874511719,33.7217903137207,47.27075958251953
Low income,,1995,40.4111213684082,33.628719329833984,47.0797004699707
Low income,,1996,41.09849166870117,34.364898681640625,47.71393966674805
Low income,,1997,41.15184020996094,34.34442901611328,47.85186004638672
Low income,,1998,41.34458923339844,34.635921478271484,47.955448150634766
Low income,,1999,41.94255828857422,35.193599700927734,48.594139099121094
Low income,,2000,43.32183837890625,36.231910705566406,50.301788330078125
Low income,,2001,45.57175064086914,37.95549011230469,53.05852127075195
Low income,,2002,47.61164093017578,39.64479064941406,55.44301986694336
Low income,,2003,50.103660583496094,42.162288665771484,57.91299819946289
Low income,,2004,51.78871154785156,43.945430755615234,59.501380920410156
Low income,,2005,54.74089050292969,47.190120697021484,62.16645050048828
Low income,,2006,56.15140151977539,49.10559844970703,63.08222961425781
Low income,,2007,57.33488082885742,50.431549072265625,64.12287139892578
Low income,,2008,59.73147964477539,53.3474006652832,66.0028076171875
Low income,,2009,62.57489013671875,56.87099075317383,68.17317962646484
Low income,,2010,62.904090881347656,57.51607131958008,68.18977355957031
Low income,,2011,62.50630187988281,57.11027145385742,67.79878997802734
Low income,,2012,63.11824035644531,58.51879119873047,67.63023376464844
Low income,,2013,62.08074188232422,58.26496887207031,65.82415771484375
Low income,,2014,62.78633117675781,59.56367111206055,65.9481201171875
Low income,,2015,62.997501373291016,60.297401428222656,65.6461410522461
Low income,,2016,63.930511474609375,61.395931243896484,66.41605377197266
Low income,,2017,64.54369354248047,62.17837142944336,66.8629379272461
Low income,,2018,65.61726379394531,63.17232894897461,68.01428985595703
Low income,,2019,66.01277923583984,63.58414840698242,68.39383697509766
Low income,,2020,66.70735931396484,64.3048324584961,69.05917358398438
Lower middle income,,1970,50.630409240722656,41.946990966796875,58.845550537109375
Lower middle income,,1971,50.737510681152344,42.06719970703125,58.940120697021484
Lower middle income,,1972,50.95328140258789,42.250099182128906,59.191829681396484
Lower middle income,,1973,51.755218505859375,42.945228576660156,60.09893035888672
Lower middle income,,1974,51.869361877441406,43.0294189453125,60.24610137939453
Lower middle income,,1975,52.795509338378906,43.807838439941406,61.314208984375
Lower middle income,,1976,53.483219146728516,44.41326904296875,62.082828521728516
Lower middle income,,1977,54.40888977050781,45.55337142944336,62.80978012084961
Lower middle income,,1978,55.63235855102539,46.71126174926758,64.09896087646484
Lower middle income,,1979,56.47597885131836,47.74171829223633,64.76644134521484
Lower middle income,,1980,58.06277847290039,49.48548889160156,66.2051010131836
Lower middle income,,1981,59.77777862548828,51.18315887451172,67.93940734863281
Lower middle income,,1982,61.42396926879883,52.890159606933594,69.52896881103516
Lower middle income,,1983,63.119720458984375,54.609928131103516,71.20223236083984
Lower middle income,,1984,65.56783294677734,57.095481872558594,73.61518859863281
Lower middle income,,1985,67.19976043701172,58.799068450927734,75.18048858642578
Lower middle income,,1986,68.06915283203125,59.84231185913086,75.88739776611328
Lower middle income,,1987,68.91818237304688,60.766841888427734,76.66590118408203
Lower middle income,,1988,69.64408874511719,61.61772155761719,77.26564025878906
Lower middle income,,1989,70.18331909179688,62.37797927856445,77.58592987060547
Lower middle income,,1990,70.87641906738281,63.35771179199219,77.9999771118164
Lower middle income,,1991,71.35752868652344,64.07290649414062,78.25479888916016
Lower middle income,,1992,71.67342376708984,64.65038299560547,78.31807708740234
Lower middle income,,1993,72.83085632324219,66.0922622680664,79.2001724243164
Lower middle income,,1994,73.46971893310547,67.05145263671875,79.52845764160156
Lower middle income,,1995,74.23529052734375,68.11609649658203,80.00100708007812
Lower middle income,,1996,73.97073364257812,68.11353302001953,79.48744201660156
Lower middle income,,1997,73.76998138427734,68.00804138183594,79.193603515625
Lower middle income,,1998,73.62937927246094,68.16973114013672,78.76509094238281
Lower middle income,,1999,73.71985626220703,68.57247924804688,78.55811309814453
Lower middle income,,2000,75.07646942138672,70.14259338378906,79.70816802978516
Lower middle income,,2001,76.23117065429688,71.99513244628906,80.20047760009766
Lower middle income,,2002,77.7780990600586,73.59767150878906,81.69017791748047
Lower middle income,,2003,79.71617126464844,77.06118774414062,82.19657135009766
Lower middle income,,2004,81.32386016845703,79.0746078491211,83.42504119873047
Lower middle income,,2005,82.94515228271484,80.9708023071289,84.78987884521484
Lower middle income,,2006,84.09700012207031,82.31690979003906,85.7582778930664
Lower middle income,,2007,85.28958129882812,83.91854858398438,86.56815338134766
Lower middle income,,2008,86.32723999023438,85.45098876953125,87.14327239990234
Lower middle income,,2009,87.55033111572266,87.11224365234375,87.9582290649414
Lower middle income,,2010,87.81633758544922,87.5593032836914,88.05552673339844
Lower middle income,,2011,87.95001220703125,87.7243881225586,88.15978240966797
Lower middle income,,2012,89.42823791503906,89.95265197753906,88.94145202636719
Lower middle income,,2013,90.17912292480469,91.07511901855469,89.34819030761719
Lower middle income,,2014,91.26605224609375,91.76541900634766,90.80323791503906
Lower middle income,,2015,91.47281646728516,91.95381164550781,91.02667236328125
Lower middle income,,2016,91.00437927246094,91.39459228515625,90.64163208007812
Lower middle income,,2017,90.68683624267578,91.04351043701172,90.35469055175781
Lower middle income,,2018,90.50834655761719,90.6077880859375,90.41648864746094
Lower middle income,,2019,90.3098373413086,90.59520721435547,90.04427337646484
Lower middle income,,2020,91.51937103271484,91.71038055419922,91.34261322021484
Luxembourg,LUX,1975,82.97514343261719,84.30476379394531,81.69479370117188
Luxembourg,LUX,1976,82.83679962158203,83.31423950195312,82.37674713134766
Luxembourg,LUX,1977,85.74375915527344,87.232421875,84.30938720703125
Luxembourg,LUX,1978,84.37618255615234,87.74961853027344,81.12509155273438
Luxembourg,LUX,1979,84.22151184082031,86.8960189819336,81.64556884765625
Luxembourg,LUX,1983,82.85838317871094,84.98670959472656,80.83403778076172
Luxembourg,LUX,2010,84.28455352783203,85.05863189697266,83.54633331298828
Luxembourg,LUX,2011,84.36892700195312,86.67774200439453,82.1766586303711
Luxembourg,LUX,2012,85.84982299804688,86.66004943847656,85.08442687988281
Luxembourg,LUX,2013,82.23399353027344,85.34082794189453,79.30819702148438
Luxembourg,LUX,2014,79.6751937866211,81.51957702636719,77.94071960449219
Luxembourg,LUX,2015,79.15052032470703,80.03999328613281,78.31401062011719
Luxembourg,LUX,2016,79.07543182373047,79.70628356933594,78.47901916503906
Luxembourg,LUX,2017,80.28713989257812,81.8452377319336,78.80314636230469
Luxembourg,LUX,2018,79.6460189819336,78.53385925292969,80.7122573852539
Luxembourg,LUX,2019,82.21827697753906,84.61791229248047,79.8985366821289
Macao,MAC,1990,115.33460235595703,116.34506225585938,114.41161346435547
Macao,MAC,1992,96.58998107910156,100.25283813476562,93.10620880126953
Macao,MAC,1993,94.5718002319336,94.28890991210938,94.8449935913086
Macao,MAC,1999,100.54972839355469,99.57927703857422,101.46803283691406
Macao,MAC,2000,98.33943939208984,101.45362854003906,95.38095092773438
Macao,MAC,2001,97.65399169921875,98.88668823242188,96.48712158203125
Macao,MAC,2002,96.72071075439453,97.04200744628906,96.41148376464844
Macao,MAC,2003,93.08074951171875,91.12232208251953,94.98164367675781
Macao,MAC,2004,96.53009033203125,95.15373229980469,97.86002349853516
Macao,MAC,2005,89.41459655761719,89.59188842773438,89.2456283569336
Macao,MAC,2006,94.6059799194336,94.55545806884766,94.65357208251953
Macao,MAC,2007,92.86459350585938,91.32965850830078,94.31719207763672
Macao,MAC,2008,92.93218994140625,93.14753723144531,92.72895812988281
Macao,MAC,2009,90.99761199951172,87.9194564819336,93.8802490234375
Macao,MAC,2010,92.48989868164062,92.11128234863281,92.84195709228516
Macao,MAC,2011,93.04261779785156,95.46578979492188,90.79801177978516
Macao,MAC,2012,94.08878326416016,93.20603942871094,94.90550994873047
Macao,MAC,2013,90.11975860595703,89.7988510131836,90.41703796386719
Macao,MAC,2014,93.26970672607422,93.58706665039062,92.97480773925781
Macao,MAC,2015,93.86437225341797,94.48161315917969,93.28823852539062
Macao,MAC,2016,98.21862030029297,96.47847747802734,99.84342193603516
Macao,MAC,2017,100.95143127441406,102.17955017089844,99.80648040771484
Macao,MAC,2018,101.08056640625,102.82376098632812,99.45529174804688
Macao,MAC,2019,103.83422088623047,104.86685180664062,102.87061309814453
Macao,MAC,2020,103.1875,101.33677673339844,104.91737365722656
Madagascar,MDG,1971,27.012250900268555,23.44947052001953,30.59756088256836
Madagascar,MDG,1972,29.63990020751953,25.601539611816406,33.70193099975586
Madagascar,MDG,1973,29.21636962890625,26.643070220947266,31.803470611572266
Madagascar,MDG,1975,31.7435302734375,29.256399154663086,34.24164962768555
Madagascar,MDG,1988,37.53620147705078,39.435359954833984,35.64788818359375
Madagascar,MDG,1989,35.4057502746582,36.28947067260742,34.528499603271484
Madagascar,MDG,1990,35.06270980834961,35.781558990478516,34.34946823120117
Madagascar,MDG,1991,33.79050064086914,34.60662078857422,32.980201721191406
Madagascar,MDG,1992,31.008750915527344,31.05398941040039,30.963809967041016
Madagascar,MDG,1993,31.908920288085938,32.28881072998047,31.531299591064453
Madagascar,MDG,1994,29.146339416503906,29.938199996948242,28.35873031616211
Madagascar,MDG,1995,28.912029266357422,28.597700119018555,29.22484016418457
Madagascar,MDG,1996,29.496200561523438,30.19940948486328,28.79595947265625
Madagascar,MDG,1998,30.22361946105957,30.37718963623047,30.070419311523438
Madagascar,MDG,1999,33.517948150634766,33.868900299072266,33.16754913330078
Madagascar,MDG,2000,36.70574188232422,36.863441467285156,36.54814910888672
Madagascar,MDG,2001,36.19731903076172,36.695220947265625,35.699241638183594
Madagascar,MDG,2002,36.25741958618164,36.63127899169922,35.883121490478516
Madagascar,MDG,2003,40.09122085571289,40.46083068847656,39.72098159790039
Madagascar,MDG,2004,45.9776496887207,46.5943489074707,45.35966110229492
Madagascar,MDG,2005,58.288780212402344,58.13785934448242,58.44002914428711
Madagascar,MDG,2006,57.0794792175293,56.86640167236328,57.29301834106445
Madagascar,MDG,2007,61.22325897216797,60.89558029174805,61.55154037475586
Madagascar,MDG,2008,67.43195343017578,67.33497619628906,67.529052734375
Madagascar,MDG,2009,73.94528198242188,74.16158294677734,73.72885131835938
Madagascar,MDG,2010,70.37521362304688,71.03829956054688,69.71246337890625
Madagascar,MDG,2011,70.69732666015625,71.63420104980469,69.7623291015625
Madagascar,MDG,2012,69.12863159179688,70.46015930175781,67.80180358886719
Madagascar,MDG,2013,67.9618911743164,69.68187713623047,66.25076293945312
Madagascar,MDG,2014,68.19869995117188,70.17804718017578,66.23272705078125
Madagascar,MDG,2015,68.65421295166016,70.73793029785156,66.58750915527344
Madagascar,MDG,2016,67.57843017578125,69.75856018066406,65.4186019897461
Madagascar,MDG,2017,67.00713348388672,69.63961791992188,64.40235137939453
Madagascar,MDG,2018,65.4687728881836,68.0784912109375,62.88983917236328
Madagascar,MDG,2019,63.27682113647461,65.77728271484375,60.809120178222656
Malawi,MWI,1974,20.43902015686035,14.14111042022705,26.57685089111328
Malawi,MWI,1975,21.689390182495117,14.449159622192383,28.749370574951172
Malawi,MWI,1976,23.829750061035156,15.45326042175293,32.011138916015625
Malawi,MWI,1977,28.17892074584961,18.637630462646484,37.51033020019531
Malawi,MWI,1978,29.172090530395508,20.949430465698242,37.222259521484375
Malawi,MWI,1979,31.12993049621582,22.448219299316406,39.63581085205078
Malawi,MWI,1980,31.683349609375,23.27174949645996,39.92742156982422
Malawi,MWI,1981,34.191070556640625,25.359760284423828,42.84901809692383
Malawi,MWI,1982,33.83198928833008,22.319820404052734,45.12078094482422
Malawi,MWI,1983,33.663978576660156,26.318479537963867,40.86994171142578
Malawi,MWI,1984,32.17247009277344,25.677780151367188,38.5499382019043
Malawi,MWI,1985,33.40290069580078,27.26766014099121,39.43825912475586
Malawi,MWI,1986,32.68717956542969,27.431119918823242,37.86943817138672
Malawi,MWI,1987,32.67435836791992,27.58863067626953,37.6991081237793
Malawi,MWI,1988,26.56138038635254,22.289270401000977,30.788259506225586
Malawi,MWI,1989,27.68425941467285,23.3547306060791,31.971200942993164
Malawi,MWI,1990,30.31562042236328,25.9018497467041,34.687110900878906
Malawi,MWI,1991,33.775569915771484,29.325220108032227,38.20478820800781
Malawi,MWI,1992,37.54444885253906,33.648841857910156,41.43687057495117
Malawi,MWI,1993,39.8598518371582,34.832801818847656,44.8990592956543
Malawi,MWI,1994,42.32862091064453,37.403968811035156,47.282508850097656
Malawi,MWI,1995,54.82429885864258,48.00347137451172,61.71744155883789
Malawi,MWI,1996,63.49089813232422,56.240318298339844,70.83032989501953
Malawi,MWI,1999,64.44273376464844,59.630470275878906,69.34290313720703
Malawi,MWI,2000,63.48488998413086,59.207340240478516,67.83963012695312
Malawi,MWI,2001,65.07366943359375,62.708740234375,67.478759765625
Malawi,MWI,2002,68.62548065185547,64.97860717773438,72.33029174804688
Malawi,MWI,2004,60.583988189697266,58.62971115112305,62.563961029052734
Malawi,MWI,2005,60.376068115234375,58.942710876464844,61.825218200683594
Malawi,MWI,2006,59.860801696777344,59.23701858520508,60.48986053466797
Malawi,MWI,2007,60.640869140625,60.549598693847656,60.73268127441406
Malawi,MWI,2008,65.31298828125,64.99421691894531,65.63289642333984
Malawi,MWI,2009,66.76925659179688,67.56546020507812,65.97184753417969
Malawi,MWI,2010,69.20667266845703,69.94397735595703,68.46823120117188
Malawi,MWI,2011,71.60990142822266,72.2506332397461,70.96882629394531
Malawi,MWI,2012,74.80017852783203,74.61209869384766,74.9882583618164
Malawi,MWI,2013,80.044189453125,80.10286712646484,79.98554992675781
Malawi,MWI,2014,80.00206756591797,80.61389923095703,79.3913803100586
Malawi,MWI,2019,80.34858703613281,85.02787017822266,75.70538330078125
Malaysia,MYS,1974,83.34879302978516,79.67794799804688,86.85951232910156
Malaysia,MYS,1980,94.9360580444336,93.85456848144531,95.96305847167969
Malaysia,MYS,1981,92.01232147216797,91.54450988769531,92.45655822753906
Malaysia,MYS,1982,92.07620239257812,91.59578704833984,92.53267669677734
Malaysia,MYS,1983,95.65714263916016,95.1259536743164,96.16220092773438
Malaysia,MYS,1984,94.78948211669922,94.43560028076172,95.1259765625
Malaysia,MYS,1985,93.46688842773438,93.37059783935547,93.55838012695312
Malaysia,MYS,1987,93.02792358398438,92.66040802001953,93.37933349609375
Malaysia,MYS,1988,93.47508239746094,92.85108947753906,94.072998046875
Malaysia,MYS,1989,91.20976257324219,90.46351623535156,91.92575073242188
Malaysia,MYS,1990,89.32008361816406,89.02606201171875,89.60211181640625
Malaysia,MYS,1991,90.79515838623047,90.54960632324219,91.02996826171875
Malaysia,MYS,1993,94.09687805175781,94.04244995117188,94.14868927001953
Malaysia,MYS,1998,97.44970703125,97.8130874633789,97.10356903076172
Malaysia,MYS,1999,95.06672668457031,94.41293334960938,95.6890869140625
Malaysia,MYS,2000,100.66890716552734,100.76187133789062,100.58052062988281
Malaysia,MYS,2002,92.83457946777344,92.69193267822266,92.97032928466797
Malaysia,MYS,2003,93.56880187988281,93.64710998535156,93.49447631835938
Malaysia,MYS,2004,98.23886108398438,98.39814758300781,98.08817291259766
Malaysia,MYS,2005,103.80972290039062,103.52780151367188,104.07575988769531
Malaysia,MYS,2006,99.90332794189453,100.29522705078125,99.53314971923828
Malaysia,MYS,2007,97.90132904052734,98.51798248291016,97.31886291503906
Malaysia,MYS,2008,98.89887237548828,99.73951721191406,98.10530090332031
Malaysia,MYS,2009,99.55062103271484,100.3419418334961,98.80406951904297
Malaysia,MYS,2010,97.25932312011719,97.83985137939453,96.71173858642578
Malaysia,MYS,2011,99.98245239257812,100.70098114013672,99.30626678466797
Malaysia,MYS,2012,106.7283706665039,107.90106201171875,105.62625885009766
Malaysia,MYS,2013,102.85576629638672,103.97856140136719,101.80143737792969
Malaysia,MYS,2014,102.29985046386719,103.2281494140625,101.42829132080078
Malaysia,MYS,2015,101.7599868774414,102.67867279052734,100.89666748046875
Malaysia,MYS,2016,100.00881958007812,101.4403076171875,98.66143798828125
Malaysia,MYS,2017,99.4916000366211,101.08564758300781,97.98916625976562
Malaysia,MYS,2018,99.36345672607422,100.70781707763672,98.0944595336914
Malaysia,MYS,2019,100.65735626220703,101.9020767211914,99.48098754882812
Maldives,MDV,1997,118.37550354003906,117.28031158447266,119.44113159179688
Maldives,MDV,2005,134.54251098632812,133.2295684814453,135.75714111328125
Maldives,MDV,2006,126.08751678466797,125.16163635253906,126.93927764892578
Maldives,MDV,2008,112.17642974853516,110.42539978027344,113.81046295166016
Maldives,MDV,2009,120,113.85791778564453,125.82301330566406
Maldives,MDV,2010,115.66584014892578,106.26058197021484,
Maldives,MDV,2011,109.7818603515625,106.1521987915039,113.22537231445312
Maldives,MDV,2012,99.51673889160156,98.26248168945312,100.69396209716797
Maldives,MDV,2013,94.71530151367188,91.36608123779297,97.86849975585938
Maldives,MDV,2014,102.36837005615234,98.39807891845703,106.16385650634766
Maldives,MDV,2015,103.69100189208984,98.1610107421875,109.08004760742188
Maldives,MDV,2016,106.95806121826172,100.54708862304688,113.40936279296875
Maldives,MDV,2017,97.35546112060547,92.3497314453125,102.3740005493164
Maldives,MDV,2018,93.17411804199219,93.7051010131836,92.65347290039062
Maldives,MDV,2019,91.66667175292969,93.095703125,90.32063293457031
Mali,MLI,1971,10.052570343017578,,
Mali,MLI,1972,9.234339714050293,,
Mali,MLI,1973,9.610699653625488,,
Mali,MLI,1974,10.365019798278809,,
Mali,MLI,1976,11.506739616394043,,
Mali,MLI,1977,13.819230079650879,,
Mali,MLI,1978,12.933730125427246,,
Mali,MLI,1979,13.634869575500488,9.010729789733887,18.13381004333496
Mali,MLI,1980,12.061800003051758,,
Mali,MLI,1981,11.61676025390625,7.6889801025390625,15.434809684753418
Mali,MLI,1983,11.827349662780762,,
Mali,MLI,1984,11.2991304397583,7.669290065765381,14.823490142822266
Mali,MLI,1985,10.664799690246582,7.177929878234863,14.048890113830566
Mali,MLI,1986,9.795639991760254,,
Mali,MLI,1987,9.731249809265137,6.880559921264648,12.50236988067627
Mali,MLI,1988,9.409270286560059,6.639039993286133,12.105690002441406
Mali,MLI,2000,31.065929412841797,23.97606086730957,37.94200897216797
Mali,MLI,2001,35.12379837036133,26.126609802246094,43.845458984375
Mali,MLI,2002,36.02547836303711,28.24658966064453,43.580528259277344
Mali,MLI,2003,39.05849075317383,30.912399291992188,46.98870849609375
Mali,MLI,2004,40.85932159423828,32.571868896484375,48.94076156616211
Mali,MLI,2005,42.263099670410156,33.93220901489258,50.39839172363281
Mali,MLI,2006,47.316890716552734,38.487979888916016,55.945701599121094
Mali,MLI,2007,50.29813003540039,41.38092041015625,59.01319122314453
Mali,MLI,2008,52.927181243896484,45.01737976074219,60.65114974975586
Mali,MLI,2009,54.47351837158203,47.38370895385742,61.391151428222656
Mali,MLI,2010,57.570831298828125,50.70206069946289,64.26741790771484
Mali,MLI,2011,58.271148681640625,51.73067855834961,64.6440200805664
Mali,MLI,2012,54.55112838745117,49.82756042480469,59.151641845703125
Mali,MLI,2013,54.25202941894531,,
Mali,MLI,2014,53.2056884765625,49.749210357666016,56.568790435791016
Mali,MLI,2015,50.9262809753418,48.04561996459961,53.72679138183594
Mali,MLI,2016,51.046180725097656,47.86235809326172,54.138118743896484
Mali,MLI,2017,49.6143913269043,47.14091110229492,52.01531982421875
Malta,MLT,1971,109.35508728027344,111.90931701660156,106.93309020996094
Malta,MLT,1972,111.60436248779297,112.02693939208984,111.20532989501953
Malta,MLT,1973,105.8841781616211,106.73941040039062,105.08271026611328
Malta,MLT,1974,106.66148376464844,106.42973327636719,106.87687683105469
Malta,MLT,1975,94.01062774658203,93.38014221191406,94.59626770019531
Malta,MLT,1976,73.1648178100586,70.41145324707031,75.74639129638672
Malta,MLT,1977,95.6838607788086,99.07939910888672,92.45902252197266
Malta,MLT,1978,91.17352294921875,92.0556869506836,90.3263931274414
Malta,MLT,1979,100.63775634765625,101.42487335205078,99.8743667602539
Malta,MLT,1980,104.97952270507812,104.24136352539062,105.69728088378906
Malta,MLT,1981,118.48075103759766,117.97799682617188,118.96764373779297
Malta,MLT,1982,104.60420227050781,103.57730102539062,105.5952377319336
Malta,MLT,1983,101.15323638916016,100.47923278808594,101.79939270019531
Malta,MLT,1984,97.3192367553711,101.51162719726562,93.33824157714844
Malta,MLT,1985,103.76492309570312,98.86363983154297,108.37789916992188
Malta,MLT,1986,104.69145202636719,99.02876281738281,109.98255157470703
Malta,MLT,1987,109.79694366455078,104.83751678466797,114.41844177246094
Malta,MLT,1988,101.15931701660156,100.94751739501953,101.35639190673828
Malta,MLT,1989,102.9330062866211,101.15190887451172,104.59114837646484
Malta,MLT,1990,101.68820190429688,101.3556900024414,101.99867248535156
Malta,MLT,1991,99.29517364501953,100.21283721923828,98.43228912353516
Malta,MLT,1992,101.82005310058594,101.30787658691406,102.30384063720703
Malta,MLT,1993,104.81678771972656,106.60311126708984,103.11975860595703
Malta,MLT,1994,104.33355712890625,103.3946304321289,105.22942352294922
Malta,MLT,1995,100.06925201416016,96.59574127197266,103.38294982910156
Malta,MLT,1996,100.60626983642578,100.53362274169922,100.67521667480469
Malta,MLT,1997,99.30338287353516,95.02149200439453,103.35592651367188
Malta,MLT,1998,101.03399658203125,101.48068237304688,100.61286926269531
Malta,MLT,1999,103.5865707397461,104.37637329101562,102.84441375732422
Malta,MLT,2000,106.99212646484375,109.1648178100586,104.95494842529297
Malta,MLT,2001,105.85455322265625,106.53643798828125,105.2149429321289
Malta,MLT,2002,106.08009338378906,106.33535766601562,105.84046173095703
Malta,MLT,2003,103.4425277709961,103.39823913574219,103.48419952392578
Malta,MLT,2004,99.96269226074219,99.9615478515625,99.96375274658203
Malta,MLT,2005,96.12183380126953,95.59969329833984,96.61515808105469
Malta,MLT,2006,100.01934814453125,99.12419891357422,100.86563873291016
Malta,MLT,2007,97.9371109008789,97.15931701660156,98.6739501953125
Malta,MLT,2008,101.2873764038086,98.89408874511719,103.56997680664062
Malta,MLT,2009,95.12615966796875,93.57676696777344,96.61591339111328
Malta,MLT,2010,99.79792785644531,99.45155334472656,100.13239288330078
Malta,MLT,2011,101.19354248046875,103.9122085571289,98.57601928710938
Malta,MLT,2012,94.63768005371094,92.49011993408203,96.6918716430664
Malta,MLT,2013,97.9825668334961,96.2244873046875,99.65937042236328
Malta,MLT,2014,102.67993927001953,106.6945571899414,98.85343933105469
Malta,MLT,2015,100.2057113647461,101.68775939941406,98.79579162597656
Malta,MLT,2016,101.80523681640625,102.97960662841797,100.69306945800781
Malta,MLT,2017,101.93418884277344,99.58548736572266,104.14431762695312
Malta,MLT,2018,103.57763671875,101.85089874267578,105.19230651855469
Malta,MLT,2019,108.30262756347656,107.80213928222656,108.76776885986328
Marshall Islands,MHL,1999,90.04276275634766,81.738037109375,97.8647689819336
Marshall Islands,MHL,2002,108.76068115234375,112.33480072021484,105.3941879272461
Marshall Islands,MHL,2003,96.8847427368164,91.83999633789062,101.66919708251953
Marshall Islands,MHL,2005,103.1135482788086,97.57463073730469,108.45323944091797
Marshall Islands,MHL,2006,106.59944915771484,108.05242919921875,105.20645904541016
Marshall Islands,MHL,2007,103.98959350585938,106.59536743164062,101.52027130126953
Marshall Islands,MHL,2008,99.5045394897461,97.78912353515625,101.12359619140625
Marshall Islands,MHL,2009,94.74510192871094,95.13775634765625,94.37689971923828
Marshall Islands,MHL,2011,86.86652374267578,89.38053131103516,84.50898742675781
Marshall Islands,MHL,2016,70.8545913696289,72.78646087646484,69
Marshall Islands,MHL,2019,77.29624938964844,77.0145263671875,77.56654357910156
Marshall Islands,MHL,2020,71.69811248779297,73.00531768798828,70.44586181640625
Mauritania,MRT,1976,10.115340232849121,5.563509941101074,14.562310218811035
Mauritania,MRT,1977,10.2775297164917,5.250619888305664,15.187789916992188
Mauritania,MRT,1978,11.846579551696777,6.042129993438721,17.512819290161133
Mauritania,MRT,1979,15.696089744567871,9.174559593200684,22.058349609375
Mauritania,MRT,1980,18.77519989013672,,
Mauritania,MRT,1981,25.07891082763672,15.854689598083496,34.066898345947266
Mauritania,MRT,1983,28.79690933227539,,
Mauritania,MRT,1985,29.680339813232422,21.474140167236328,37.695560455322266
Mauritania,MRT,1986,31.980680465698242,24.067960739135742,39.70969009399414
Mauritania,MRT,1987,32.73868942260742,22.27825927734375,42.9541015625
Mauritania,MRT,1988,38.137840270996094,28.203649520874023,47.8336181640625
Mauritania,MRT,1989,33.94799041748047,25.057159423828125,42.62070846557617
Mauritania,MRT,1990,28.563180923461914,21.07706069946289,35.86146926879883
Mauritania,MRT,1991,32.11301040649414,25.257200241088867,38.793331146240234
Mauritania,MRT,1992,30.94141960144043,24.58707046508789,37.130279541015625
Mauritania,MRT,1993,32.32809829711914,27.016799926757812,37.498680114746094
Mauritania,MRT,1994,31.86035919189453,26.456159591674805,37.11772918701172
Mauritania,MRT,1995,32.739768981933594,27.10910987854004,38.21133041381836
Mauritania,MRT,1996,33.51755905151367,28.76258087158203,38.13190841674805
Mauritania,MRT,1997,37.7218017578125,32.639591217041016,42.65473175048828
Mauritania,MRT,1998,43.06264877319336,38.947601318359375,47.05540084838867
Mauritania,MRT,1999,44.282318115234375,40.80284881591797,47.65620040893555
Mauritania,MRT,2001,44.761810302734375,41.99589157104492,47.44038009643555
Mauritania,MRT,2002,42.78839111328125,40.995140075683594,44.52445983886719
Mauritania,MRT,2005,43.46977996826172,42.805938720703125,44.11227035522461
Mauritania,MRT,2006,44.6314697265625,44.00503158569336,45.23796844482422
Mauritania,MRT,2007,56.34513854980469,56.2869987487793,56.40147018432617
Mauritania,MRT,2009,69.21951293945312,70.89881896972656,67.59133911132812
Mauritania,MRT,2012,70.43614196777344,71.01896667480469,69.87016296386719
Mauritania,MRT,2013,72.62330627441406,73.7454605102539,71.53309631347656
Mauritania,MRT,2014,69.68058776855469,70.97779846191406,68.42002868652344
Mauritania,MRT,2015,70.39259338378906,72.48889923095703,68.35514831542969
Mauritania,MRT,2017,69.71430969238281,72.09136199951172,67.40194702148438
Mauritania,MRT,2018,76.05602264404297,79.69110870361328,72.51891326904297
Mauritania,MRT,2019,72.90972900390625,80.3656005859375,65.65380096435547
Mauritius,MUS,1983,86.32550048828125,84.84635925292969,87.79151153564453
Mauritius,MUS,1984,80.83859252929688,82.35767364501953,79.33322143554688
Mauritius,MUS,1985,93.42436981201172,93.57556915283203,93.27474975585938
Mauritius,MUS,1986,125.32335662841797,126.55586242675781,124.10681915283203
Mauritius,MUS,1987,100.05133056640625,99.0031967163086,101.08363342285156
Mauritius,MUS,1988,102.70423889160156,102.56092071533203,102.8450698852539
Mauritius,MUS,1989,67.97722625732422,69.0575180053711,66.91914367675781
Mauritius,MUS,1990,113.64990997314453,113.50982666015625,113.78656005859375
Mauritius,MUS,1991,114.13790130615234,114.69403839111328,113.59870147705078
Mauritius,MUS,1992,109.69638061523438,111.87413024902344,107.59613800048828
Mauritius,MUS,1993,101.98876190185547,103.01097106933594,101.00623321533203
Mauritius,MUS,1994,97.50569152832031,98.37521362304688,96.66893005371094
Mauritius,MUS,1995,95.85962677001953,95.9659194946289,95.75672912597656
Mauritius,MUS,1996,93.8568115234375,94.24317932128906,93.48111724853516
Mauritius,MUS,1997,93.82466125488281,93.25972747802734,94.37602996826172
Mauritius,MUS,1998,97.4286880493164,99.89476776123047,95.01493072509766
Mauritius,MUS,1999,102.68891143798828,103.1140365600586,102.27249908447266
Mauritius,MUS,2000,102.79398345947266,102.01248931884766,103.55827331542969
Mauritius,MUS,2001,101.88955688476562,102.50933837890625,101.28337097167969
Mauritius,MUS,2002,98.33799743652344,98.37496948242188,98.30184936523438
Mauritius,MUS,2003,99.16805267333984,99.29949188232422,99.0395736694336
Mauritius,MUS,2004,96.0367431640625,97.57347869873047,94.53585815429688
Mauritius,MUS,2005,97.48793029785156,97.96868133544922,97.01907348632812
Mauritius,MUS,2006,95.00874328613281,96.40995025634766,93.64273071289062
Mauritius,MUS,2007,97.42125701904297,98.88336181640625,95.99801635742188
Mauritius,MUS,2008,97.0625991821289,97.24857330322266,96.8819580078125
Mauritius,MUS,2009,94.79415130615234,95.1638412475586,94.43594360351562
Mauritius,MUS,2010,99.26860809326172,99.50753784179688,99.03758239746094
Mauritius,MUS,2011,98.42845153808594,99.04210662841797,97.83625030517578
Mauritius,MUS,2012,95.62267303466797,97.28588104248047,94.02134704589844
Mauritius,MUS,2013,97.34062194824219,99.70256805419922,95.07192993164062
Mauritius,MUS,2014,96.91483306884766,98.05899047851562,95.81685638427734
Mauritius,MUS,2015,100.48056030273438,102.50282287597656,98.53800964355469
Mauritius,MUS,2016,101.06865692138672,102.40355682373047,99.78594207763672
Mauritius,MUS,2017,98.20008087158203,97.93852233886719,98.45160675048828
Mauritius,MUS,2018,100.79118347167969,101.9052505493164,99.71878814697266
Mauritius,MUS,2019,98.51373291015625,100.94837188720703,96.1689682006836
Mauritius,MUS,2020,96.37744140625,97.43415832519531,95.36007690429688
Mauritius,MUS,2021,96.37744140625,97.43415832519531,95.36007690429688
Mexico,MEX,1975,69.57299041748047,66.8441162109375,72.25927734375
Mexico,MEX,1976,71.17320251464844,68.39830780029297,73.90174865722656
Mexico,MEX,1977,76.24063110351562,73.92279052734375,78.5167007446289
Mexico,MEX,1978,76.1918716430664,,
Mexico,MEX,1979,79.97132110595703,,
Mexico,MEX,1980,82.8221664428711,,
Mexico,MEX,1981,85.26116180419922,,
Mexico,MEX,1982,87.3238296508789,,
Mexico,MEX,1983,89.71663665771484,,
Mexico,MEX,1984,94.3055419921875,,
Mexico,MEX,1985,93.39253997802734,,
Mexico,MEX,1986,94.84171295166016,,
Mexico,MEX,1987,94.219970703125,,
Mexico,MEX,1988,92.87982940673828,,
Mexico,MEX,1989,91.5201187133789,,
Mexico,MEX,1990,88.74903869628906,,
Mexico,MEX,1991,88.00129699707031,,
Mexico,MEX,1992,89.59416198730469,,
Mexico,MEX,1993,90.39311981201172,90.3198013305664,90.46521759033203
Mexico,MEX,1994,91.56062316894531,91.48174285888672,91.63803100585938
Mexico,MEX,1995,93.90609741210938,94.05062866210938,93.76496124267578
Mexico,MEX,1996,95.01627349853516,94.88015747070312,95.14872741699219
Mexico,MEX,1997,95.20600891113281,94.57367706298828,95.82373809814453
Mexico,MEX,1999,95.7679672241211,95.18637084960938,96.33866119384766
Mexico,MEX,2000,96.64557647705078,96.27886199951172,97.00605010986328
Mexico,MEX,2001,97.43399810791016,97.3049087524414,97.56086730957031
Mexico,MEX,2002,99.046630859375,99.1906967163086,98.9050064086914
Mexico,MEX,2003,98.93366241455078,99.07552337646484,98.79444122314453
Mexico,MEX,2004,100.29502868652344,100.95468139648438,99.65096282958984
Mexico,MEX,2005,100.57363891601562,101.54840087890625,99.6275405883789
Mexico,MEX,2006,100.88819885253906,101.62100219726562,100.1787109375
Mexico,MEX,2007,101.960693359375,102.54151916503906,101.39646911621094
Mexico,MEX,2008,101.29035949707031,101.70780181884766,100.88430786132812
Mexico,MEX,2009,99.82451629638672,99.93875885009766,99.71331787109375
Mexico,MEX,2010,100.23938751220703,100.46440124511719,100.0202865600586
Mexico,MEX,2011,100.1975326538086,100.24059295654297,100.1556396484375
Mexico,MEX,2012,106.0110092163086,106.60981750488281,105.42957305908203
Mexico,MEX,2013,109.42504119873047,109.92655181884766,108.93881225585938
Mexico,MEX,2014,110.50884246826172,110.7742919921875,110.2519302368164
Mexico,MEX,2015,104.90982055664062,105.01753234863281,104.8058090209961
Mexico,MEX,2016,103.96939086914062,104.01647186279297,103.92402648925781
Mexico,MEX,2017,104.09783935546875,104.32096862792969,103.8832778930664
Mexico,MEX,2018,102.25588989257812,102.62928009033203,101.89753723144531
Mexico,MEX,2019,102.46553802490234,103.2503433227539,101.71385955810547
Micronesia (country),FSM,2013,93.42160034179688,93.86711883544922,93.00080108642578
Micronesia (country),FSM,2014,95.54247283935547,95.5767593383789,95.51020050048828
Micronesia (country),FSM,2015,94.63829803466797,93.15189361572266,96.03633117675781
Micronesia (country),FSM,2016,91.05622100830078,89.65818786621094,92.37779998779297
Micronesia (country),FSM,2017,86.59313201904297,90.0086898803711,83.33332824707031
Micronesia (country),FSM,2018,90.64747619628906,93.17788696289062,88.21576690673828
Micronesia (country),FSM,2019,88.45343017578125,87.6606674194336,89.2205581665039
Middle East and North Africa,,1970,48.707008361816406,35.07548141479492,61.61814880371094
Middle East and North Africa,,1971,48.65475845336914,35.039310455322266,61.549110412597656
Middle East and North Africa,,1972,48.78908157348633,35.33332061767578,61.533321380615234
Middle East and North Africa,,1973,50.72319030761719,37.13016128540039,63.602909088134766
Middle East and North Africa,,1974,52.641319274902344,39.06610870361328,65.50729370117188
Middle East and North Africa,,1975,55.967071533203125,41.78474044799805,69.4145736694336
Middle East and North Africa,,1976,57.933780670166016,43.868370056152344,71.2706527709961
Middle East and North Africa,,1977,60.412330627441406,46.12002944946289,73.97608947753906
Middle East and North Africa,,1978,60.20064163208008,45.573551177978516,74.08641815185547
Middle East and North Africa,,1979,56.53514862060547,43.45970153808594,68.94380187988281
Middle East and North Africa,,1980,59.90618133544922,47.87638854980469,71.31723022460938
Middle East and North Africa,,1981,63.57017135620117,51.47624969482422,75.0452880859375
Middle East and North Africa,,1982,64.69606018066406,53.36132049560547,75.45686340332031
Middle East and North Africa,,1983,66.25617218017578,55.39725875854492,76.57125854492188
Middle East and North Africa,,1984,68.91075897216797,58.2221794128418,79.06961059570312
Middle East and North Africa,,1985,73.33428955078125,62.512451171875,83.62725830078125
Middle East and North Africa,,1986,72.48365783691406,62.4971809387207,81.9878921508789
Middle East and North Africa,,1987,72.47444152832031,63.144248962402344,81.35546875
Middle East and North Africa,,1988,72.94097137451172,64.35529327392578,81.10948181152344
Middle East and North Africa,,1989,73.3234634399414,65.17369842529297,81.07337951660156
Middle East and North Africa,,1990,75.11580657958984,67.43917083740234,82.4207534790039
Middle East and North Africa,,1991,75.8783187866211,68.6135025024414,82.805908203125
Middle East and North Africa,,1992,77.29949951171875,70.35128021240234,83.94146728515625
Middle East and North Africa,,1993,78.7782974243164,72.14385223388672,85.13362884521484
Middle East and North Africa,,1994,79.03829956054688,72.9137191772461,84.91291046142578
Middle East and North Africa,,1995,80.77031707763672,75.05610656738281,86.25199890136719
Middle East and North Africa,,1996,81.22830963134766,75.86869812011719,86.36595916748047
Middle East and North Africa,,1997,81.56060791015625,76.56021881103516,86.35724639892578
Middle East and North Africa,,1998,82.03260803222656,77.32872772216797,86.54299926757812
Middle East and North Africa,,1999,82.35616302490234,78.00789642333984,86.52266693115234
Middle East and North Africa,,2000,81.5530776977539,77.52149200439453,85.41172790527344
Middle East and North Africa,,2001,83.48674011230469,79.5847396850586,87.2177505493164
Middle East and North Africa,,2002,84.46186828613281,80.93341827392578,87.83789825439453
Middle East and North Africa,,2003,85.93579864501953,81.94972229003906,89.74932861328125
Middle East and North Africa,,2004,89.52616119384766,86.8708267211914,92.06539916992188
Middle East and North Africa,,2005,90.58171844482422,88.00128936767578,93.04830932617188
Middle East and North Africa,,2006,87.043212890625,83.87712097167969,90.0687484741211
Middle East and North Africa,,2007,87.97297668457031,84.91742706298828,90.8938980102539
Middle East and North Africa,,2008,90.02835083007812,86.4610366821289,93.43605041503906
Middle East and North Africa,,2009,88.91378784179688,86.19902038574219,91.5030517578125
Middle East and North Africa,,2010,90.5987319946289,87.84261322021484,93.22476959228516
Middle East and North Africa,,2011,91.54460144042969,89.07785034179688,93.89521789550781
Middle East and North Africa,,2012,93.57425689697266,91.27055358886719,95.76998901367188
Middle East and North Africa,,2013,91.53968048095703,89.46127319335938,93.51927947998047
Middle East and North Africa,,2014,92.64727783203125,90.52204132080078,94.6697998046875
Middle East and North Africa,,2015,91.58782958984375,89.77847290039062,93.30824279785156
Middle East and North Africa,,2016,91.10643768310547,89.23619079589844,92.88439178466797
Middle East and North Africa,,2017,90.95591735839844,89.36663055419922,92.46807098388672
Middle East and North Africa,,2018,91.42218017578125,89.93669891357422,92.8341293334961
Middle East and North Africa,,2019,92.59996032714844,91.06094360351562,94.06169128417969
Middle East and North Africa,,2020,93.386962890625,91.80695343017578,94.88744354248047
Middle income,,1970,71.82653045654297,,
Middle income,,1971,71.85887145996094,,
Middle income,,1972,72.16960144042969,66.76907348632812,77.3121566772461
Middle income,,1973,72.78130340576172,67.3314208984375,77.97162628173828
Middle income,,1974,73.01226806640625,67.5303726196289,78.23426818847656
Middle income,,1975,73.7018814086914,68.13124084472656,79.00885009765625
Middle income,,1976,74.4140396118164,68.82994842529297,79.73577880859375
Middle income,,1977,75.37042236328125,69.91751861572266,80.57121276855469
Middle income,,1978,76.17391204833984,70.73100280761719,81.36701202392578
Middle income,,1979,76.96204376220703,71.62124633789062,82.05786895751953
Middle income,,1980,77.98426818847656,72.76680755615234,82.96185302734375
Middle income,,1981,78.85636901855469,73.63481140136719,83.83647918701172
Middle income,,1982,79.47382354736328,74.2496337890625,84.45304870605469
Middle income,,1983,80.17532348632812,74.93433380126953,85.16741943359375
Middle income,,1984,81.3246078491211,76.06305694580078,86.33415222167969
Middle income,,1985,81.89620971679688,76.65926361083984,86.88229370117188
Middle income,,1986,82.127197265625,76.9152603149414,87.09200286865234
Middle income,,1987,82.11376190185547,76.94371795654297,87.0410385131836
Middle income,,1988,82.28482055664062,77.1655502319336,87.16146850585938
Middle income,,1989,81.93269348144531,76.87531280517578,86.7469711303711
Middle income,,1990,82.24376678466797,77.41259002685547,86.84071350097656
Middle income,,1991,82.63075256347656,77.80799102783203,87.21882629394531
Middle income,,1992,82.1026611328125,77.50994873046875,86.47077178955078
Middle income,,1993,83.05854034423828,78.56844329833984,87.32589721679688
Middle income,,1994,83.9501724243164,79.59320831298828,88.0860366821289
Middle income,,1995,83.33772277832031,79.17910766601562,87.2780532836914
Middle income,,1996,82.13419342041016,78.16333770751953,85.89456939697266
Middle income,,1997,81.68347930908203,77.88298034667969,85.27928161621094
Middle income,,1998,82.00244140625,78.41909790039062,85.38931274414062
Middle income,,1999,82.271728515625,78.92384338378906,85.43038940429688
Middle income,,2000,83.40811920166016,80.27047729492188,86.36663055419922
Middle income,,2001,84.2304916381836,81.55207061767578,86.74813079833984
Middle income,,2002,84.97615814208984,82.35208892822266,87.44023895263672
Middle income,,2003,85.74974822998047,83.98391723632812,87.40438842773438
Middle income,,2004,86.39436340332031,84.85710906982422,87.83196258544922
Middle income,,2005,87.2684326171875,85.91523742675781,88.52886962890625
Middle income,,2006,87.79708099365234,86.61546325683594,88.89540100097656
Middle income,,2007,88.89441680908203,87.93900299072266,89.77787017822266
Middle income,,2008,90.70368957519531,90.00489044189453,91.35337829589844
Middle income,,2009,91.33329772949219,90.86988067626953,91.76223754882812
Middle income,,2010,91.10395812988281,90.72447204589844,91.45561218261719
Middle income,,2011,90.7002182006836,90.35497283935547,91.0211410522461
Middle income,,2012,91.60093688964844,91.74189758300781,91.46978759765625
Middle income,,2013,91.95864868164062,92.3619613647461,91.58644104003906
Middle income,,2014,91.60491943359375,91.77816009521484,91.4454116821289
Middle income,,2015,91.2220230102539,91.33236694335938,91.12059020996094
Middle income,,2016,91.48200225830078,91.6558609008789,91.32169342041016
Middle income,,2017,91.81916046142578,91.95043182373047,91.69780731201172
Middle income,,2018,92.03665161132812,92.08685302734375,91.99069213867188
Middle income,,2019,92.26100158691406,92.40679168701172,92.12700653076172
Middle income,,2020,92.8625717163086,92.94483184814453,92.78804016113281
Moldova,MDA,2014,109.14335632324219,109.71714782714844,108.60413360595703
Moldova,MDA,2015,107.10285949707031,106.4195327758789,107.75174713134766
Moldova,MDA,2016,106.48902130126953,106.04783630371094,106.91087341308594
Moldova,MDA,2017,107.11865234375,106.6627426147461,107.54519653320312
Moldova,MDA,2018,101.60211944580078,100.82882690429688,102.32791137695312
Moldova,MDA,2019,102.21955871582031,99.50668334960938,104.85014343261719
Moldova,MDA,2020,103.856201171875,103.76541137695312,103.94168853759766
Mongolia,MNG,1978,95.70172119140625,,
Mongolia,MNG,1979,99.92340087890625,,
Mongolia,MNG,1980,99.36173248291016,,
Mongolia,MNG,1983,98.03922271728516,,
Mongolia,MNG,1995,74.71463775634766,77.06340026855469,72.37802124023438
Mongolia,MNG,1996,79.64012145996094,82.53600311279297,76.75995635986328
Mongolia,MNG,1997,77.09549713134766,81.3720932006836,72.85790252685547
Mongolia,MNG,1998,88.63807678222656,91.37602996826172,85.92362976074219
Mongolia,MNG,1999,86.76286315917969,88.84610748291016,84.69139099121094
Mongolia,MNG,2000,86.94967651367188,89.2996826171875,84.60514831542969
Mongolia,MNG,2001,91.96691131591797,94.1794204711914,89.75926208496094
Mongolia,MNG,2002,99.35820007324219,100.93656158447266,97.79387664794922
Mongolia,MNG,2003,100.97003936767578,102.57515716552734,99.38619995117188
Mongolia,MNG,2004,97.79450988769531,97.58354949951172,98.00192260742188
Mongolia,MNG,2005,96.1628189086914,97.46372985839844,94.88749694824219
Mongolia,MNG,2015,98.12886810302734,97.63236236572266,98.61531829833984
Mongolia,MNG,2016,92.99311828613281,92.62698364257812,93.3517837524414
Mongolia,MNG,2017,91.50743865966797,90.45368194580078,92.53926086425781
Mongolia,MNG,2018,101.77964782714844,101.88478088378906,101.67675018310547
Mongolia,MNG,2019,107.47949981689453,106.21267700195312,108.71907043457031
Montenegro,MNE,2011,75.98499298095703,75.76631164550781,76.18477630615234
Montenegro,MNE,2012,99.59789276123047,101.71322631835938,97.6705093383789
Montenegro,MNE,2015,94.31934356689453,96.28633117675781,92.53659057617188
Montenegro,MNE,2016,90.39073181152344,89.59058380126953,91.11650085449219
Montenegro,MNE,2017,90.2608871459961,90.7856216430664,89.78507995605469
Montenegro,MNE,2018,94.47805786132812,94.32662200927734,94.6153793334961
Montenegro,MNE,2019,97.40717315673828,97.38095092773438,97.43096923828125
Montenegro,MNE,2020,103.78365325927734,102.39871978759766,105.04364776611328
Morocco,MAR,1971,26.219879150390625,,
Morocco,MAR,1972,25.9056396484375,,
Morocco,MAR,1973,26.744150161743164,18.752609252929688,34.43613815307617
Morocco,MAR,1974,27.403209686279297,19.725679397583008,34.7688102722168
Morocco,MAR,1975,28.853689193725586,20.764209747314453,36.5949592590332
Morocco,MAR,1976,31.337339401245117,,
Morocco,MAR,1977,33.74488830566406,25.269290924072266,41.856021881103516
Morocco,MAR,1978,37.06919860839844,27.825580596923828,45.921260833740234
Morocco,MAR,1979,39.976341247558594,30.322359085083008,49.22822952270508
Morocco,MAR,1980,42.29988098144531,31.822919845581055,52.34783172607422
Morocco,MAR,1981,43.824440002441406,33.58784103393555,53.6432991027832
Morocco,MAR,1982,46.65504837036133,35.86125183105469,57.005279541015625
Morocco,MAR,1983,48.12916946411133,36.941349029541016,58.85839080810547
Morocco,MAR,1984,49.638519287109375,37.995121002197266,60.80916976928711
Morocco,MAR,1985,58.17382049560547,45.33412170410156,70.49764251708984
Morocco,MAR,1986,56.449951171875,44.61198043823242,67.81578826904297
Morocco,MAR,1987,55.93227005004883,44.62565994262695,66.79277038574219
Morocco,MAR,1988,52.00148010253906,40.5170783996582,63.03343963623047
Morocco,MAR,1989,44.55057907104492,34.98691177368164,53.73466110229492
Morocco,MAR,1990,50.83808135986328,41.371341705322266,59.92873001098633
Morocco,MAR,1991,47.22322082519531,38.40018081665039,55.70048904418945
Morocco,MAR,1992,45.81441116333008,37.61260986328125,53.70439147949219
Morocco,MAR,1993,46.21887969970703,38.29553985595703,53.85103988647461
Morocco,MAR,1994,46.365020751953125,38.73303985595703,53.721778869628906
Morocco,MAR,1995,48.00339889526367,40.18019104003906,55.54676818847656
Morocco,MAR,1996,48.787071228027344,41.41273880004883,55.8961296081543
Morocco,MAR,1997,50.551788330078125,43.394561767578125,57.45909118652344
Morocco,MAR,1998,53.805538177490234,46.492431640625,60.83982849121094
Morocco,MAR,1999,55.77500915527344,49.23413848876953,62.05091857910156
Morocco,MAR,2000,58.708900451660156,52.145259857177734,64.98858642578125
Morocco,MAR,2001,60.21664810180664,54.65256118774414,65.53163146972656
Morocco,MAR,2002,62.476600646972656,57.09458923339844,67.6319580078125
Morocco,MAR,2003,66.78034973144531,62.99761962890625,70.40522003173828
Morocco,MAR,2004,74.24163818359375,71.14055633544922,77.20844268798828
Morocco,MAR,2005,78.79193115234375,75.76741790771484,81.67845153808594
Morocco,MAR,2006,82.5032730102539,79.11959075927734,85.72599029541016
Morocco,MAR,2007,83.03486633300781,79.4531021118164,86.45182037353516
Morocco,MAR,2008,81.70568084716797,78.4917221069336,84.7736587524414
Morocco,MAR,2009,81.34088897705078,78.51261138916016,84.0393295288086
Morocco,MAR,2010,85.32665252685547,82.78192901611328,87.75118255615234
Morocco,MAR,2011,89.361572265625,87.04839324951172,91.56137084960938
Morocco,MAR,2012,98.0196304321289,96.44651794433594,99.51634979248047
Morocco,MAR,2013,96.02310180664062,95.51174926757812,96.5096435546875
Morocco,MAR,2014,96.30815887451172,95.44966125488281,97.12516784667969
Morocco,MAR,2015,96.2577133178711,95.272216796875,97.1955795288086
Morocco,MAR,2016,95.04203796386719,94.56421661376953,95.49629974365234
Morocco,MAR,2017,92.92952728271484,93.51541900634766,92.37348175048828
Morocco,MAR,2018,93.59745788574219,94.4017333984375,92.83505249023438
Morocco,MAR,2019,97.13572692871094,97.70501708984375,96.5967025756836
Morocco,MAR,2020,100.08811950683594,100.74784851074219,99.4639663696289
Mozambique,MOZ,1973,8.548800468444824,5.137549877166748,11.977669715881348
Mozambique,MOZ,1982,36.70137023925781,23.344770431518555,50.0561408996582
Mozambique,MOZ,1983,28.65740966796875,18.893159866333008,38.40262985229492
Mozambique,MOZ,1984,33.98735046386719,23.19348907470703,44.77043914794922
Mozambique,MOZ,1985,34.37651062011719,24.59840965270996,44.179931640625
Mozambique,MOZ,1986,46.073150634765625,36.568031311035156,55.61003875732422
Mozambique,MOZ,1987,34.6079216003418,26.864839553833008,42.38832092285156
Mozambique,MOZ,1988,27.322580337524414,20.09992027282715,34.593929290771484
Mozambique,MOZ,1989,26.948949813842773,20.564029693603516,33.38005065917969
Mozambique,MOZ,1990,28.10638999938965,21.996469497680664,34.24966812133789
Mozambique,MOZ,1991,28.222949981689453,22.31991958618164,34.23448944091797
Mozambique,MOZ,1992,26.152469635009766,20.900270462036133,31.545289993286133
Mozambique,MOZ,1993,25.769500732421875,20.437299728393555,31.270790100097656
Mozambique,MOZ,1994,25.983400344848633,20.019939422607422,32.14453887939453
Mozambique,MOZ,1995,26.360370635986328,20.242149353027344,32.66300964355469
Mozambique,MOZ,1999,14.380550384521484,11.290160179138184,17.49747085571289
Mozambique,MOZ,2000,16.57522964477539,12.872380256652832,20.290529251098633
Mozambique,MOZ,2001,19.369380950927734,14.757189750671387,23.999439239501953
Mozambique,MOZ,2002,22.770309448242188,17.611169815063477,27.962909698486328
Mozambique,MOZ,2004,29.848960876464844,23.906049728393555,35.85503005981445
Mozambique,MOZ,2005,41.82891845703125,34.18732833862305,49.565608978271484
Mozambique,MOZ,2006,41.26380157470703,33.92667007446289,48.70029830932617
Mozambique,MOZ,2007,45.441898345947266,38.497039794921875,52.48208999633789
Mozambique,MOZ,2008,58.13262939453125,50.62776184082031,65.74205780029297
Mozambique,MOZ,2009,55.26905822753906,48.97203826904297,61.654300689697266
Mozambique,MOZ,2010,58.994850158691406,53.5831413269043,64.4810562133789
Mozambique,MOZ,2011,54.87825012207031,49.94221878051758,59.87931823730469
Mozambique,MOZ,2012,52.04405975341797,47.74272918701172,56.398521423339844
Mozambique,MOZ,2013,49.545631408691406,45.7004508972168,53.434810638427734
Mozambique,MOZ,2014,48.808998107910156,45.4658088684082,52.18717956542969
Mozambique,MOZ,2015,48.95317840576172,45.75094985961914,52.185298919677734
Mozambique,MOZ,2017,47.14291000366211,44.055240631103516,50.2493896484375
Mozambique,MOZ,2018,51.987640380859375,48.80506896972656,55.18378829956055
Mozambique,MOZ,2019,54.72869110107422,51.28657150268555,58.17911911010742
Mozambique,MOZ,2020,58.18402099609375,55.02037811279297,61.349788665771484
Myanmar,MMR,1971,35.51057815551758,29.561660766601562,41.70315933227539
Myanmar,MMR,1972,33.698089599609375,27.969459533691406,39.650638580322266
Myanmar,MMR,1973,41.46263885498047,34.413230895996094,48.7713508605957
Myanmar,MMR,1974,39.080291748046875,33.40911102294922,44.94221115112305
Myanmar,MMR,1999,70.40447235107422,68.10063171386719,72.70880126953125
Myanmar,MMR,2000,76.45822143554688,74.10453033447266,78.8110580444336
Myanmar,MMR,2001,75.71192932128906,74.8057632446289,76.6170883178711
Myanmar,MMR,2002,76.6538314819336,76.08757781982422,77.21932983398438
Myanmar,MMR,2003,78.8134994506836,78.34868621826172,79.2774887084961
Myanmar,MMR,2004,80.666259765625,79.9691162109375,81.36167907714844
Myanmar,MMR,2006,84.81340026855469,,
Myanmar,MMR,2007,84.85330200195312,87.03118133544922,82.6848373413086
Myanmar,MMR,2008,85.65215301513672,86.1829605102539,85.12394714355469
Myanmar,MMR,2009,84.56768798828125,85.08881378173828,84.04952239990234
Myanmar,MMR,2010,84.92346954345703,86.45926666259766,83.39765167236328
Myanmar,MMR,2018,95.39961242675781,94.7794189453125,96.01347351074219
Namibia,NAM,1992,72.96784210205078,79.08920288085938,66.73052215576172
Namibia,NAM,1994,70.32601928710938,73.79695129394531,66.79126739501953
Namibia,NAM,1995,67.6506576538086,,
Namibia,NAM,1996,75.62344360351562,,
Namibia,NAM,1998,94.16352844238281,98.5760726928711,89.67891693115234
Namibia,NAM,1999,92.96372985839844,96.8064193725586,89.06150817871094
Namibia,NAM,2000,89.43701171875,94.29888916015625,84.50536346435547
Namibia,NAM,2001,92.74832916259766,95.53111267089844,89.92204284667969
Namibia,NAM,2002,92.2425765991211,96.73085021972656,87.67671966552734
Namibia,NAM,2003,93.51019287109375,97.04042053222656,89.91317749023438
Namibia,NAM,2004,86.72067260742188,90.47232818603516,82.89398193359375
Namibia,NAM,2005,87.69803619384766,90.4908218383789,84.84725189208984
Namibia,NAM,2006,85.1093521118164,88.17913055419922,81.97389221191406
Namibia,NAM,2008,81.69798278808594,85.58867645263672,77.72815704345703
Namibia,NAM,2009,87.65257263183594,90.64179229736328,84.60652923583984
Namibia,NAM,2010,84.51628112792969,87.18305969238281,81.80349731445312
Namibia,NAM,2012,90.44270324707031,92.53443908691406,88.32325744628906
Namibia,NAM,2013,93.0200424194336,95.22614288330078,90.78814697265625
Namibia,NAM,2015,96.7214126586914,,
Namibia,NAM,2016,97.18126678466797,,
Namibia,NAM,2017,85.36904907226562,,
Namibia,NAM,2018,94.08621978759766,96.91571807861328,91.24179077148438
Namibia,NAM,2019,93.3026123046875,,
Nauru,NRU,2001,101.33928680419922,97.32142639160156,105.35713958740234
Nauru,NRU,2007,97.71688842773438,92.7272720336914,102.75228881835938
Nauru,NRU,2012,97.60765838623047,103.84615325927734,91.42857360839844
Nauru,NRU,2014,118.44660186767578,105.8823471069336,130.76922607421875
Nauru,NRU,2016,131.01852416992188,133.3333282470703,128.70370483398438
Nauru,NRU,2019,116.87763977050781,107.62712097167969,126.05042266845703
Nepal,NPL,1988,46.489830017089844,,
Nepal,NPL,1991,51.99401092529297,,
Nepal,NPL,1992,57.11106872558594,41.39939880371094,72.10871887207031
Nepal,NPL,1999,64.00843811035156,54.288818359375,73.41967010498047
Nepal,NPL,2000,66.7487564086914,56.775909423828125,76.41039276123047
Nepal,NPL,2001,66.50650024414062,58.89897918701172,73.8551025390625
Nepal,NPL,2002,71.5650634765625,63.4393310546875,79.45957946777344
Nepal,NPL,2003,72.62728118896484,65.63626861572266,79.3797836303711
Nepal,NPL,2004,72.82317352294922,65.94367980957031,79.44354248046875
Nepal,NPL,2005,76.15547943115234,70.34944915771484,81.70636749267578
Nepal,NPL,2006,77.01020812988281,73.01611328125,80.79947662353516
Nepal,NPL,2008,77.77893829345703,77.26580810546875,78.26188659667969
Nepal,NPL,2012,104.31405639648438,109.1658706665039,99.75813293457031
Nepal,NPL,2013,105.54476165771484,110.41883087158203,100.97650909423828
Nepal,NPL,2014,109.1984634399414,114.8125,103.90234375
Nepal,NPL,2015,111.830810546875,117.19503784179688,106.70728302001953
Nepal,NPL,2016,116.80219268798828,121.83975982666016,111.94743347167969
Nepal,NPL,2017,121.7222671508789,125.384521484375,118.10730743408203
Nepal,NPL,2019,120.44734191894531,123.21302032470703,117.66454315185547
Netherlands,NLD,1971,97.96949005126953,99.55162811279297,96.45802307128906
Netherlands,NLD,1972,95.91841125488281,97.35852813720703,94.54251098632812
Netherlands,NLD,1973,95.71656036376953,97.64537048339844,93.873779296875
Netherlands,NLD,1974,94.58332824707031,96.46378326416016,92.78672790527344
Netherlands,NLD,1975,94.37258911132812,96.01470947265625,92.80339050292969
Netherlands,NLD,1976,94.69278717041016,96.40767669677734,93.05345916748047
Netherlands,NLD,1977,93.76338195800781,95.14114379882812,92.44708251953125
Netherlands,NLD,1978,92.59317016601562,94.491943359375,90.77915954589844
Netherlands,NLD,1979,92.06522369384766,93.63419342041016,90.56555938720703
Netherlands,NLD,1980,92.79727172851562,94.54885864257812,91.12184143066406
Netherlands,NLD,1981,97.54096984863281,99.85135650634766,95.32975769042969
Netherlands,NLD,1982,99.49633026123047,101.74616241455078,97.34346771240234
Netherlands,NLD,1983,98.85569763183594,100.77680969238281,97.0177001953125
Netherlands,NLD,1984,97.0554428100586,99.336669921875,94.8735580444336
Netherlands,NLD,1985,92.65477752685547,94.884521484375,90.52307891845703
New Zealand,NZL,1970,102.1515884399414,100.82649993896484,103.42339324951172
New Zealand,NZL,1971,104.2076416015625,104.52790832519531,103.90103149414062
New Zealand,NZL,1972,106.13786315917969,106.6485824584961,105.64969635009766
New Zealand,NZL,1973,105.16178131103516,105.6019287109375,104.74128723144531
New Zealand,NZL,1974,102.1568374633789,101.79398345947266,102.50411224365234
New Zealand,NZL,1975,99.93631744384766,98.90516662597656,100.92704772949219
New Zealand,NZL,1976,99.22129821777344,98.28044128417969,100.12625122070312
New Zealand,NZL,1977,100.60517883300781,100.6583480834961,100.55397033691406
New Zealand,NZL,1978,101.61409759521484,101.744873046875,101.48798370361328
New Zealand,NZL,1979,103.45796203613281,102.7105712890625,104.17974090576172
Nicaragua,NIC,1970,25.567880630493164,26.764219284057617,24.40583038330078
Nicaragua,NIC,1971,29.02397918701172,30.457439422607422,27.632299423217773
Nicaragua,NIC,1972,29.295650482177734,30.922910690307617,27.716049194335938
Nicaragua,NIC,1973,31.712020874023438,33.907371520996094,29.58234977722168
Nicaragua,NIC,1974,29.751529693603516,,
Nicaragua,NIC,1977,34.62916946411133,38.0258903503418,31.336620330810547
Nicaragua,NIC,1978,34.36349868774414,37.549461364746094,31.275379180908203
Nicaragua,NIC,1979,30.504560470581055,33.470458984375,27.630069732666016
Nicaragua,NIC,1980,34.3155517578125,38.58222961425781,30.17947006225586
Nicaragua,NIC,1982,31.211179733276367,35.06060028076172,27.47100067138672
Nicaragua,NIC,1983,30.79585075378418,34.153221130371094,27.53265953063965
Nicaragua,NIC,1984,29.235700607299805,33.17100143432617,25.411720275878906
Nicaragua,NIC,1985,31.352800369262695,36.358551025390625,26.489009857177734
Nicaragua,NIC,1986,38.36439895629883,44.04800033569336,32.82917022705078
Nicaragua,NIC,1987,47.36021041870117,54.279659271240234,40.612728118896484
Nicaragua,NIC,1988,47.96350860595703,55.60757064819336,40.51224899291992
Nicaragua,NIC,1989,41.66032028198242,,
Nicaragua,NIC,1990,39.150428771972656,,
Nicaragua,NIC,1991,42.108821868896484,,
Nicaragua,NIC,1992,44.26884078979492,,
Nicaragua,NIC,1993,48.50019073486328,53.7093505859375,43.46355056762695
Nicaragua,NIC,1994,53.671119689941406,58.6986198425293,48.823509216308594
Nicaragua,NIC,1995,49.2701301574707,53.82141876220703,44.89387130737305
Nicaragua,NIC,1999,66.70590209960938,70.08348083496094,63.47528076171875
Nicaragua,NIC,2000,65.76513671875,70.25470733642578,61.47874069213867
Nicaragua,NIC,2001,66.88876342773438,72.15292358398438,61.86233139038086
Nicaragua,NIC,2002,74.68699645996094,79.56182861328125,70.0306396484375
Nicaragua,NIC,2003,74.48979949951172,78.85279083251953,70.32205963134766
Nicaragua,NIC,2004,75.51402282714844,79.69229888916016,71.52208709716797
Nicaragua,NIC,2005,79.23751068115234,83.28238677978516,75.37480163574219
Nicaragua,NIC,2006,79.80110931396484,83.87606811523438,75.92146301269531
Nicaragua,NIC,2007,80.65653991699219,85.14647674560547,76.38887023925781
Nicaragua,NIC,2008,80.15252685546875,84.8760986328125,75.67095184326172
Nicaragua,NIC,2010,84.87586212158203,88.80120086669922,81.1632308959961
Niger,NER,1971,5.310800075531006,3.26557993888855,7.280749797821045
Niger,NER,1972,6.460929870605469,4.1113600730896,8.744580268859863
Niger,NER,1973,6.551760196685791,4.224209785461426,8.813260078430176
Niger,NER,1974,6.4794697761535645,4.395949840545654,8.497790336608887
Niger,NER,1975,6.861660003662109,4.663730144500732,8.974200248718262
Niger,NER,1976,7.512189865112305,5.125360012054443,9.78656005859375
Niger,NER,1977,8.403820037841797,5.916329860687256,10.845330238342285
Niger,NER,1978,10.246009826660156,7.070940017700195,13.409500122070312
Niger,NER,1979,10.671640396118164,9.337809562683105,11.993379592895508
Niger,NER,1980,13.720979690551758,10.558380126953125,16.775270462036133
Niger,NER,1981,14.634129524230957,10.807909965515137,18.23365020751953
Niger,NER,1982,16.930200576782227,11.47052001953125,22.058269500732422
Niger,NER,1983,18.34153938293457,12.508970260620117,23.880220413208008
Niger,NER,1984,19.982559204101562,13.78738021850586,25.90251922607422
Niger,NER,1985,19.633119583129883,14.037759780883789,25.00377082824707
Niger,NER,1986,21.679210662841797,15.51930046081543,27.606460571289062
Niger,NER,1987,22.74241065979004,16.179210662841797,29.233749389648438
Niger,NER,1989,14.869050025939941,10.71343994140625,18.994150161743164
Niger,NER,1990,16.323009490966797,10.967849731445312,21.514429092407227
Niger,NER,1991,17.367319107055664,12.76537036895752,21.716739654541016
Niger,NER,1992,18.18634033203125,13.246930122375488,22.87816047668457
Niger,NER,1993,16.10761070251465,12.675700187683105,19.404590606689453
Niger,NER,1995,13.45343017578125,9.765970230102539,17.004940032958984
Niger,NER,1996,13.853989601135254,13.739029884338379,13.964460372924805
Niger,NER,1997,17.817440032958984,13.496569633483887,22.033489227294922
Niger,NER,1998,18.78352928161621,14.262049674987793,23.224939346313477
Niger,NER,1999,19.38180923461914,14.56680965423584,24.100370407104492
Niger,NER,2000,18.379589080810547,14.540749549865723,22.095380783081055
Niger,NER,2001,19.400440216064453,15.123600006103516,23.48406982421875
Niger,NER,2002,21.111499786376953,16.711410522460938,25.347829818725586
Niger,NER,2003,20.467269897460938,16.655960083007812,24.169410705566406
Niger,NER,2004,26.619510650634766,20.893369674682617,32.1876106262207
Niger,NER,2005,29.397750854492188,22.984010696411133,35.60361862182617
Niger,NER,2006,32.20075988769531,25.48982048034668,38.654048919677734
Niger,NER,2007,38.881858825683594,30.9366397857666,46.50577926635742
Niger,NER,2008,37.40855026245117,30.965190887451172,43.59632873535156
Niger,NER,2009,39.65544128417969,32.86037826538086,46.18741989135742
Niger,NER,2010,39.68682098388672,34.00812911987305,45.15419006347656
Niger,NER,2011,44.36259078979492,37.617210388183594,50.86676025390625
Niger,NER,2012,47.7938117980957,41.5736083984375,53.796348571777344
Niger,NER,2013,47.71931076049805,42.243621826171875,53.004371643066406
Niger,NER,2014,57.60813903808594,50.74103927612305,64.23919677734375
Niger,NER,2015,68.10016632080078,61.389320373535156,74.58405303955078
Niger,NER,2016,71.62693786621094,65.04421997070312,77.9905776977539
Niger,NER,2019,62.26213836669922,57.306949615478516,67.05831909179688
Niger,NER,2020,51.19453811645508,48.60884094238281,53.6974983215332
Nigeria,NGA,2000,82.17640686035156,73.73114776611328,90.3509521484375
Nigeria,NGA,2004,79.98754119873047,71.86878204345703,87.8458480834961
Nigeria,NGA,2005,83.13178253173828,74.980712890625,91.01863098144531
Nigeria,NGA,2006,91.1350326538086,80.22299194335938,101.69039916992188
Nigeria,NGA,2007,80.99420166015625,71.60855865478516,90.07288360595703
Nigeria,NGA,2008,69.8160400390625,64.11502838134766,75.32872009277344
Nigeria,NGA,2009,73.8031997680664,68.44174194335938,78.98457336425781
Nigeria,NGA,2010,73.79248809814453,68.93570709228516,78.48284149169922
North America,,1999,99.74952697753906,99.41619873046875,100.06717681884766
North America,,2000,99.90853118896484,99.54287719726562,100.25700378417969
North America,,2001,99.84371948242188,99.40899658203125,100.25859069824219
North America,,2002,99.78070831298828,99.27725219726562,100.26158905029297
North America,,2003,99.70732879638672,99.13719177246094,100.25215911865234
North America,,2004,99.6343994140625,98.99726867675781,100.24356842041016
North America,,2005,99.56356811523438,98.85917663574219,100.23780822753906
North America,,2006,99.4945297241211,98.7226791381836,100.23351287841797
North America,,2007,99.42935943603516,98.58831024169922,100.23470306396484
North America,,2008,99.36286926269531,98.4531478881836,100.23387145996094
North America,,2009,99.29586029052734,98.31759643554688,100.23236083984375
North America,,2010,99.23040771484375,98.18212890625,100.23420715332031
North America,,2011,99.1632080078125,98.04450225830078,100.23448944091797
North America,,2012,99.09559631347656,97.9071273803711,100.2332992553711
North America,,2013,99.02570343017578,97.77236938476562,100.22509765625
North America,,2014,98.9552001953125,97.63395690917969,100.21956634521484
North America,,2015,98.88751220703125,97.49716186523438,100.21808624267578
North America,,2016,98.81793975830078,97.36044311523438,100.21320343017578
North America,,2017,98.74645233154297,97.22534942626953,100.2034912109375
North America,,2018,99.898681640625,95.67987060546875,103.93415832519531
North America,,2019,100.25958251953125,102.87705993652344,97.75141143798828
North America,,2020,100.25868225097656,102.87451171875,97.7514419555664
North Korea,PRK,2009,97.33245849609375,96.77365112304688,97.86408996582031
North Macedonia,MKD,1993,94.66309356689453,,
North Macedonia,MKD,1994,94.6538314819336,,
North Macedonia,MKD,1995,93.16253662109375,94.19586944580078,92.18364715576172
North Macedonia,MKD,1996,95.71790313720703,95.55502319335938,95.87226104736328
North Macedonia,MKD,1997,96.41503143310547,96.81429290771484,96.03597259521484
North Macedonia,MKD,1998,100.0711898803711,,
North Macedonia,MKD,1999,99.55412292480469,97.58924865722656,101.42565155029297
North Macedonia,MKD,2000,96.17159271240234,95.20691680908203,97.0912094116211
North Macedonia,MKD,2001,94.85040283203125,93.29810333251953,96.33055114746094
North Macedonia,MKD,2002,96.16397857666016,97.10662841796875,95.264892578125
North Macedonia,MKD,2003,92.65184783935547,91.8529281616211,93.41412353515625
North Macedonia,MKD,2004,91.78143310546875,91.842529296875,91.7231216430664
North Macedonia,MKD,2005,93.1882095336914,93.34922790527344,93.0345687866211
North Macedonia,MKD,2006,91.71085357666016,89.66796875,93.65943145751953
North Macedonia,MKD,2007,91.5906982421875,90.33637237548828,92.78721618652344
North Macedonia,MKD,2008,91.76322174072266,91.45963287353516,92.05274963378906
North Macedonia,MKD,2009,91.7071533203125,90.91047668457031,92.46659851074219
North Macedonia,MKD,2013,89.72982025146484,88.95751190185547,90.46243286132812
North Macedonia,MKD,2014,90.13024139404297,90.01673889160156,90.23771667480469
North Macedonia,MKD,2015,91.28556823730469,91.16641235351562,91.39810943603516
North Macedonia,MKD,2017,91.10781860351562,90.794677734375,91.40203094482422
North Macedonia,MKD,2018,93.41673278808594,92.8591079711914,93.93965148925781
Norway,NOR,1971,98.98770141601562,103.67823791503906,94.50740051269531
Norway,NOR,1972,99.34136962890625,,
Norway,NOR,1973,97.58238983154297,97.91555786132812,97.26486206054688
Norway,NOR,1974,97.95021057128906,97.83480834960938,98.05999755859375
Norway,NOR,1975,99.47064208984375,100.05317687988281,98.91757202148438
Norway,NOR,1976,99.8838119506836,101.11100006103516,98.72068786621094
Norway,NOR,1977,101.55361938476562,101.14203643798828,101.9433364868164
Norway,NOR,1978,101.7591323852539,101.6729965209961,101.84066009521484
Norway,NOR,1979,100.90918731689453,100.72164154052734,101.086669921875
Norway,NOR,1980,98.85791778564453,99.06437683105469,98.6626968383789
Norway,NOR,1981,99.72508239746094,99.94496154785156,99.51717376708984
Norway,NOR,1982,100.64791107177734,100.94584655761719,100.36553955078125
Norway,NOR,1984,100.30718231201172,100.8581771850586,99.78211975097656
Norway,NOR,1985,99.79715728759766,100.09507751464844,99.51261138916016
Norway,NOR,1986,97.32209014892578,96.47621154785156,98.131103515625
Norway,NOR,1987,98.08267211914062,98.80201721191406,97.39430236816406
Norway,NOR,1988,96.27088165283203,96.46853637695312,96.08187866210938
Norway,NOR,1989,95.00759887695312,94.99456787109375,95.0200424194336
Norway,NOR,1990,95.12200164794922,95.46106719970703,94.798828125
Norway,NOR,1991,99.90062713623047,99.9725570678711,99.83219909667969
Norway,NOR,1992,101.1968994140625,101.10236358642578,101.28681182861328
Norway,NOR,1993,99.9805679321289,99.4740219116211,100.46253967285156
Norway,NOR,1998,97.69037628173828,97.73159790039062,97.65119171142578
Norway,NOR,1999,97.63311004638672,97.05892944335938,98.17912292480469
Norway,NOR,2000,97.92279052734375,98.72254943847656,97.16190338134766
Norway,NOR,2001,101.5475082397461,101.8333969116211,101.27548217773438
Norway,NOR,2002,102.71235656738281,102.55831146240234,102.85865020751953
Norway,NOR,2003,103.50533294677734,103.78964233398438,103.23583984375
Norway,NOR,2004,102.60324096679688,102.65093994140625,102.55806732177734
Norway,NOR,2005,100.05779266357422,99.50810241699219,100.57807159423828
Norway,NOR,2006,97.57623291015625,98.5506820678711,96.65454864501953
Norway,NOR,2007,97.81199645996094,98.01902770996094,97.61627960205078
Norway,NOR,2008,99.1596908569336,99.12235260009766,99.19497680664062
Norway,NOR,2009,101.26142120361328,101.07923889160156,101.43360137939453
Norway,NOR,2010,99.36022186279297,99.28015899658203,99.4359130859375
Norway,NOR,2011,97.66902160644531,98.13786315917969,97.22521209716797
Norway,NOR,2012,99.76106262207031,100.44513702392578,99.11251831054688
Norway,NOR,2013,101.044921875,100.9697494506836,101.11637115478516
Norway,NOR,2014,98.25798797607422,98.91716003417969,97.6289291381836
Norway,NOR,2015,97.96967315673828,97.88880920410156,98.04728698730469
Norway,NOR,2016,100.85543060302734,100.56841278076172,101.13230895996094
Norway,NOR,2017,101.03501892089844,100.60298919677734,101.45079803466797
Norway,NOR,2018,99.12390899658203,99.14031982421875,99.10820007324219
Norway,NOR,2019,100.5062484741211,100.29303741455078,100.70966339111328
Oman,OMN,1974,1.5219500064849854,0.720990002155304,2.30361008644104
Oman,OMN,1975,4.235459804534912,0.7795400023460388,7.601150035858154
Oman,OMN,1976,7.621150016784668,2.8343400955200195,12.255769729614258
Oman,OMN,1977,16.82308006286621,,
Oman,OMN,1978,18.28862953186035,7.733719825744629,28.542959213256836
Oman,OMN,1979,23.838809967041016,12.22898006439209,35.11164093017578
Oman,OMN,1983,36.403568267822266,23.37689971923828,49.03269958496094
Oman,OMN,1984,42.65456008911133,29.459659576416016,55.45330047607422
Oman,OMN,1985,41.834190368652344,29.971160888671875,53.345359802246094
Oman,OMN,1986,45.46181869506836,35.98651123046875,54.650550842285156
Oman,OMN,1987,48.02898025512695,39.151920318603516,56.70528030395508
Oman,OMN,1988,54.76462936401367,46.806278228759766,62.59880828857422
Oman,OMN,1989,61.9228515625,54.55125045776367,69.19319152832031
Oman,OMN,1990,65.07015228271484,62.138648986816406,67.94085693359375
Oman,OMN,1992,73.8967514038086,69.71395111083984,77.93692779541016
Oman,OMN,1994,71.75672149658203,70.88069915771484,72.57964324951172
Oman,OMN,1995,74.24698638916016,73.60704040527344,74.84532928466797
Oman,OMN,1996,76.87992858886719,77.12061309814453,76.65068817138672
Oman,OMN,1997,79.30245971679688,80.77178192138672,77.91879272460938
Oman,OMN,1998,81.53141021728516,82.3511962890625,80.75879669189453
Oman,OMN,1999,83.85643768310547,84.3230209350586,83.41459655761719
Oman,OMN,2000,82.94512176513672,82.03125,83.81221008300781
Oman,OMN,2001,84.41490173339844,84.68988800048828,84.15467834472656
Oman,OMN,2002,87.46424102783203,85.85169982910156,89.017578125
Oman,OMN,2003,89.4449462890625,87.5500717163086,91.28278350830078
Oman,OMN,2009,96.38111114501953,93.9039535522461,98.81265258789062
Oman,OMN,2011,97.0815200805664,98.68614959716797,95.58667755126953
Oman,OMN,2012,101.211669921875,100.95673370361328,101.45797729492188
Oman,OMN,2013,96.1275405883789,97.70976257324219,94.58094024658203
Oman,OMN,2014,103.95745849609375,105.19709777832031,102.76065826416016
Oman,OMN,2015,99.828857421875,100.380126953125,99.3039779663086
Oman,OMN,2016,103.64806365966797,103.6220932006836,103.6729736328125
Oman,OMN,2017,107.36402130126953,105.89208221435547,108.82713317871094
Oman,OMN,2018,100.35710144042969,103.45667266845703,97.56369018554688
Oman,OMN,2019,100.91262817382812,105.55873107910156,96.80130004882812
Oman,OMN,2020,99.20173645019531,102.82511901855469,95.90957641601562
Pakistan,PAK,2005,60.1603889465332,50.05447006225586,69.67439270019531
Pakistan,PAK,2006,59.22394943237305,50.92182159423828,67.01142120361328
Pakistan,PAK,2007,59.212921142578125,52.896568298339844,65.12004852294922
Pakistan,PAK,2008,58.9740104675293,52.623809814453125,64.89337921142578
Pakistan,PAK,2009,59.39558029174805,52.89113998413086,65.43683624267578
Pakistan,PAK,2010,62.30638885498047,56.11716842651367,68.03323364257812
Pakistan,PAK,2011,60.40692901611328,54.483829498291016,65.86917877197266
Pakistan,PAK,2012,63.486209869384766,58.4075813293457,68.15596008300781
Pakistan,PAK,2013,63.74631118774414,58.373191833496094,68.67778778076172
Pakistan,PAK,2014,64.54271697998047,58.68865966796875,69.9190902709961
Pakistan,PAK,2016,64.95687103271484,58.84320068359375,70.61134338378906
Pakistan,PAK,2018,71.07129669189453,64.24922943115234,77.4183120727539
Pakistan,PAK,2019,72.92545318603516,67.66831970214844,77.82138061523438
Palau,PLW,2000,95.23809814453125,83.33332824707031,107.3446273803711
Palau,PLW,2004,103.90625,,
Palau,PLW,2013,112.60870361328125,114.54544830322266,110.83332824707031
Palau,PLW,2014,100.4291763305664,94.69026947021484,105.83332824707031
Palestine,PSE,1995,87.46034240722656,87.20011138916016,87.70992279052734
Palestine,PSE,1996,87.02519226074219,86.60295104980469,87.43009948730469
Palestine,PSE,1997,86.20417022705078,86.1559829711914,86.2503662109375
Palestine,PSE,1999,94.23589324951172,94.2486572265625,94.22364044189453
Palestine,PSE,2000,94.14679718017578,94.43814849853516,93.86753845214844
Palestine,PSE,2001,95.70796203613281,96.47138977050781,94.9763412475586
Palestine,PSE,2002,92.85392761230469,93.5702896118164,92.16758728027344
Palestine,PSE,2003,97.4004898071289,97.52281188964844,97.28333282470703
Palestine,PSE,2004,90.4326400756836,90.8442611694336,90.0384521484375
Palestine,PSE,2005,92.98548126220703,92.84803009033203,93.1170883178711
Palestine,PSE,2007,86.13907623291016,86.22811889648438,86.05378723144531
Palestine,PSE,2008,87.79605102539062,87.01558685302734,88.54399108886719
Palestine,PSE,2009,89.8479232788086,89.28231048583984,90.39026641845703
Palestine,PSE,2010,95.00283813476562,92.4984130859375,97.40574645996094
Palestine,PSE,2011,91.79595184326172,92.44827270507812,91.1697998046875
Palestine,PSE,2012,92.23401641845703,90.52570343017578,93.87397766113281
Palestine,PSE,2013,96.0062026977539,95.77677154541016,96.2264175415039
Palestine,PSE,2014,100.05496978759766,98.05594635009766,101.97306823730469
Palestine,PSE,2015,99.07182312011719,98.41140747070312,99.7051773071289
Palestine,PSE,2016,97.05693054199219,97.02237701416016,97.09004974365234
Palestine,PSE,2017,99.825439453125,100.41854095458984,99.2571029663086
Palestine,PSE,2018,96.8525390625,97.2925033569336,96.43128204345703
Palestine,PSE,2019,96.32247924804688,96.77159881591797,95.8927230834961
Palestine,PSE,2020,101.64119720458984,101.25408935546875,102.01152801513672
Panama,PAN,1970,64.33580780029297,64.55280303955078,64.12545013427734
Panama,PAN,1971,68.56932067871094,68.49828338623047,68.63816833496094
Panama,PAN,1972,72.6221694946289,73.2764892578125,71.98835754394531
Panama,PAN,1973,78.44544219970703,79.2933120727539,77.62438201904297
Panama,PAN,1974,81.13504791259766,81.3892822265625,80.88887023925781
Panama,PAN,1975,84.73023986816406,84.33219146728516,85.11585998535156
Panama,PAN,1976,97.87271118164062,100.11354064941406,95.70184326171875
Panama,PAN,1977,94.31022644042969,94.88549041748047,93.75285339355469
Panama,PAN,1978,91.60249328613281,93.09954833984375,90.15203857421875
Panama,PAN,1979,90.37751007080078,91.4131088256836,89.37438201904297
Panama,PAN,1980,85.84020233154297,87.85955047607422,83.88501739501953
Panama,PAN,1981,83.75715637207031,84.73194885253906,82.81427764892578
Panama,PAN,1982,81.95089721679688,84.23615264892578,79.74320220947266
Panama,PAN,1983,83.07360076904297,84.74299621582031,81.46289825439453
Panama,PAN,1984,79.1581802368164,79.50798034667969,78.8210678100586
Panama,PAN,1985,80.63146209716797,81.65106964111328,79.64949035644531
Panama,PAN,1986,80.76473236083984,81.4503402709961,80.1046371459961
Panama,PAN,1987,81.14060974121094,81.68131256103516,80.6202621459961
Panama,PAN,1988,79.50862121582031,79.8812484741211,79.1501235961914
Panama,PAN,1989,80.83841705322266,81.24482727050781,80.44763946533203
Panama,PAN,1999,89.80497741699219,89.52227020263672,90.07659912109375
Panama,PAN,2000,92.05299377441406,91.48468017578125,92.59937286376953
Panama,PAN,2001,92.33393096923828,92.3172378540039,92.34998321533203
Panama,PAN,2002,92.76725006103516,93.0179672241211,92.52599334716797
Panama,PAN,2004,93.4228286743164,93.50849151611328,93.3403091430664
Panama,PAN,2005,92.95417022705078,92.6407470703125,93.25627136230469
Panama,PAN,2006,90.40280151367188,90.20069885253906,90.59770202636719
Panama,PAN,2007,94.58335876464844,94.74874114990234,94.42381286621094
Panama,PAN,2008,97.69869232177734,97.55943298339844,97.83309936523438
Panama,PAN,2009,97.70272827148438,97.19217681884766,98.19564056396484
Panama,PAN,2010,93.94219970703125,93.80293273925781,94.07660675048828
Panama,PAN,2011,98.54006958007812,98.29656219482422,98.77481842041016
Panama,PAN,2012,100.63545227050781,100.35459899902344,100.9059066772461
Panama,PAN,2013,99.64926147460938,99.02774047851562,100.2471694946289
Panama,PAN,2014,96.80075073242188,95.49484252929688,98.0558090209961
Panama,PAN,2017,89.79547119140625,89.05072021484375,90.50984191894531
Panama,PAN,2020,86.07540130615234,86.1596908569336,85.99463653564453
Papua New Guinea,PNG,1987,41.32038116455078,37.3696403503418,45.064239501953125
Papua New Guinea,PNG,1988,43.419151306152344,39.03622817993164,47.5725212097168
Papua New Guinea,PNG,1989,42.96202087402344,39.1834716796875,46.5432014465332
Papua New Guinea,PNG,1990,41.54188919067383,37.208438873291016,45.64990997314453
Papua New Guinea,PNG,1991,39.619361877441406,35.90898895263672,43.136131286621094
Papua New Guinea,PNG,1992,40.229469299316406,35.92163848876953,44.311981201171875
Papua New Guinea,PNG,1994,45.49475860595703,40.95161056518555,49.80002975463867
Papua New Guinea,PNG,1995,45.38935089111328,41.51662063598633,49.05897903442383
Papua New Guinea,PNG,1996,46.589290618896484,42.085350036621094,50.85725021362305
Papua New Guinea,PNG,1997,45.10974884033203,41.58229064941406,48.452301025390625
Papua New Guinea,PNG,1998,46.310150146484375,41.95563888549805,50.435909271240234
Papua New Guinea,PNG,2000,50.02368927001953,45.80651092529297,54.01755142211914
Papua New Guinea,PNG,2001,50.94588088989258,46.56391906738281,55.09334182739258
Papua New Guinea,PNG,2002,52.40367126464844,47.30712127685547,57.22352981567383
Papua New Guinea,PNG,2003,54.35295104980469,49.7725715637207,58.68135070800781
Papua New Guinea,PNG,2014,72.700927734375,66.64527893066406,78.3850326538086
Papua New Guinea,PNG,2016,77.12384796142578,71.5294418334961,82.36917877197266
Paraguay,PRY,1970,43.641639709472656,42.081138610839844,45.13172912597656
Paraguay,PRY,1971,45.54291915893555,,
Paraguay,PRY,1972,44.229339599609375,43.23414993286133,45.18857955932617
Paraguay,PRY,1973,47.41904830932617,46.30662155151367,48.49081039428711
Paraguay,PRY,1974,48.521671295166016,47.619049072265625,49.38832092285156
Paraguay,PRY,1975,48.76581954956055,48.39836883544922,49.11716842651367
Paraguay,PRY,1976,49.932838439941406,49.630069732666016,50.22309112548828
Paraguay,PRY,1977,51.48653030395508,50.92705154418945,52.02397918701172
Paraguay,PRY,1978,52.20962905883789,51.74637985229492,52.6545295715332
Paraguay,PRY,1980,54.527801513671875,53.92815017700195,55.10108184814453
Paraguay,PRY,1981,57.543479919433594,57.143558502197266,57.92631149291992
Paraguay,PRY,1982,59.60919189453125,58.53718185424805,60.63774871826172
Paraguay,PRY,1983,62.628639221191406,61.743350982666016,63.47787094116211
Paraguay,PRY,1984,64.38258361816406,63.70499038696289,65.03233337402344
Paraguay,PRY,1985,66.230712890625,65.51731872558594,66.91446685791016
Paraguay,PRY,1986,64.6822280883789,64.40618133544922,64.9471664428711
Paraguay,PRY,1987,64.8681411743164,64.65048217773438,65.07731628417969
Paraguay,PRY,1988,64.28424835205078,64.060546875,64.4993896484375
Paraguay,PRY,1989,64.07569885253906,64.26950073242188,63.88928985595703
Paraguay,PRY,1990,65.23925018310547,65.43131256103516,65.0545425415039
Paraguay,PRY,1991,68.78182983398438,69.84821319580078,67.75641632080078
Paraguay,PRY,1992,69.96626281738281,71.1871566772461,68.79300689697266
Paraguay,PRY,1993,76.08013916015625,77.94345092773438,74.2891616821289
Paraguay,PRY,1994,76.09539031982422,77.53077697753906,74.71623992919922
Paraguay,PRY,1995,77.84468841552734,79.45928955078125,76.29347229003906
Paraguay,PRY,1996,81.75520324707031,83.01728057861328,80.54295349121094
Paraguay,PRY,1998,91.43164825439453,93.32097625732422,89.61643981933594
Paraguay,PRY,1999,88.22850799560547,90.25801086425781,86.27789306640625
Paraguay,PRY,2000,91.032958984375,92.11963653564453,89.98845672607422
Paraguay,PRY,2001,91.10053253173828,92.58851623535156,89.67093658447266
Paraguay,PRY,2002,92.78909301757812,93.72551727294922,91.88973236083984
Paraguay,PRY,2003,95.2509536743164,96.17481231689453,94.36402130126953
Paraguay,PRY,2004,94.03040313720703,95.25714874267578,92.8532485961914
Paraguay,PRY,2005,94.39012145996094,95.79480743408203,93.04271697998047
Paraguay,PRY,2006,93.23162078857422,94.22515869140625,92.27902221679688
Paraguay,PRY,2007,93.82009887695312,95.1122817993164,92.58213806152344
Paraguay,PRY,2008,93.5335693359375,94.82736206054688,92.29541015625
Paraguay,PRY,2009,93.14137268066406,94.89053344726562,91.46900939941406
Paraguay,PRY,2010,91.68022918701172,92.67198944091797,90.73236083984375
Paraguay,PRY,2011,88.78321838378906,89.64051818847656,87.96376037597656
Paraguay,PRY,2012,88.03662109375,88.81475830078125,87.29290771484375
Paraguay,PRY,2013,88.7099380493164,,
Paraguay,PRY,2014,91.05509185791016,,
Paraguay,PRY,2015,88.35977935791016,,
Paraguay,PRY,2016,87.18881225585938,,
Paraguay,PRY,2020,75.03524780273438,74.48539733886719,75.56172180175781
Peru,PER,1970,62.21110153198242,61.60182189941406,62.80440139770508
Peru,PER,1973,63.68893814086914,,
Peru,PER,1974,66.88397979736328,,
Peru,PER,1975,68.24017333984375,,
Peru,PER,1976,74.33056640625,,
Peru,PER,1977,80.78862762451172,73.96517944335938,87.41858673095703
Peru,PER,1978,79.75202941894531,73.26934814453125,86.04550170898438
Peru,PER,1979,79.77172088623047,73.56330108642578,85.7947998046875
Peru,PER,1980,78.19718933105469,74.0312728881836,82.23834228515625
Peru,PER,1981,76.55168151855469,72.05660247802734,80.9111099243164
Peru,PER,1985,80.63450622558594,,
Peru,PER,1993,84.75939178466797,83.29154205322266,86.16963958740234
Peru,PER,1995,85.029541015625,85.1953125,84.87043762207031
Peru,PER,1998,93.24542236328125,91.96749114990234,94.47441864013672
Peru,PER,1999,97.95111083984375,96.97535705566406,98.88990020751953
Peru,PER,2000,96.83503723144531,95.68309783935547,97.94271850585938
Peru,PER,2001,92.93534851074219,91.97514343261719,93.85806274414062
Peru,PER,2002,92.84632110595703,92.29425048828125,93.37680053710938
Peru,PER,2003,97.46295928955078,97.33190155029297,97.58895111083984
Peru,PER,2004,97.17108154296875,96.96880340576172,97.3655776977539
Peru,PER,2005,97.35832977294922,97.40734100341797,97.31121826171875
Peru,PER,2006,99.45909118652344,100.09596252441406,98.8532485961914
Peru,PER,2007,102.44876861572266,103.39215850830078,101.55410766601562
Peru,PER,2008,101.93164825439453,102.77958679199219,101.1227798461914
Peru,PER,2009,99.36102294921875,99.76107788085938,98.97569274902344
Peru,PER,2010,101.16323852539062,101.50836181640625,100.82929229736328
Peru,PER,2011,99.37333679199219,99.73837280273438,99.022216796875
Peru,PER,2012,94.7825927734375,94.86151123046875,94.70697784423828
Peru,PER,2013,96.8405990600586,97.5147705078125,96.19756317138672
Peru,PER,2014,97.86360168457031,98.9520263671875,96.82984161376953
Peru,PER,2015,100.40505981445312,101.29324340820312,99.56170654296875
Peru,PER,2016,104.52886962890625,104.1294937133789,104.91655731201172
Peru,PER,2017,97.44566345214844,95.9728775024414,98.90328216552734
Peru,PER,2018,96.10073852539062,94.08625793457031,98.12895202636719
Peru,PER,2019,98.70532989501953,95.95271301269531,101.51593017578125
Philippines,PHL,1981,85.8138427734375,88.01841735839844,83.7091064453125
Philippines,PHL,1983,90.04151916503906,92.86062622070312,87.3485107421875
Philippines,PHL,1984,90.77742767333984,93.59573364257812,88.08448791503906
Philippines,PHL,1985,89.16893005371094,92.16610717773438,86.30451965332031
Philippines,PHL,1986,86.95989227294922,90.04293060302734,84.01226806640625
Philippines,PHL,1987,86.26950073242188,87.93814849853516,84.6729965209961
Philippines,PHL,1988,85.6707763671875,86.31613159179688,85.05281829833984
Philippines,PHL,1989,87.19975280761719,87.71304321289062,86.7079086303711
Philippines,PHL,1990,89.34030151367188,,
Philippines,PHL,1998,84.70333099365234,87.90902709960938,81.63493347167969
Philippines,PHL,1999,86.46980285644531,89.2679672241211,83.79350280761719
Philippines,PHL,2001,100.41461944580078,105.45821380615234,95.59297180175781
Philippines,PHL,2002,94.45062255859375,98.27658081054688,90.79194641113281
Philippines,PHL,2003,95.00768280029297,98.6593017578125,91.51435089111328
Philippines,PHL,2004,93.72178649902344,97.0696792602539,90.51844787597656
Philippines,PHL,2005,93.54663848876953,97.36499786376953,89.89462280273438
Philippines,PHL,2006,91.12139129638672,94.85183715820312,87.55751037597656
Philippines,PHL,2007,90.91187286376953,93.79289245605469,88.15705871582031
Philippines,PHL,2008,91.7959213256836,94.82572937011719,88.90509033203125
Philippines,PHL,2009,91.51911926269531,94.46063232421875,88.72467803955078
Philippines,PHL,2014,98.58690643310547,101.7200698852539,95.66706848144531
Philippines,PHL,2017,108.67752838134766,109.61415100097656,107.79509735107422
Philippines,PHL,2018,115.43689727783203,113.393310546875,117.37399291992188
Philippines,PHL,2019,105.75525665283203,105.05177307128906,106.42623138427734
Poland,POL,1971,94.29238891601562,,
Poland,POL,1972,93.03404998779297,,
Poland,POL,1973,92.19479370117188,,
Poland,POL,1974,95.38632202148438,,
Poland,POL,1975,97.10286712646484,,
Poland,POL,1976,100.54875183105469,,
Poland,POL,1977,100.37705993652344,,
Poland,POL,1978,98.45498657226562,,
Poland,POL,1979,96.84320068359375,,
Poland,POL,1980,96.0477523803711,,
Poland,POL,1981,94.34764099121094,,
Poland,POL,1982,94.04180145263672,,
Poland,POL,1983,94.91377258300781,,
Poland,POL,1984,93.83458709716797,,
Poland,POL,1985,95.8299331665039,,
Poland,POL,1986,97.15325927734375,,
Poland,POL,1987,98.76708221435547,,
Poland,POL,1988,100.0841293334961,,
Poland,POL,1989,100.90479278564453,,
Poland,POL,1990,97.80934143066406,,
Poland,POL,1991,96.11871337890625,,
Poland,POL,1992,97.15763092041016,,
Poland,POL,1993,99.23616790771484,,
Poland,POL,1994,95.66346740722656,,
Poland,POL,1995,95.18718719482422,,
Poland,POL,1996,97.98770904541016,,
Poland,POL,1997,99.13146209716797,,
Poland,POL,1998,97.37574005126953,,
Poland,POL,1999,96.56999969482422,,
Poland,POL,2000,95.68995666503906,,
Poland,POL,2001,97.52599334716797,,
Poland,POL,2002,97.12104797363281,,
Poland,POL,2003,97.93739318847656,,
Poland,POL,2004,98.01640319824219,,
Poland,POL,2005,94.62142944335938,,
Poland,POL,2006,93.37822723388672,,
Poland,POL,2007,93.11898803710938,,
Poland,POL,2009,92.85269165039062,92.85601806640625,92.84951782226562
Poland,POL,2010,93.4701919555664,93.33450317382812,93.59911346435547
Poland,POL,2011,93.63150024414062,93.2942123413086,93.9517822265625
Poland,POL,2012,94.65113067626953,94.39649200439453,94.89337158203125
Poland,POL,2013,96.64031982421875,96.36347961425781,96.90380096435547
Poland,POL,2014,96.91201782226562,96.83519744873047,96.98509216308594
Poland,POL,2015,100.04440307617188,100.46649169921875,99.64373779296875
Poland,POL,2016,101.75035858154297,102.76316833496094,100.79071807861328
Poland,POL,2017,106.2426986694336,107.61292266845703,104.94113159179688
Poland,POL,2018,94.3335189819336,93.95021057128906,94.6985092163086
Poland,POL,2019,95.02263641357422,94.45915985107422,95.55967712402344
Portugal,PRT,1972,56.2334098815918,58.30970001220703,54.21759033203125
Portugal,PRT,1973,59.8891716003418,61.48447036743164,58.339839935302734
Portugal,PRT,1974,65.9825668334961,68.47129821777344,63.56541061401367
Portugal,PRT,1975,72.35614776611328,73.03117370605469,71.70043182373047
Portugal,PRT,1976,66.53974151611328,68.27603149414062,64.85368347167969
Portugal,PRT,2018,99.5701904296875,99.45384216308594,99.68160247802734
Portugal,PRT,2019,100.12519073486328,99.15592193603516,101.0565185546875
Qatar,QAT,1971,61.48073959350586,50.10504150390625,71.82425689697266
Qatar,QAT,1972,64.4649887084961,61.59069061279297,66.85484313964844
Qatar,QAT,1973,65.06024169921875,67.42080688476562,63.17689895629883
Qatar,QAT,1974,62.8311882019043,66.52506256103516,59.86347961425781
Qatar,QAT,1975,67.94032287597656,73.08306884765625,63.63636016845703
Qatar,QAT,1976,75.04387664794922,73.80596923828125,76.14314270019531
Qatar,QAT,1977,74.0958023071289,72.3611068725586,75.62921905517578
Qatar,QAT,1978,89.58853149414062,89.86927795410156,89.3325424194336
Qatar,QAT,1979,88.12329864501953,91.04385375976562,85.325439453125
Qatar,QAT,1980,86.3768081665039,89.53215789794922,83.27586364746094
Qatar,QAT,1981,81.62323760986328,84.23673248291016,79.10447692871094
Qatar,QAT,1982,89.76480102539062,89.04737854003906,90.50366973876953
Qatar,QAT,1984,86.36976623535156,85.98345947265625,86.7400894165039
Qatar,QAT,1985,85.04067993164062,87.75961303710938,82.60870361328125
Qatar,QAT,1986,80.98399353027344,86.9186019897461,75.71849822998047
Qatar,QAT,1987,69.53125,74.84916687011719,64.79866027832031
Qatar,QAT,1988,74.61878967285156,78.8508071899414,70.80996704101562
Qatar,QAT,1989,74.17658996582031,77.5490493774414,71.05419921875
Qatar,QAT,1990,73.265869140625,75.2172622680664,71.395751953125
Qatar,QAT,1991,73.65097045898438,72.97972869873047,74.30744171142578
Qatar,QAT,1992,66.03312683105469,68.74028015136719,63.374900817871094
Qatar,QAT,1993,64.5838394165039,65.92537689208984,63.274658203125
Qatar,QAT,1994,64.16609191894531,65.1998062133789,63.177059173583984
Qatar,QAT,1995,59.25801086425781,63.404449462890625,55.379608154296875
Qatar,QAT,1996,50.85123062133789,54.13203811645508,47.79806900024414
Qatar,QAT,1998,90.19149017333984,93.35946655273438,87.23358154296875
Qatar,QAT,1999,93.88314819335938,95.0546875,92.7935562133789
Qatar,QAT,2003,100.42904663085938,94.26058197021484,106.90261840820312
Qatar,QAT,2005,93.98362731933594,93.97088623046875,93.9959716796875
Qatar,QAT,2006,89.62711334228516,93.95722198486328,85.84979248046875
Qatar,QAT,2007,103.67594146728516,100.28897094726562,107.06414031982422
Qatar,QAT,2008,106.38184356689453,101.46929168701172,111.39195251464844
Qatar,QAT,2009,101.87122344970703,102.95848083496094,100.84274291992188
Qatar,QAT,2011,95.49075317382812,99.10188293457031,92.28253936767578
Qatar,QAT,2013,96.38107299804688,98.79875946044922,94.15885162353516
Qatar,QAT,2014,91.95511627197266,95.78143310546875,88.42652893066406
Qatar,QAT,2015,92.64425659179688,93.57945251464844,91.77742767333984
Qatar,QAT,2016,94.748046875,94.02954864501953,95.43305969238281
Qatar,QAT,2017,95.66954803466797,94.25887298583984,97.08857727050781
Qatar,QAT,2018,95.78588104248047,94.8515396118164,96.7267074584961
Qatar,QAT,2019,95.02079772949219,93.65133666992188,96.33355712890625
Qatar,QAT,2020,95.96623992919922,99.16812133789062,93.05387115478516
Romania,ROU,1990,90.17816162109375,90.20519256591797,90.15242004394531
Romania,ROU,1993,80.29778289794922,81.180419921875,79.4577407836914
Romania,ROU,1995,88.10186004638672,,
Romania,ROU,1996,88.47573852539062,,
Romania,ROU,1997,92.64238739013672,,
Romania,ROU,1999,92.41178131103516,92.76397705078125,92.07617950439453
Romania,ROU,2000,93.34966278076172,93.77456665039062,92.94474029541016
Romania,ROU,2001,92.67195892333984,92.77729034423828,92.57164001464844
Romania,ROU,2002,89.34239196777344,89.1690673828125,89.50739288330078
Romania,ROU,2003,94.14788055419922,93.87081909179688,94.41143035888672
Romania,ROU,2004,99.36669158935547,99.01587677001953,99.70014190673828
Romania,ROU,2005,103.5839614868164,103.16372680664062,103.98320770263672
Romania,ROU,2006,99.747802734375,99.68612670898438,99.80638885498047
Romania,ROU,2008,93.02554321289062,92.4251708984375,93.5960922241211
Romania,ROU,2009,94.724609375,94.63166046142578,94.8130111694336
Romania,ROU,2010,96.60372161865234,96.46231842041016,96.73821258544922
Romania,ROU,2011,99.89517974853516,99.37016296386719,100.39405822753906
Romania,ROU,2012,97.34317779541016,96.5518569946289,98.09478759765625
Romania,ROU,2015,95.17481994628906,94.69706726074219,95.62793731689453
Romania,ROU,2016,91.86003112792969,92.0419692993164,91.68750762939453
Romania,ROU,2018,85.22177124023438,85.1902084350586,85.25161743164062
Romania,ROU,2019,85.28923034667969,84.95954895019531,85.60115051269531
Russia,RUS,1994,94.07672119140625,94.3531265258789,93.81009674072266
Russia,RUS,1995,92.13675689697266,92.147216796875,92.12669372558594
Russia,RUS,1999,90.25971221923828,,
Russia,RUS,2000,90.43620300292969,,
Russia,RUS,2001,92.26701354980469,,
Russia,RUS,2007,90.66230010986328,,
Russia,RUS,2008,93.2971420288086,,
Russia,RUS,2009,98.38200378417969,,
Russia,RUS,2011,97.11335754394531,,
Russia,RUS,2012,97.71768951416016,,
Russia,RUS,2013,100.10800170898438,,
Russia,RUS,2014,99.93402862548828,100.35526275634766,99.5323486328125
Russia,RUS,2015,100.2978515625,100.88746643066406,99.73551940917969
Russia,RUS,2016,96.14292907714844,96.70748138427734,95.60453796386719
Russia,RUS,2018,101.96321105957031,101.44178009033203,102.46061706542969
Russia,RUS,2019,105.2258529663086,104.74735260009766,105.68205261230469
Rwanda,RWA,1971,21.013219833374023,15.837779998779297,26.30483055114746
Rwanda,RWA,1972,22.820499420166016,17.077890396118164,28.691640853881836
Rwanda,RWA,1973,25.333660125732422,19.883670806884766,30.907079696655273
Rwanda,RWA,1974,26.551700592041016,20.667110443115234,32.56816864013672
Rwanda,RWA,1975,28.307720184326172,23.213699340820312,33.513179779052734
Rwanda,RWA,1977,30.282169342041016,25.98154067993164,34.67485809326172
Rwanda,RWA,1978,27.81941032409668,,
Rwanda,RWA,1980,37.54317855834961,34.788360595703125,40.35411834716797
Rwanda,RWA,1981,48.50830078125,45.32469177246094,51.75545883178711
Rwanda,RWA,1982,47.54627990722656,44.18482971191406,50.975059509277344
Rwanda,RWA,1983,45.693050384521484,43.31888961791992,48.11511993408203
Rwanda,RWA,1984,46.569488525390625,44.07666015625,49.11238098144531
Rwanda,RWA,1985,47.48394012451172,45.5992317199707,49.40576934814453
Rwanda,RWA,1986,43.74116897583008,42.10363006591797,45.40985107421875
Rwanda,RWA,1987,42.89767074584961,42.05807113647461,43.7523307800293
Rwanda,RWA,1988,43.26448059082031,42.242801666259766,44.30281066894531
Rwanda,RWA,1989,43.37263870239258,42.29962158203125,44.46173858642578
Rwanda,RWA,1990,42.48289108276367,41.4486083984375,43.53221893310547
Rwanda,RWA,1991,42.949459075927734,42.54462814331055,43.36043167114258
Rwanda,RWA,1992,46.19620895385742,44.995540618896484,47.41355895996094
Rwanda,RWA,1999,31.947250366210938,30.671499252319336,33.274471282958984
Rwanda,RWA,2000,25.08176040649414,23.09575080871582,27.092620849609375
Rwanda,RWA,2001,26.42844009399414,24.967920303344727,27.867570877075195
Rwanda,RWA,2002,32.06346893310547,31.316829681396484,32.80200958251953
Rwanda,RWA,2003,41.73659896850586,41.25638961791992,42.21910858154297
Rwanda,RWA,2004,40.76081848144531,40.11014175415039,41.42247009277344
Rwanda,RWA,2008,51.28987121582031,53.15855026245117,49.38943099975586
Rwanda,RWA,2009,69.37140655517578,72.84660339355469,65.86286926269531
Rwanda,RWA,2010,71.8742904663086,76.40711212158203,67.323486328125
Rwanda,RWA,2012,71.16143035888672,75.81683349609375,66.4810562133789
Rwanda,RWA,2013,69.1487808227539,74.97601318359375,63.28522872924805
Rwanda,RWA,2014,62.99047088623047,68.41544342041016,57.528160095214844
Rwanda,RWA,2015,63.350868225097656,68.98980712890625,57.67018127441406
Rwanda,RWA,2016,69.06014251708984,75.53838348388672,62.53432846069336
Rwanda,RWA,2017,78.19880676269531,88.13646697998047,68.19451141357422
Rwanda,RWA,2018,86.54634857177734,93.76998138427734,79.2791976928711
Rwanda,RWA,2019,97.40032958984375,104.12850952148438,90.63652801513672
Saint Kitts and Nevis,KNA,1992,119.0118179321289,105.20606994628906,132.55319213867188
Saint Kitts and Nevis,KNA,2000,115.14423370361328,125.77320098876953,105.8558578491211
Saint Kitts and Nevis,KNA,2001,114.62830352783203,124.28941345214844,106.26397705078125
Saint Kitts and Nevis,KNA,2002,116.78486633300781,121.06598663330078,113.0531005859375
Saint Kitts and Nevis,KNA,2003,103.67298889160156,98.48866271972656,108.27739715576172
Saint Kitts and Nevis,KNA,2004,113.73493957519531,121.26582336425781,106.89655303955078
Saint Kitts and Nevis,KNA,2005,112.68473052978516,116.36829376220703,109.26365661621094
Saint Kitts and Nevis,KNA,2007,101.35301208496094,102.22222137451172,100.49019622802734
Saint Kitts and Nevis,KNA,2008,93.91726684570312,92.77108001708984,95.08599853515625
Saint Kitts and Nevis,KNA,2009,105.76923370361328,104.23529052734375,107.37100982666016
Saint Kitts and Nevis,KNA,2010,102.03105926513672,97.91182708740234,106.40393829345703
Saint Kitts and Nevis,KNA,2011,108.71671295166016,110.61321258544922,106.71642303466797
Saint Kitts and Nevis,KNA,2012,110.34912872314453,108.82353210449219,111.9289321899414
Saint Kitts and Nevis,KNA,2013,109.09091186523438,110.6329116821289,107.51294708251953
Saint Kitts and Nevis,KNA,2014,101.9710922241211,105.51181030273438,98.42105102539062
Saint Kitts and Nevis,KNA,2015,107.95147705078125,108.10810852050781,107.79570007324219
Saint Kitts and Nevis,KNA,2016,98.08482360839844,99.45054626464844,96.7302474975586
Saint Lucia,LCA,1983,106.38543701171875,113.0383529663086,100
Saint Lucia,LCA,1984,101.53890991210938,107.1810073852539,96.13417053222656
Saint Lucia,LCA,1990,123.87596893310547,123.12030029296875,124.6163330078125
Saint Lucia,LCA,1991,116.74520874023438,112.22293090820312,121.19700622558594
Saint Lucia,LCA,1993,119.81423950195312,113.60543823242188,126.03843688964844
Saint Lucia,LCA,2002,105.43385314941406,106.56108856201172,104.2930679321289
Saint Lucia,LCA,2003,104.85713958740234,102.1701889038086,107.54717254638672
Saint Lucia,LCA,2004,104.11628723144531,100.6362075805664,107.56446838378906
Saint Lucia,LCA,2005,99.82563018798828,96.54161834716797,103.05476379394531
Saint Lucia,LCA,2006,106.84087371826172,105.27250671386719,108.38184356689453
Saint Lucia,LCA,2007,106.6409683227539,100.23851776123047,112.9717025756836
Saint Lucia,LCA,2012,90.67288208007812,92.59506225585938,88.75582122802734
Saint Lucia,LCA,2013,86.99272155761719,88.51775360107422,85.47718048095703
Saint Lucia,LCA,2014,91.33116149902344,88.92127990722656,93.7184066772461
Saint Lucia,LCA,2015,84.40228271484375,84.9503402709961,83.86123657226562
Saint Lucia,LCA,2016,95.49050903320312,90.67729187011719,100.23565673828125
Saint Lucia,LCA,2017,92.07717895507812,91.88069915771484,92.2701416015625
Saint Lucia,LCA,2018,94.89362335205078,92.43335723876953,97.30413055419922
Saint Lucia,LCA,2019,99.77935028076172,95.80357360839844,103.6649169921875
Saint Lucia,LCA,2020,100.36347198486328,104.88028717041016,95.96412658691406
Saint Vincent and the Grenadines,VCT,2003,92.9840087890625,99.5523681640625,86.51982116699219
Saint Vincent and the Grenadines,VCT,2004,102.10668182373047,113.9240493774414,90.4888916015625
Saint Vincent and the Grenadines,VCT,2008,109.47467041015625,105.62976837158203,113.19187927246094
Saint Vincent and the Grenadines,VCT,2010,93.84248352050781,93.30049133300781,94.35185241699219
Saint Vincent and the Grenadines,VCT,2011,88.33087158203125,96.33027648925781,80.85713958740234
Saint Vincent and the Grenadines,VCT,2012,101.71517944335938,102.46253204345703,101.01010131835938
Saint Vincent and the Grenadines,VCT,2013,111.13501739501953,108.9601821899414,113.19371795654297
Saint Vincent and the Grenadines,VCT,2014,103.06346130371094,103.27313995361328,102.86624145507812
Saint Vincent and the Grenadines,VCT,2015,99.39427185058594,102.05010986328125,96.90831756591797
Saint Vincent and the Grenadines,VCT,2016,98.7320785522461,101.14286041259766,96.4856185913086
Saint Vincent and the Grenadines,VCT,2017,92.71186065673828,91.39534759521484,93.95603942871094
Saint Vincent and the Grenadines,VCT,2018,105.54913330078125,111.22930908203125,100.11312103271484
Saint Vincent and the Grenadines,VCT,2019,104.91414642333984,102.2863998413086,107.45921325683594
Samoa,WSM,1994,95.06458282470703,,
Samoa,WSM,1995,94.29744720458984,,
Samoa,WSM,1996,92.99054718017578,,
Samoa,WSM,1997,98.9571304321289,,
Samoa,WSM,1998,97.59538269042969,,
Samoa,WSM,1999,95.1219482421875,89.87583923339844,99.91278076171875
Samoa,WSM,2000,94.04708862304688,95.50093078613281,92.71099853515625
Samoa,WSM,2001,92.20979309082031,95.03675842285156,89.62621307373047
Samoa,WSM,2002,96.77629089355469,,
Samoa,WSM,2003,100.19235229492188,,
Samoa,WSM,2004,98.3568115234375,,
Samoa,WSM,2005,105.6754379272461,,
Samoa,WSM,2006,105.65872955322266,,
Samoa,WSM,2007,110.35164642333984,111.10598754882812,109.66387176513672
Samoa,WSM,2009,104.48123931884766,101.15260314941406,107.53917694091797
Samoa,WSM,2010,106.48661041259766,106.39373779296875,106.57276916503906
Samoa,WSM,2011,105.8823471069336,108.67536926269531,103.27082061767578
Samoa,WSM,2012,106.2442626953125,103.59507751464844,108.7421875
Samoa,WSM,2013,110.55814361572266,108.0706787109375,112.9193115234375
Samoa,WSM,2014,107.5236587524414,104.9786605834961,109.93704986572266
Samoa,WSM,2015,110.32402038574219,112.033203125,108.71639251708984
Samoa,WSM,2016,110.70655059814453,109.65424346923828,111.68830871582031
Samoa,WSM,2017,107.06855773925781,109.61199188232422,104.70732879638672
Samoa,WSM,2018,104.7818832397461,103.75218200683594,105.73506164550781
Samoa,WSM,2019,108.87113952636719,112.42344665527344,105.58477783203125
Samoa,WSM,2020,111.3558578491211,107.82569885253906,114.62711334228516
San Marino,SMR,2018,87.86280059814453,92.78350830078125,82.70269775390625
San Marino,SMR,2019,102.89016723632812,114.90682983398438,92.43242645263672
San Marino,SMR,2020,90.243896484375,89.59538269042969,90.81632995605469
Sao Tome and Principe,STP,1977,51.07020950317383,53.611839294433594,48.60993957519531
Sao Tome and Principe,STP,1980,56.96897888183594,,
Sao Tome and Principe,STP,1981,85.0470962524414,,
Sao Tome and Principe,STP,1982,110.03514099121094,,
Sao Tome and Principe,STP,1983,111.65573120117188,,
Sao Tome and Principe,STP,1984,109.36090087890625,107.52279663085938,111.16071319580078
Sao Tome and Principe,STP,1985,98.58406829833984,,
Sao Tome and Principe,STP,1987,52.916160583496094,,
Sao Tome and Principe,STP,1988,66.3696517944336,62.78261184692383,69.89737701416016
Sao Tome and Principe,STP,1990,71.87918090820312,,
Sao Tome and Principe,STP,1999,43.884708404541016,46.750518798828125,41.07051086425781
Sao Tome and Principe,STP,2002,54.86075973510742,58.940399169921875,50.83039855957031
Sao Tome and Principe,STP,2003,55.330078125,56.692508697509766,53.98366165161133
Sao Tome and Principe,STP,2004,69.96109008789062,71.33158874511719,68.6082534790039
Sao Tome and Principe,STP,2005,73.5248031616211,75.17095947265625,71.90254211425781
Sao Tome and Principe,STP,2007,71.16487884521484,72.44847106933594,69.90099334716797
Sao Tome and Principe,STP,2008,73.89714813232422,75.28256225585938,72.53385162353516
Sao Tome and Principe,STP,2009,81.72528839111328,83.60498809814453,79.87747192382812
Sao Tome and Principe,STP,2010,81.78463745117188,85.29548645019531,78.33638000488281
Sao Tome and Principe,STP,2011,107.63426971435547,109.53446960449219,105.7658462524414
Sao Tome and Principe,STP,2012,90.09963989257812,91.22431945800781,88.99622344970703
Sao Tome and Principe,STP,2013,94.68756103515625,97.24507141113281,92.18057250976562
Sao Tome and Principe,STP,2014,85.47091674804688,89.04705047607422,81.96276092529297
Sao Tome and Principe,STP,2015,86.14948272705078,94.00305938720703,78.44019317626953
Sao Tome and Principe,STP,2016,77.48246765136719,79.76899719238281,75.23774719238281
Sao Tome and Principe,STP,2017,84.3460922241211,87.2208023071289,81.52407836914062
Saudi Arabia,SAU,1979,39.779869079589844,31.298860549926758,48.07518005371094
Saudi Arabia,SAU,2005,86.1054916381836,85.53240203857422,86.6656494140625
Saudi Arabia,SAU,2007,93.26170349121094,91.40779113769531,95.07015991210938
Saudi Arabia,SAU,2008,96.91412353515625,93.97511291503906,99.77982330322266
Saudi Arabia,SAU,2011,101.65278625488281,100.72978210449219,102.54873657226562
Saudi Arabia,SAU,2012,107.1598129272461,107.22122955322266,107.10003662109375
Saudi Arabia,SAU,2013,110.96427917480469,108.92147827148438,112.95350646972656
Saudi Arabia,SAU,2017,103.3347396850586,104.48468780517578,102.22087097167969
Saudi Arabia,SAU,2018,96.70606231689453,96.50198364257812,96.9037094116211
Saudi Arabia,SAU,2019,96.22881317138672,95.9532699584961,96.49504852294922
Saudi Arabia,SAU,2020,99.32730865478516,99.49240112304688,99.16793823242188
Senegal,SEN,1971,26.55971908569336,18.67534065246582,34.31174087524414
Senegal,SEN,1972,26.638469696044922,19.01711082458496,34.124481201171875
Senegal,SEN,1973,26.780839920043945,,
Senegal,SEN,1978,30.93202018737793,23.54458999633789,38.211151123046875
Senegal,SEN,1979,32.449798583984375,24.558900833129883,40.228790283203125
Senegal,SEN,1980,30.320560455322266,23.031129837036133,37.50802993774414
Senegal,SEN,1981,31.934980392456055,23.81856918334961,39.937721252441406
Senegal,SEN,1982,32.350440979003906,23.77482032775879,40.8178596496582
Senegal,SEN,1983,33.66469955444336,25.154850006103516,42.06932830810547
Senegal,SEN,1984,34.5921516418457,26.3021297454834,42.77492141723633
Senegal,SEN,1985,34.74085998535156,25.38800048828125,43.965171813964844
Senegal,SEN,1986,37.40974044799805,27.82221031188965,46.860511779785156
Senegal,SEN,1988,42.520870208740234,31.848800659179688,53.04478073120117
Senegal,SEN,1989,43.3084716796875,32.32658004760742,54.13467025756836
Senegal,SEN,1990,42.73115158081055,33.06172180175781,52.25804138183594
Senegal,SEN,1992,39.61766052246094,31.24118995666504,47.86629867553711
Senegal,SEN,1994,38.35165023803711,30.2437801361084,46.32413864135742
Senegal,SEN,1996,39.54998016357422,31.765399932861328,47.19894027709961
Senegal,SEN,1997,39.952430725097656,32.56909942626953,47.2087516784668
Senegal,SEN,1998,42.49591827392578,35.38631820678711,49.48579025268555
Senegal,SEN,1999,42.28107833862305,,
Senegal,SEN,2000,39.03350067138672,32.99140930175781,44.9652099609375
Senegal,SEN,2001,43.65106964111328,37.4668083190918,49.71424102783203
Senegal,SEN,2002,46.33620834350586,41.074440002441406,51.504188537597656
Senegal,SEN,2003,46.42816925048828,41.861839294433594,50.91828918457031
Senegal,SEN,2004,47.397071838378906,43.62434005737305,51.104488372802734
Senegal,SEN,2005,52.24156951904297,48.420799255371094,55.99388885498047
Senegal,SEN,2006,49.19889831542969,47.22235870361328,51.1391487121582
Senegal,SEN,2007,50.566749572753906,48.988441467285156,52.11764907836914
Senegal,SEN,2008,57.47991180419922,56.94981002807617,58.00088119506836
Senegal,SEN,2009,57.895111083984375,58.447879791259766,57.35213088989258
Senegal,SEN,2010,57.1740608215332,58.44240951538086,55.92924118041992
Senegal,SEN,2011,60.649879455566406,62.33993911743164,58.99279022216797
Senegal,SEN,2012,60.14091110229492,62.7943115234375,57.537200927734375
Senegal,SEN,2013,60.6839485168457,63.79452133178711,57.63125991821289
Senegal,SEN,2014,61.3224983215332,65.23497009277344,57.484901428222656
Senegal,SEN,2015,59.66014862060547,63.56888961791992,55.83068084716797
Senegal,SEN,2019,61.20201110839844,67.19380187988281,55.3468017578125
Senegal,SEN,2020,60.54104995727539,67.09005737304688,54.146018981933594
Serbia,SRB,2007,100.51979064941406,100.68997955322266,100.35877990722656
Serbia,SRB,2008,104.3832015991211,104.79945373535156,103.98654174804688
Serbia,SRB,2009,96.41523742675781,95.8816909790039,96.92984771728516
Serbia,SRB,2010,96.44892883300781,96.6048812866211,96.30175018310547
Serbia,SRB,2011,104.12764739990234,104.24552917480469,104.0157470703125
Serbia,SRB,2012,98.01016235351562,98.2408218383789,97.79167938232422
Serbia,SRB,2013,98.90995788574219,99.2955093383789,98.54447937011719
Serbia,SRB,2014,101.90126037597656,102.26365661621094,101.55947875976562
Serbia,SRB,2015,101.0108413696289,101.07560729980469,100.95001983642578
Serbia,SRB,2016,98.83048248291016,98.29650115966797,99.34037780761719
Serbia,SRB,2017,99.03386688232422,99.09481811523438,98.97588348388672
Serbia,SRB,2018,98.72126770019531,98.85852813720703,98.59188079833984
Serbia,SRB,2019,98.66844940185547,98.42725372314453,98.89327239990234
Serbia,SRB,2020,97.93856048583984,97.78327178955078,98.0835189819336
Seychelles,SYC,1970,84.34844207763672,86.52174377441406,82.27146911621094
Seychelles,SYC,1971,95.09329986572266,98.58357238769531,91.76788330078125
Seychelles,SYC,1972,103.89261627197266,108.80329895019531,99.21363067626953
Seychelles,SYC,1974,99.37383270263672,107.45500946044922,91.69718933105469
Seychelles,SYC,1975,98.52488708496094,107.57575988769531,89.94011688232422
Seychelles,SYC,1976,102.76923370361328,107.83818054199219,97.96163177490234
Seychelles,SYC,1977,97.97917938232422,106.41509246826172,89.97612762451172
Seychelles,SYC,1978,102.61080932617188,110.58531188964844,95.02369689941406
Seychelles,SYC,1980,98.02632141113281,100.49079895019531,95.68260955810547
Seychelles,SYC,1981,91.97828674316406,93.93563842773438,90.1176528930664
Seychelles,SYC,1982,93.56015014648438,92.88390350341797,94.20117950439453
Seychelles,SYC,1983,102.44051361083984,101.25470733642578,103.56295013427734
Seychelles,SYC,1984,96.13733673095703,98.10845184326172,94.27207946777344
Seychelles,SYC,1985,94.55107879638672,97.9643783569336,91.3148422241211
Seychelles,SYC,1986,111.15959930419922,108.19461822509766,113.9732666015625
Seychelles,SYC,1987,102.29670715332031,105.47074127197266,99.2727279663086
Seychelles,SYC,1988,88.31803894042969,89.61202239990234,87.08133697509766
Seychelles,SYC,1989,90.55589294433594,91.9315414428711,89.2397689819336
Seychelles,SYC,1991,101.59953308105469,104.23216247558594,99.07084655761719
Seychelles,SYC,1992,97.71772003173828,94.24019622802734,101.06006622314453
Seychelles,SYC,1993,97.14112091064453,96.39752197265625,97.8545913696289
Seychelles,SYC,1994,95.8076400756836,91.68766021728516,99.75845336914062
Seychelles,SYC,1997,101.67806243896484,100,103.28067779541016
Seychelles,SYC,1998,98.38107299804688,102.80970764160156,94.16767883300781
Seychelles,SYC,1999,100.06246185302734,102.43901824951172,97.81021881103516
Seychelles,SYC,2000,98.87570190429688,100.77220153808594,97.0873794555664
Seychelles,SYC,2001,105.65438079833984,106.14379119873047,105.19158935546875
Seychelles,SYC,2002,106.26210021972656,107.14286041259766,105.42244720458984
Seychelles,SYC,2003,107.05420684814453,107.74365997314453,106.39385986328125
Seychelles,SYC,2004,103.71598815917969,104.18919372558594,103.25945281982422
Seychelles,SYC,2005,115.18467712402344,115.20223236083984,115.16779327392578
Seychelles,SYC,2007,112.32193756103516,112.2986831665039,112.3439712524414
Seychelles,SYC,2008,112.31777954101562,112.46246337890625,112.1812973022461
Seychelles,SYC,2009,106.57206726074219,106.45160675048828,106.68605041503906
Seychelles,SYC,2010,110.5182876586914,108.58033752441406,112.36959838867188
Seychelles,SYC,2011,110.2386474609375,112.77603149414062,107.81954956054688
Seychelles,SYC,2012,104.56655883789062,103.48652648925781,105.59757995605469
Seychelles,SYC,2013,104.57718658447266,102.37718200683594,106.68692779541016
Seychelles,SYC,2014,111.41094970703125,107.54717254638672,115.12859344482422
Seychelles,SYC,2015,108.75472259521484,110.46154022216797,107.1111068725586
Seychelles,SYC,2016,112.64620208740234,112.68656921386719,112.60745239257812
Seychelles,SYC,2017,102.197021484375,99.56584930419922,104.72222137451172
Seychelles,SYC,2018,101.85311889648438,105.1966323852539,98.65772247314453
Seychelles,SYC,2019,98.80000305175781,103.14208221435547,94.66146087646484
Seychelles,SYC,2020,102.67974090576172,108.0536880493164,97.57962036132812
Sierra Leone,SLE,1978,22.57608985900879,16.192140579223633,29.112289428710938
Sierra Leone,SLE,1982,25.816810607910156,,
Sierra Leone,SLE,1983,25.768510818481445,,
Sierra Leone,SLE,2007,74.2732162475586,64.36795043945312,84.22357177734375
Sierra Leone,SLE,2011,67.86105346679688,65.88548278808594,69.84935760498047
Sierra Leone,SLE,2012,64.1604232788086,62.65966033935547,65.6681137084961
Sierra Leone,SLE,2013,62.975799560546875,61.57624816894531,64.37947845458984
Sierra Leone,SLE,2015,59.790260314941406,59.44200134277344,60.138248443603516
Sierra Leone,SLE,2016,68.33248901367188,67.46497344970703,69.199462890625
Sierra Leone,SLE,2017,70.19275665283203,69.3538818359375,71.03112030029297
Sierra Leone,SLE,2018,81.78533935546875,82.85494232177734,80.71672821044922
Sierra Leone,SLE,2019,83.21027374267578,83.71469116210938,82.70654296875
Sierra Leone,SLE,2020,87.1900863647461,88.12815856933594,86.25379943847656
Singapore,SGP,2016,99.78926849365234,99.1869888305664,100.3677978515625
Singapore,SGP,2017,99.25823974609375,99.25125122070312,99.26496124267578
Singapore,SGP,2018,99.92182922363281,100.02590942382812,99.82317352294922
Singapore,SGP,2019,98.07794952392578,97.8157730102539,98.33158111572266
Sint Maarten (Dutch part),SXM,2012,92,88.53047180175781,95.57196044921875
Sint Maarten (Dutch part),SXM,2014,123.09197998046875,126.08695983886719,120.15503692626953
Slovakia,SVK,1992,96.13661193847656,96.387939453125,95.89566802978516
Slovakia,SVK,1993,96.19185638427734,96.41580963134766,95.97725677490234
Slovakia,SVK,1994,98.25865173339844,98.47003936767578,98.0561294555664
Slovakia,SVK,1995,98.30158233642578,98.49665069580078,98.11473846435547
Slovakia,SVK,1996,96.7870101928711,96.61316680908203,96.95348358154297
Slovakia,SVK,1997,95.7235107421875,96.2974624633789,95.17355346679688
Slovakia,SVK,1998,98.03057098388672,98.1783218383789,97.88890838623047
Slovakia,SVK,1999,97.54325103759766,97.04216003417969,98.02359771728516
Slovakia,SVK,2000,96.26741790771484,95.55487060546875,96.94966888427734
Slovakia,SVK,2001,100.13052368164062,100.20889282226562,100.05561065673828
Slovakia,SVK,2002,97.50543975830078,97.46649932861328,97.54261779785156
Slovakia,SVK,2003,98.38574981689453,97.90714263916016,98.84200286865234
Slovakia,SVK,2004,96.9229507446289,97.18218994140625,96.67604064941406
Slovakia,SVK,2005,92.67681121826172,92.60823059082031,92.74210357666016
Slovakia,SVK,2006,93.22329711914062,92.42932891845703,93.97908020019531
Slovakia,SVK,2007,95.0336685180664,95.21143341064453,94.864501953125
Slovakia,SVK,2008,97.41287994384766,97.57408905029297,97.259521484375
Slovakia,SVK,2009,99.14994049072266,99.67372131347656,98.6518325805664
Slovakia,SVK,2010,99.06211853027344,99.62818145751953,98.52388763427734
Slovakia,SVK,2011,96.09583282470703,95.70146942138672,96.47075653076172
Slovakia,SVK,2012,93.188232421875,93.57112121582031,92.82396697998047
Slovakia,SVK,2013,94.59078216552734,94.22223663330078,94.94158172607422
Slovakia,SVK,2014,96.30828857421875,96.5965805053711,96.03382110595703
Slovakia,SVK,2015,95.9645767211914,95.58026123046875,96.33048248291016
Slovakia,SVK,2016,92.44306182861328,92.1611328125,92.71150207519531
Slovakia,SVK,2017,91.90563201904297,92.26225280761719,91.56588745117188
Slovakia,SVK,2018,92.17269134521484,92.54145050048828,91.82119750976562
Slovakia,SVK,2019,95.22947692871094,94.34963989257812,96.06864166259766
Slovenia,SVN,1993,93.07775115966797,,
Slovenia,SVN,1994,92.39521026611328,,
Slovenia,SVN,1995,93.84973907470703,,
Slovenia,SVN,1996,93.5041732788086,,
Slovenia,SVN,1997,94.98872375488281,95.39196014404297,94.60347747802734
Slovenia,SVN,1998,99.27718353271484,99.95166778564453,98.63517761230469
Slovenia,SVN,1999,99.40904998779297,99.64237976074219,99.18782806396484
Slovenia,SVN,2000,96.37516784667969,94.97409057617188,97.7020034790039
Slovenia,SVN,2001,96.57308959960938,97.44722747802734,95.7430419921875
Slovenia,SVN,2002,96.76959991455078,96.10414123535156,97.40167236328125
Slovenia,SVN,2003,101.90087127685547,101.38258361816406,102.39347076416016
Slovenia,SVN,2008,97.0096664428711,96.52517700195312,97.467041015625
Slovenia,SVN,2009,96.0560302734375,96.30741882324219,95.81983184814453
Slovenia,SVN,2010,97.211669921875,96.8469467163086,97.55303955078125
Slovenia,SVN,2011,96.34835815429688,96.52391052246094,96.18409729003906
Slovenia,SVN,2012,101.97225189208984,102.29501342773438,101.67062377929688
Slovenia,SVN,2013,99.29289245605469,99.7445068359375,98.87055206298828
Slovenia,SVN,2014,100.07333374023438,100.3497314453125,99.814208984375
Slovenia,SVN,2015,98.08544921875,98.28545379638672,97.89736938476562
Slovenia,SVN,2016,97.900146484375,99.24446868896484,96.63446044921875
Slovenia,SVN,2017,95.69824981689453,95.38961029052734,95.98860168457031
Slovenia,SVN,2018,97.39997100830078,98.14215850830078,96.7020034790039
Slovenia,SVN,2019,98.55384063720703,99.0018081665039,98.13269805908203
Solomon Islands,SLB,1975,44.08808898925781,29.310340881347656,57.92961120605469
Solomon Islands,SLB,1980,67.46965026855469,52.40848159790039,81.63043212890625
Solomon Islands,SLB,1981,62.045448303222656,51.65945053100586,71.8114013671875
Solomon Islands,SLB,1982,55.38835144042969,45.575958251953125,64.6153793334961
Solomon Islands,SLB,1983,52.88520050048828,44.4063606262207,60.86191940307617
Solomon Islands,SLB,1984,48.87569046020508,,
Solomon Islands,SLB,1986,52.66984176635742,45.367488861083984,59.528438568115234
Solomon Islands,SLB,1990,60.10129928588867,,
Solomon Islands,SLB,1991,71.6651382446289,,
Solomon Islands,SLB,1992,68.86376190185547,,
Solomon Islands,SLB,1993,70.13539123535156,,
Solomon Islands,SLB,1994,72.49723815917969,,
Solomon Islands,SLB,2010,84.89247131347656,82.99556732177734,85.2111587524414
Solomon Islands,SLB,2011,85.55438995361328,86.47852325439453,84.69725036621094
Solomon Islands,SLB,2012,85.07463073730469,85.9375,84.27076721191406
Solomon Islands,SLB,2013,85.71939849853516,85.90901947021484,85.54199981689453
Solomon Islands,SLB,2014,86.54978942871094,87.15424346923828,85.9823226928711
Solomon Islands,SLB,2015,88.05918884277344,88.15003967285156,87.97383880615234
Solomon Islands,SLB,2016,88.32666015625,89.47589874267578,87.24858856201172
Solomon Islands,SLB,2017,87.99546813964844,90.36344146728516,85.77513885498047
Solomon Islands,SLB,2018,86.7856674194336,89.74324035644531,84.01316833496094
Solomon Islands,SLB,2019,85.69419860839844,88.338623046875,83.21573638916016
South Africa,ZAF,1991,77.06771850585938,82.08045196533203,72.1341323852539
South Africa,ZAF,1998,84.8704833984375,88.05943298339844,81.72608184814453
South Africa,ZAF,1999,79.95008087158203,82.62821197509766,77.30890655517578
South Africa,ZAF,2000,81.04225158691406,82.37333679199219,79.72917175292969
South Africa,ZAF,2002,86.34082794189453,88.76789855957031,83.95014190673828
South Africa,ZAF,2003,90.57994842529297,92.53279876708984,88.65757751464844
South Africa,ZAF,2004,95.65492248535156,95.86746215820312,95.44577026367188
South Africa,ZAF,2015,90.11048889160156,89.10527801513672,91.10086822509766
South Africa,ZAF,2016,87.25533294677734,88.06848907470703,86.4542465209961
South Africa,ZAF,2018,90.34449768066406,92.12429809570312,88.59403991699219
South Africa,ZAF,2019,91.9994888305664,93.23648071289062,90.78395080566406
South Asia,,1970,41.871299743652344,29.9652099609375,52.95302963256836
South Asia,,1971,42.03116989135742,30.12303924560547,53.11479187011719
South Asia,,1972,42.70204162597656,30.693899154663086,53.88689041137695
South Asia,,1973,43.159629821777344,31.05225944519043,54.445068359375
South Asia,,1974,43.616310119628906,31.415529251098633,54.99700164794922
South Asia,,1975,44.86016845703125,32.51791000366211,56.373138427734375
South Asia,,1976,45.65504837036133,33.18309020996094,57.289180755615234
South Asia,,1977,45.98902130126953,33.88142013549805,57.284908294677734
South Asia,,1978,47.47230911254883,35.36140823364258,58.77313995361328
South Asia,,1979,48.747379302978516,36.62355041503906,60.06216812133789
South Asia,,1980,50.0855598449707,37.9627799987793,61.40121078491211
South Asia,,1981,51.48350143432617,39.37152862548828,62.79166030883789
South Asia,,1982,52.86151123046875,40.77970886230469,64.1396713256836
South Asia,,1983,54.287498474121094,42.25600814819336,65.51856994628906
South Asia,,1984,55.76456832885742,43.78649139404297,66.94535827636719
South Asia,,1985,57.24681091308594,45.29790115356445,68.40057373046875
South Asia,,1986,58.75012969970703,46.8919792175293,69.8197021484375
South Asia,,1987,60.24074935913086,48.47359848022461,71.22627258300781
South Asia,,1988,61.533531188964844,49.932151794433594,72.3522720336914
South Asia,,1989,62.60757064819336,51.31201171875,73.1262435913086
South Asia,,1990,63.56343078613281,52.61214828491211,73.74571228027344
South Asia,,1991,64.51985931396484,53.912288665771484,74.36582946777344
South Asia,,1992,65.48008728027344,55.21942138671875,74.98535919189453
South Asia,,1993,66.3629379272461,56.49953079223633,75.4802017211914
South Asia,,1994,67.27931213378906,57.8179817199707,76.0041275024414
South Asia,,1995,68.19161987304688,59.147178649902344,76.50965118408203
South Asia,,1996,67.79434204101562,59.10900115966797,75.77813720703125
South Asia,,1997,67.41008758544922,59.082969665527344,75.06050109863281
South Asia,,1998,67.02729034423828,59.055511474609375,74.34667205810547
South Asia,,1999,66.69570922851562,59.07925033569336,73.68414306640625
South Asia,,2000,69.02494049072266,61.588260650634766,75.83740234375
South Asia,,2001,69.70452880859375,63.25090026855469,75.59954071044922
South Asia,,2002,72.49696350097656,66.11531829833984,78.3130111694336
South Asia,,2003,75.87848663330078,72.35098266601562,79.08435821533203
South Asia,,2004,78.16471099853516,75.056640625,80.98789978027344
South Asia,,2005,80.52523803710938,77.90260314941406,82.90737915039062
South Asia,,2006,82.39266204833984,80.46659851074219,84.14090728759766
South Asia,,2007,84.34416198730469,83.15882873535156,85.41980743408203
South Asia,,2008,86.17822265625,85.52510070800781,86.7682876586914
South Asia,,2009,87.68547058105469,87.41297912597656,87.9295883178711
South Asia,,2010,87.38960266113281,87.13047790527344,87.62104034423828
South Asia,,2011,86.95903778076172,86.75254821777344,87.14293670654297
South Asia,,2012,89.01603698730469,89.84744262695312,88.26293182373047
South Asia,,2013,90.63377380371094,92.3302230834961,89.10128021240234
South Asia,,2014,92.0910873413086,93.6013412475586,90.72673034667969
South Asia,,2015,92.46260070800781,93.98651123046875,91.08302307128906
South Asia,,2016,91.8988037109375,93.14556121826172,90.76602172851562
South Asia,,2017,91.26689910888672,92.37371826171875,90.25808715820312
South Asia,,2018,90.04792785644531,90.74497985839844,89.41133117675781
South Asia,,2019,90.21990966796875,91.14962005615234,89.36849975585938
South Asia,,2020,92.24263000488281,93.05573272705078,91.49600219726562
South Korea,KOR,1971,95.79290008544922,92.87799835205078,98.56591033935547
South Korea,KOR,1972,97.51075744628906,94.17109680175781,100.68904113769531
South Korea,KOR,1973,106.419677734375,103.5981216430664,109.10487365722656
South Korea,KOR,1974,104.31951141357422,102.57083129882812,105.98271179199219
South Korea,KOR,1975,103.91847229003906,102.27102661132812,105.48345947265625
South Korea,KOR,1976,107.69866943359375,106.1511001586914,109.16748809814453
South Korea,KOR,1977,101.5512466430664,101.04155731201172,102.0342788696289
South Korea,KOR,1978,100.0370864868164,98.82377624511719,101.18470764160156
South Korea,KOR,1979,102.8918228149414,102.48973083496094,103.27131652832031
South Korea,KOR,1980,99.43681335449219,99.89192962646484,99.00808715820312
South Korea,KOR,1981,103.75598907470703,103.70867919921875,103.80046844482422
South Korea,KOR,1982,101.22576904296875,101.69197845458984,100.78811645507812
South Korea,KOR,1983,102.95773315429688,103.13436126708984,102.79215240478516
South Korea,KOR,1984,109.02617645263672,109.27562713623047,108.79251098632812
South Korea,KOR,1985,106.5454330444336,106.98766326904297,106.13130187988281
South Korea,KOR,1986,105.44032287597656,106.05529022216797,104.86437225341797
South Korea,KOR,1987,104.67342376708984,105.02889251708984,104.34011840820312
South Korea,KOR,1988,99.87798309326172,100.16768646240234,99.60585021972656
South Korea,KOR,1989,95.00306701660156,94.55296325683594,95.42684173583984
South Korea,KOR,1990,98.98799133300781,99.31098937988281,98.68321990966797
South Korea,KOR,1991,96.49688720703125,96.47496032714844,96.5176010131836
South Korea,KOR,1992,107.43778228759766,107.5655517578125,107.31720733642578
South Korea,KOR,1993,106.74398803710938,106.6633071899414,106.82012939453125
South Korea,KOR,1994,108.79670715332031,109.167236328125,108.44805145263672
South Korea,KOR,1995,108.43698120117188,108.87915802001953,108.02474975585938
South Korea,KOR,1997,97.09417724609375,97.85311126708984,96.40846252441406
South Korea,KOR,1998,99.08753204345703,100.84574127197266,97.52723693847656
South Korea,KOR,1999,103.68830871582031,106.1993179321289,101.49649047851562
South Korea,KOR,2000,103.22698211669922,105.03952026367188,101.65419006347656
South Korea,KOR,2001,99.65302276611328,100.58264923095703,98.84396362304688
South Korea,KOR,2002,94.81356048583984,95.91893005371094,93.84934997558594
South Korea,KOR,2003,100.86785125732422,102.25422668457031,99.6556396484375
South Korea,KOR,2004,99.67646789550781,100.00420379638672,99.3887710571289
South Korea,KOR,2005,97.84371185302734,97.14096069335938,98.46443176269531
South Korea,KOR,2006,99.13932037353516,98.01505279541016,100.14106750488281
South Korea,KOR,2007,101.09233856201172,100.53111267089844,101.59684753417969
South Korea,KOR,2008,100.10769653320312,99.64775848388672,100.52532196044922
South Korea,KOR,2009,101.62335205078125,102.1640625,101.12832641601562
South Korea,KOR,2010,101.1586685180664,100.77204895019531,101.5131607055664
South Korea,KOR,2011,102.97808074951172,102.8564682006836,103.0893325805664
South Korea,KOR,2012,109.69976806640625,109.34828186035156,110.02124786376953
South Korea,KOR,2013,103.18589782714844,103.23445892333984,103.14144897460938
South Korea,KOR,2014,96.15531921386719,95.69410705566406,96.57852935791016
South Korea,KOR,2015,101.41079711914062,101.27024841308594,101.5405502319336
South Korea,KOR,2016,98.01557159423828,97.89695739746094,98.12561798095703
South Korea,KOR,2017,91.35511779785156,91.13162231445312,91.56333923339844
South Korea,KOR,2018,95.37677001953125,95.21920776367188,95.52410888671875
South Korea,KOR,2019,105.23973083496094,105.4244384765625,105.06639099121094
South Sudan,SSD,2011,27.437089920043945,19.293359756469727,35.42362976074219
Spain,ESP,1981,98.89459991455078,100.36607360839844,97.50531005859375
Spain,ESP,1982,98.30962371826172,99.4077377319336,97.27262878417969
Spain,ESP,1983,98.97795104980469,99.65313720703125,98.33997344970703
Spain,ESP,1984,102.23477935791016,102.3865737915039,102.09124755859375
Spain,ESP,1985,103.41525268554688,103.51386260986328,103.32198333740234
Spain,ESP,1986,103.42910766601562,103.52629852294922,103.33718872070312
Spain,ESP,1987,101.1404800415039,102.11885070800781,100.21510314941406
Spain,ESP,1988,104.83096313476562,104.3676986694336,105.26943969726562
Spain,ESP,1989,102.4201431274414,100.14787292480469,104.5728988647461
Spain,ESP,1990,99.959716796875,99.41647338867188,100.47489166259766
Spain,ESP,1993,101.02632141113281,101.06343078613281,100.99109649658203
Spain,ESP,1994,102.13336944580078,101.86041259765625,102.39238739013672
Spain,ESP,2004,102.30026245117188,102.52803802490234,102.08499908447266
Spain,ESP,2006,96.65483856201172,96.4264907836914,96.87113952636719
Spain,ESP,2007,97.13748168945312,97.15392303466797,97.1219482421875
Spain,ESP,2008,97.29009246826172,97.5937728881836,97.00318145751953
Spain,ESP,2009,97.4783935546875,97.62264251708984,97.341796875
Spain,ESP,2010,96.78925323486328,96.08686065673828,97.45649719238281
Spain,ESP,2011,96.1532974243164,96.17086029052734,96.13658142089844
Spain,ESP,2012,99.32010650634766,98.91407012939453,99.7055435180664
Spain,ESP,2013,99.21613311767578,99.43540954589844,99.0083236694336
Spain,ESP,2014,100.10189819335938,100.17382049560547,100.03379821777344
Spain,ESP,2015,103.35968017578125,103.74005889892578,103.00016784667969
Spain,ESP,2016,101.20973205566406,101.70184326171875,100.74620819091797
Spain,ESP,2017,100.57254791259766,101.37004089355469,99.82257080078125
Spain,ESP,2018,98.52601623535156,99.05226135253906,98.03205871582031
Spain,ESP,2019,97.44148254394531,98.09333801269531,96.83106994628906
Sri Lanka,LKA,1970,63.54991912841797,62.79813003540039,64.28755187988281
Sri Lanka,LKA,1972,79.88200378417969,,
Sri Lanka,LKA,1974,73.10334014892578,,
Sri Lanka,LKA,1975,70.92987060546875,,
Sri Lanka,LKA,1976,42.358558654785156,,
Sri Lanka,LKA,1977,57.99739074707031,,
Sri Lanka,LKA,1978,74.69657897949219,,
Sri Lanka,LKA,1979,77.88155364990234,,
Sri Lanka,LKA,1980,85.09211730957031,,
Sri Lanka,LKA,1981,93.43437957763672,,
Sri Lanka,LKA,1982,87.25079345703125,,
Sri Lanka,LKA,1983,86.91439819335938,86.496337890625,87.3189468383789
Sri Lanka,LKA,1984,90.16683197021484,,
Sri Lanka,LKA,1985,89.42481994628906,87.18028259277344,91.59734344482422
Sri Lanka,LKA,1986,90.0779037475586,89.5341796875,90.6039810180664
Sri Lanka,LKA,1987,90.30232238769531,90.0037612915039,90.59114837646484
Sri Lanka,LKA,1989,95.41200256347656,94.88832092285156,95.91822052001953
Sri Lanka,LKA,1990,97.43482208251953,97.66799926757812,97.20970153808594
Sri Lanka,LKA,1991,99.7535629272461,99.7193603515625,99.78653717041016
Sri Lanka,LKA,1992,99.20105743408203,99.18773651123047,99.2138900756836
Sri Lanka,LKA,1998,97.34510803222656,97.18717193603516,97.49649047851562
Sri Lanka,LKA,2001,107.29524993896484,106.58586120605469,107.98088836669922
Sri Lanka,LKA,2002,112.61933135986328,111.1249771118164,114.06661224365234
Sri Lanka,LKA,2003,105.20433044433594,104.90985870361328,105.48982238769531
Sri Lanka,LKA,2005,101.16575622558594,100.99170684814453,101.33457946777344
Sri Lanka,LKA,2006,100.19558715820312,100.30613708496094,100.08824920654297
Sri Lanka,LKA,2007,97.4768295288086,97.13469696044922,97.80908203125
Sri Lanka,LKA,2008,92.49482727050781,92.45903778076172,92.5296630859375
Sri Lanka,LKA,2009,92.36515808105469,91.99813842773438,92.72409057617188
Sri Lanka,LKA,2010,98.91219329833984,97.87126922607422,99.93637084960938
Sri Lanka,LKA,2011,100.13207244873047,98.03645324707031,102.20630645751953
Sri Lanka,LKA,2012,97.25627899169922,96.61605072021484,97.89312744140625
Sri Lanka,LKA,2013,98.31141662597656,96.95691680908203,99.66177368164062
Sri Lanka,LKA,2014,98.10511016845703,97.01461791992188,99.19110107421875
Sri Lanka,LKA,2015,99.05146789550781,97.99617004394531,100.1001968383789
Sri Lanka,LKA,2016,101.10926818847656,99.97985076904297,102.23066711425781
Sri Lanka,LKA,2017,102.390380859375,101.63099670410156,103.14292907714844
Sri Lanka,LKA,2019,99.26297760009766,98.99243927001953,99.52922821044922
Sub-Saharan Africa,,1970,46.129600524902344,,
Sub-Saharan Africa,,1971,46.20587921142578,,
Sub-Saharan Africa,,1972,46.71710968017578,39.32551956176758,54.01414108276367
Sub-Saharan Africa,,1973,47.225669860839844,39.86574172973633,54.49171829223633
Sub-Saharan Africa,,1974,47.77061080932617,40.404449462890625,55.043701171875
Sub-Saharan Africa,,1975,48.73624038696289,41.224361419677734,56.15433883666992
Sub-Saharan Africa,,1976,49.46818923950195,41.92523956298828,56.91767120361328
Sub-Saharan Africa,,1977,50.71242904663086,43.10512924194336,58.22964096069336
Sub-Saharan Africa,,1978,52.093589782714844,44.42702865600586,59.67129898071289
Sub-Saharan Africa,,1979,53.657081604003906,46.09659957885742,61.12759017944336
Sub-Saharan Africa,,1980,54.200199127197266,46.83488845825195,61.472068786621094
Sub-Saharan Africa,,1981,55.26763153076172,48.0134391784668,62.42477035522461
Sub-Saharan Africa,,1982,56.12147903442383,48.796390533447266,63.34754943847656
Sub-Saharan Africa,,1983,56.522159576416016,49.56991958618164,63.37828826904297
Sub-Saharan Africa,,1984,58.45161819458008,51.718631744384766,65.08991241455078
Sub-Saharan Africa,,1985,56.16899108886719,49.85697937011719,62.39072036743164
Sub-Saharan Africa,,1986,56.00600814819336,49.916011810302734,62.00556945800781
Sub-Saharan Africa,,1987,55.369998931884766,49.44837951660156,61.202449798583984
Sub-Saharan Africa,,1988,54.59946060180664,48.71158981323242,60.402748107910156
Sub-Saharan Africa,,1989,53.49797821044922,47.719329833984375,59.197120666503906
Sub-Saharan Africa,,1990,54.10295867919922,48.3973388671875,59.728641510009766
Sub-Saharan Africa,,1991,54.58073043823242,49.00410842895508,60.08108139038086
Sub-Saharan Africa,,1992,54.08140182495117,48.59461975097656,59.49565124511719
Sub-Saharan Africa,,1993,54.72380065917969,49.37411117553711,60.00402069091797
Sub-Saharan Africa,,1994,53.804630279541016,48.59775924682617,58.94382858276367
Sub-Saharan Africa,,1995,53.75205993652344,48.63043975830078,58.80482864379883
Sub-Saharan Africa,,1996,54.14596176147461,49.12165832519531,59.101280212402344
Sub-Saharan Africa,,1997,54.11991882324219,49.1508903503418,59.023380279541016
Sub-Saharan Africa,,1998,53.734840393066406,48.864200592041016,58.54304122924805
Sub-Saharan Africa,,1999,54.057281494140625,49.224510192871094,58.828521728515625
Sub-Saharan Africa,,2000,54.400089263916016,49.29964065551758,59.433048248291016
Sub-Saharan Africa,,2001,55.99869918823242,50.66011047363281,61.264469146728516
Sub-Saharan Africa,,2002,57.2587890625,51.74509811401367,62.69913864135742
Sub-Saharan Africa,,2003,58.40169143676758,52.90964126586914,63.82318878173828
Sub-Saharan Africa,,2004,59.565059661865234,53.81256866455078,65.2442626953125
Sub-Saharan Africa,,2005,61.73976135253906,56.00775909423828,67.39862823486328
Sub-Saharan Africa,,2006,64.53788757324219,58.75917053222656,70.24154663085938
Sub-Saharan Africa,,2007,64.32626342773438,58.86040115356445,69.71830749511719
Sub-Saharan Africa,,2008,65.0271987915039,60.536739349365234,69.45484161376953
Sub-Saharan Africa,,2009,67.92989349365234,63.92285919189453,71.8789291381836
Sub-Saharan Africa,,2010,67.94991302490234,64.47174072265625,71.37577819824219
Sub-Saharan Africa,,2011,67.76663970947266,64.1272201538086,71.349609375
Sub-Saharan Africa,,2012,67.97173309326172,65.1491928100586,70.749267578125
Sub-Saharan Africa,,2013,67.93390655517578,65.2403793334961,70.58293914794922
Sub-Saharan Africa,,2014,68.10738372802734,65.79338073730469,70.3821029663086
Sub-Saharan Africa,,2015,68.32842254638672,66.33499908447266,70.28711700439453
Sub-Saharan Africa,,2016,68.52223205566406,66.67687225341797,70.33444213867188
Sub-Saharan Africa,,2017,68.88542175292969,67.19033813476562,70.54940795898438
Sub-Saharan Africa,,2018,69.61573791503906,68.00553131103516,71.19650268554688
Sub-Saharan Africa,,2019,69.80940246582031,68.23358154296875,71.35697174072266
Sub-Saharan Africa,,2020,70.39556884765625,68.82171630859375,71.94213104248047
Sudan,SDN,2010,61.11948013305664,54.72264099121094,67.36290740966797
Sudan,SDN,2012,57.54983139038086,53.40998077392578,61.591888427734375
Sudan,SDN,2013,58.09366989135742,55.34938049316406,60.773258209228516
Sudan,SDN,2014,58.24903869628906,55.07447814941406,61.34743881225586
Sudan,SDN,2015,59.24304962158203,56.23807907104492,62.17417907714844
Sudan,SDN,2016,59.83707809448242,57.784671783447266,61.83805847167969
Sudan,SDN,2017,61.68764114379883,60.413639068603516,62.92934036254883
Sudan,SDN,2018,64.08550262451172,61.983158111572266,66.13394165039062
Suriname,SUR,1976,74.0007095336914,74.52275085449219,73.48764038085938
Suriname,SUR,1977,83.59388732910156,87.65499114990234,79.62409973144531
Suriname,SUR,1978,76.63053131103516,78.98590850830078,74.33564758300781
Suriname,SUR,1979,80.67874908447266,83.41822052001953,78.01612854003906
Suriname,SUR,1981,82.57621765136719,,
Suriname,SUR,1982,89.57533264160156,,
Suriname,SUR,1983,95.1448974609375,,
Suriname,SUR,1984,93.23851013183594,,
Suriname,SUR,1985,89.73039245605469,96.32267761230469,83.4786376953125
Suriname,SUR,1987,85.83941650390625,91.89122009277344,80.08071899414062
Suriname,SUR,1988,83.6708984375,89.02628326416016,78.55912780761719
Suriname,SUR,1989,89.9545669555664,98.22280883789062,82.03304290771484
Suriname,SUR,2005,72.32108306884766,78.97569274902344,65.91171264648438
Suriname,SUR,2006,80.05441284179688,87.72312927246094,72.69091796875
Suriname,SUR,2007,69.73760986328125,74.67597198486328,65.04264831542969
Suriname,SUR,2008,81.72273254394531,89.68762969970703,74.20635223388672
Suriname,SUR,2009,84.21769714355469,90.81941223144531,78.03543853759766
Suriname,SUR,2010,87.05618286132812,93.19976043701172,81.34060668945312
Suriname,SUR,2011,86.43058776855469,93.31170654296875,80.0451431274414
Suriname,SUR,2012,86.74710845947266,93.77651977539062,80.21772003173828
Suriname,SUR,2013,85.93081665039062,94.20903778076172,78.24212646484375
Suriname,SUR,2014,89.101318359375,98.18657684326172,80.65904998779297
Suriname,SUR,2015,89.5655517578125,97.10086822509766,82.56314086914062
Suriname,SUR,2016,88.04000091552734,96.73519134521484,79.95879364013672
Suriname,SUR,2017,85.34783935546875,90.78070831298828,80.29991149902344
Suriname,SUR,2018,85.14813232421875,90.34078979492188,80.32234191894531
Suriname,SUR,2019,85.86408233642578,93.65303039550781,78.6209487915039
Sweden,SWE,1971,94.66490173339844,96.2765121459961,93.14578247070312
Sweden,SWE,1972,94.29379272460938,95.60968780517578,93.05188751220703
Sweden,SWE,1973,90.87000274658203,92.44463348388672,89.37982177734375
Sweden,SWE,1974,91.29196166992188,92.41313934326172,90.228759765625
Sweden,SWE,1975,92.78714752197266,93.8587875366211,91.76917266845703
Sweden,SWE,1976,96.7676010131836,97.28984069824219,96.27102661132812
Sweden,SWE,1977,104.02839660644531,105.18254089355469,102.93073272705078
Sweden,SWE,1978,104.35205078125,104.68614196777344,104.03450775146484
Sweden,SWE,1979,104.84159088134766,104.72760772705078,104.94985961914062
Sweden,SWE,1980,103.19220733642578,103.0196762084961,103.35591125488281
Sweden,SWE,1981,96.472412109375,96.72589874267578,96.23204803466797
Sweden,SWE,1982,91.9951171875,91.79405212402344,92.18596649169922
Sweden,SWE,1983,93.43540954589844,94.12969970703125,92.7750473022461
Sweden,SWE,1984,98.03533172607422,97.86726379394531,98.19547271728516
Sweden,SWE,1987,100.60449981689453,100.52880096435547,100.67684936523438
Sweden,SWE,1988,98.26322937011719,98.17698669433594,98.34558868408203
Sweden,SWE,1989,96.20738220214844,96.11768341064453,96.29293823242188
Sweden,SWE,1990,96.47728729248047,95.97264862060547,96.95806121826172
Sweden,SWE,1991,96.28787231445312,96.44181060791016,96.14143371582031
Sweden,SWE,1992,100.50984191894531,100.82537078857422,100.21005249023438
Sweden,SWE,1993,106.09232330322266,107.15550994873047,105.08329010009766
Sweden,SWE,1994,104.27906799316406,105.25650024414062,103.35238647460938
Sweden,SWE,1999,100.40516662597656,100.46843719482422,100.34525299072266
Sweden,SWE,2000,99.55304718017578,100.21778106689453,98.92327880859375
Sweden,SWE,2001,102.26167297363281,102.01363372802734,102.49674987792969
Sweden,SWE,2002,102.5924072265625,102.46903228759766,102.70941162109375
Sweden,SWE,2003,106.489013671875,106.57846069335938,106.40412902832031
Sweden,SWE,2004,104.08778381347656,103.0830307006836,105.04206848144531
Sweden,SWE,2005,100.13361358642578,99.82270050048828,100.42916870117188
Sweden,SWE,2006,95.60118865966797,95.56828308105469,95.63247680664062
Sweden,SWE,2007,95.09410858154297,95.35111999511719,94.84993743896484
Sweden,SWE,2008,94.29090118408203,93.9292984008789,94.63404083251953
Sweden,SWE,2009,93.21914672851562,93.67037963867188,92.79125213623047
Sweden,SWE,2010,96.71507263183594,96.42716217041016,96.98806762695312
Sweden,SWE,2011,101.39794158935547,100.66079711914062,102.09722900390625
Sweden,SWE,2012,102.67948150634766,102.9697494506836,102.4052963256836
Sweden,SWE,2013,102.46185302734375,102.25100708007812,102.66069030761719
Sweden,SWE,2014,101.02529907226562,100.90068817138672,101.1429214477539
Sweden,SWE,2015,103.77176666259766,104.0436782836914,103.5140609741211
Sweden,SWE,2016,105.22930908203125,104.95458221435547,105.49073028564453
Sweden,SWE,2017,105.38627624511719,104.30684661865234,106.4140396118164
Sweden,SWE,2018,104.1240463256836,103.73916625976562,104.48963165283203
Sweden,SWE,2019,105.0860824584961,104.6658706665039,105.48445129394531
Switzerland,CHE,1977,52.99501037597656,52.92633056640625,53.060829162597656
Switzerland,CHE,1978,60.0714111328125,59.64400863647461,60.480369567871094
Switzerland,CHE,1979,57.80821990966797,57.599151611328125,58.00815963745117
Switzerland,CHE,1980,56.35683059692383,55.849571228027344,56.84225082397461
Switzerland,CHE,1981,52.15650177001953,53.02619934082031,51.32406997680664
Switzerland,CHE,1982,51.842201232910156,52.37345886230469,51.33528137207031
Switzerland,CHE,1983,52.17470932006836,52.83414840698242,51.547908782958984
Switzerland,CHE,1984,51.32889175415039,52.298980712890625,50.409488677978516
Switzerland,CHE,1985,50.80754089355469,50.955989837646484,50.667179107666016
Switzerland,CHE,1986,49.95124816894531,50.363059997558594,49.56235122680664
Switzerland,CHE,1987,49.51713943481445,50.21049880981445,48.861881256103516
Switzerland,CHE,1988,48.57685089111328,49.17475128173828,48.010501861572266
Switzerland,CHE,1989,49.98759078979492,50.80881118774414,49.207801818847656
Switzerland,CHE,1990,51.37739944458008,51.715110778808594,51.05556106567383
Switzerland,CHE,1991,53.762691497802734,54.034358978271484,53.502891540527344
Switzerland,CHE,1992,55.32395935058594,55.9221305847168,54.753841400146484
Switzerland,CHE,1993,61.360809326171875,60.71253967285156,61.976051330566406
Switzerland,CHE,1994,62.42485046386719,61.81707000732422,62.99995040893555
Switzerland,CHE,1996,73.1172866821289,73.1942367553711,73.04476165771484
Switzerland,CHE,1999,95.60772705078125,97.26512908935547,94.040771484375
Switzerland,CHE,2000,96.67292785644531,98.4527816772461,94.98486328125
Switzerland,CHE,2001,98.05579376220703,99.11660766601562,97.04763793945312
Switzerland,CHE,2002,98.28719329833984,99.68643951416016,96.95893096923828
Switzerland,CHE,2003,98.48660278320312,100.17791748046875,96.88461303710938
Switzerland,CHE,2004,99.44709014892578,101.0084228515625,97.96869659423828
Switzerland,CHE,2005,96.9664077758789,98.35365295410156,95.6520767211914
Switzerland,CHE,2006,93.92942810058594,95.28514862060547,92.64407348632812
Switzerland,CHE,2007,93.35880279541016,94.50801849365234,92.2706298828125
Switzerland,CHE,2008,94.40711212158203,95.42902374267578,93.44074249267578
Switzerland,CHE,2009,96.10912322998047,97.82582092285156,94.48712921142578
Switzerland,CHE,2010,96.19563293457031,97.83719635009766,94.64488220214844
Switzerland,CHE,2011,96.65714263916016,97.89385223388672,95.48908996582031
Switzerland,CHE,2012,97.41050720214844,98.77570343017578,96.12079620361328
Switzerland,CHE,2013,96.85575103759766,97.40299224853516,96.33869934082031
Switzerland,CHE,2014,95.57646179199219,96.3506088256836,94.84423065185547
Switzerland,CHE,2015,95.77346801757812,97.02372741699219,94.58879852294922
Switzerland,CHE,2016,96.82687377929688,97.66938781738281,96.0268325805664
Switzerland,CHE,2017,97.15868377685547,98.73052978515625,95.66293334960938
Switzerland,CHE,2018,96.2100830078125,96.77362060546875,95.67337036132812
Switzerland,CHE,2019,96.36173248291016,97.30728149414062,95.46112060546875
Syria,SYR,1971,55.208099365234375,35.40468978881836,74.69702911376953
Syria,SYR,1972,59.088050842285156,38.731590270996094,79.12840270996094
Syria,SYR,1973,59.334720611572266,40.05781173706055,78.29595947265625
Syria,SYR,1974,63.78942108154297,45.123291015625,82.12345123291016
Syria,SYR,1975,67.85819244384766,47.626129150390625,87.70294189453125
Syria,SYR,1976,71.98912048339844,51.67123031616211,91.89166259765625
Syria,SYR,1977,75.43965911865234,55.43339157104492,95.00536346435547
Syria,SYR,1978,77.77348327636719,58.4958381652832,96.59739685058594
Syria,SYR,1979,74.82501220703125,56.90937042236328,92.29132080078125
Syria,SYR,1980,73.21997833251953,56.96335983276367,89.0411376953125
Syria,SYR,1981,74.63626861572266,59.83124923706055,89.01714324951172
Syria,SYR,1982,79.0689926147461,64.57576751708984,93.1314697265625
Syria,SYR,1983,81.05294799804688,67.6551513671875,94.03553771972656
Syria,SYR,1984,82.3404312133789,71.12017059326172,93.19805145263672
Syria,SYR,1985,84.9039535522461,75.09175872802734,94.38665008544922
Syria,SYR,1986,86.63461303710938,78.31903839111328,94.66204833984375
Syria,SYR,1987,86.99683380126953,79.28618621826172,94.4329833984375
Syria,SYR,1988,86.89729309082031,79.82026672363281,93.71629333496094
Syria,SYR,1989,89.70002746582031,84.84205627441406,94.37728118896484
Syria,SYR,1990,89.89820861816406,84.59757995605469,94.99793243408203
Syria,SYR,1991,91.4555892944336,86.36807250976562,96.3464584350586
Syria,SYR,1992,95.83834838867188,90.77671813964844,100.70101928710938
Syria,SYR,1993,88.01136779785156,83.11390686035156,92.71299743652344
Syria,SYR,1994,90.17445373535156,85.43425750732422,94.7222900390625
Syria,SYR,1995,89.59461975097656,85.80384063720703,93.2302017211914
Syria,SYR,1996,91.35092163085938,88.01019287109375,94.55465698242188
Syria,SYR,1997,91.27483367919922,87.2977066040039,95.08946990966797
Syria,SYR,1998,91.19721984863281,87.60307312011719,94.64636993408203
Syria,SYR,1999,91.76779174804688,88.17980194091797,95.21202087402344
Syria,SYR,2000,91.24430084228516,87.92649841308594,94.4267578125
Syria,SYR,2001,92.7381362915039,89.48542022705078,95.85133361816406
Syria,SYR,2002,95.01953887939453,91.3943862915039,98.47438049316406
Syria,SYR,2003,106.0661392211914,105.09031677246094,106.99018096923828
Syria,SYR,2004,107.47379302978516,106.20446014404297,108.66964721679688
Syria,SYR,2005,109.0093765258789,108.28401184082031,109.69100189208984
Syria,SYR,2006,108.9068374633789,108.86923217773438,108.94220733642578
Syria,SYR,2007,106.00997924804688,105.99366760253906,106.02532958984375
Syria,SYR,2008,104.09588623046875,104.34555053710938,103.8604965209961
Syria,SYR,2009,103.05557250976562,103.21668243408203,102.90312194824219
Syria,SYR,2010,103.36705017089844,102.83863067626953,103.86891174316406
Syria,SYR,2011,106.91089630126953,106.76614379882812,107.04875946044922
Syria,SYR,2012,113.62431335449219,112.82328796386719,114.38951110839844
Syria,SYR,2013,72.2929916381836,71.9180679321289,72.6517105102539
Tajikistan,TJK,1995,97.87663269042969,,
Tajikistan,TJK,1997,71.37389373779297,,
Tajikistan,TJK,1999,91.94490814208984,,
Tajikistan,TJK,2000,92.57575225830078,,
Tajikistan,TJK,2001,96.78825378417969,,
Tajikistan,TJK,2002,97.39144134521484,,
Tajikistan,TJK,2003,94.96057891845703,,
Tajikistan,TJK,2004,91.39968872070312,,
Tajikistan,TJK,2005,100.97834014892578,,
Tajikistan,TJK,2006,105.37828063964844,,
Tajikistan,TJK,2007,94.07073211669922,,
Tajikistan,TJK,2008,96.2475814819336,,
Tajikistan,TJK,2009,98.94978332519531,97.37467193603516,100.45635986328125
Tajikistan,TJK,2010,101.69470977783203,100.57942962646484,102.75827026367188
Tajikistan,TJK,2011,102.73771667480469,101.34890747070312,104.05850982666016
Tajikistan,TJK,2012,98.15614318847656,97.00215148925781,99.25115966796875
Tajikistan,TJK,2014,99.51608276367188,99.25869750976562,99.75969696044922
Tajikistan,TJK,2015,101.07424926757812,100.74205780029297,101.38845825195312
Tajikistan,TJK,2016,95.38155364990234,94.63932800292969,96.08322143554688
Tajikistan,TJK,2017,94.91239166259766,94.67418670654297,95.13742065429688
Tanzania,TZA,1971,20.011110305786133,,
Tanzania,TZA,1972,24.755220413208008,,
Tanzania,TZA,1973,28.027320861816406,,
Tanzania,TZA,1974,31.67922019958496,,
Tanzania,TZA,1975,35.50973129272461,26.38857078552246,44.53609085083008
Tanzania,TZA,1976,39.06047058105469,28.72783088684082,49.28596878051758
Tanzania,TZA,1981,76.92212677001953,67.141357421875,86.55818939208984
Tanzania,TZA,1982,87.71228790283203,78.65296936035156,96.63480377197266
Tanzania,TZA,1983,93.93315887451172,86.0753173828125,101.6725082397461
Tanzania,TZA,1984,123.04853057861328,116.81572723388672,129.18751525878906
Tanzania,TZA,1985,80.09234619140625,,
Tanzania,TZA,1986,71.66226959228516,71.90071105957031,71.42738342285156
Tanzania,TZA,1987,68.9817123413086,70.04302978515625,67.93637084960938
Tanzania,TZA,1988,63.17060089111328,64.92321014404297,61.44462966918945
Tanzania,TZA,1989,47.944671630859375,47.81779861450195,48.069610595703125
Tanzania,TZA,1991,63.230690002441406,64.56664276123047,61.91469955444336
Tanzania,TZA,1992,55.84867858886719,55.53470993041992,56.158050537109375
Tanzania,TZA,1993,58.828330993652344,58.476959228515625,59.17477035522461
Tanzania,TZA,1994,56.50273132324219,56.2046012878418,56.79685974121094
Tanzania,TZA,1997,59.48965072631836,60.33713150024414,58.65190124511719
Tanzania,TZA,1998,49.40066909790039,49.68191146850586,49.12253952026367
Tanzania,TZA,1999,58.50127029418945,59.9338493347168,57.08388137817383
Tanzania,TZA,2000,50.53853988647461,51.319698333740234,49.76519012451172
Tanzania,TZA,2001,55.86848068237305,57.04201889038086,54.706459045410156
Tanzania,TZA,2002,59.8144416809082,60.92142105102539,58.71889114379883
Tanzania,TZA,2004,58.169490814208984,58.07775115966797,58.2601203918457
Tanzania,TZA,2005,54.893951416015625,53.94908142089844,55.826351165771484
Tanzania,TZA,2006,71.94429779052734,71.02507781982422,72.85096740722656
Tanzania,TZA,2007,82.712646484375,81.10154724121094,84.30188751220703
Tanzania,TZA,2009,103.61844635009766,103.94889068603516,103.29219818115234
Tanzania,TZA,2010,91.04519653320312,93.40028381347656,88.71843719482422
Tanzania,TZA,2011,95.0322265625,,
Tanzania,TZA,2012,82.11129760742188,86.2003402709961,78.0750503540039
Tanzania,TZA,2013,76.7352066040039,80.77516174316406,72.75118255615234
Tanzania,TZA,2014,69.87106323242188,74.46700286865234,65.34261322021484
Tanzania,TZA,2015,65.14202880859375,69.88038635253906,60.47710037231445
Tanzania,TZA,2016,61.57209014892578,65.95793914794922,57.25783920288086
Tanzania,TZA,2017,68.0982894897461,72.57437896728516,63.7005500793457
Tanzania,TZA,2018,68.70372772216797,72.82418060302734,64.66072082519531
Tanzania,TZA,2019,65.7470703125,69.53923797607422,62.0306510925293
Tanzania,TZA,2020,68.73860931396484,72.00518798828125,65.54096984863281
Thailand,THA,1975,37.54703140258789,32.95795822143555,42.05493927001953
Thailand,THA,1976,39.602840423583984,35.34769058227539,43.7741813659668
Thailand,THA,1977,39.919281005859375,35.999820709228516,43.75185012817383
Thailand,THA,1978,40.96522903442383,37.38222122192383,44.46128845214844
Thailand,THA,1981,71.38301086425781,69.68617248535156,73.03209686279297
Thailand,THA,1999,88.48335266113281,87.72419738769531,89.2160415649414
Thailand,THA,2000,84.89218139648438,84.3068618774414,85.45799255371094
Thailand,THA,2001,86.88076782226562,86.24974822998047,87.49049377441406
Thailand,THA,2017,93.45255279541016,94.20303344726562,92.74334716796875
Thailand,THA,2018,93.42047119140625,94.13262176513672,92.74820709228516
Thailand,THA,2019,94.411376953125,94.42916107177734,94.39460754394531
Thailand,THA,2020,95.06307983398438,95.38324737548828,94.76141357421875
Timor,TLS,2008,89.07829284667969,88.02951049804688,90.09564208984375
Timor,TLS,2009,78.66719055175781,78.24700927734375,79.07450103759766
Timor,TLS,2010,75.09874725341797,76.18415832519531,74.04601287841797
Timor,TLS,2011,78.79170989990234,79.30242156982422,78.29569244384766
Timor,TLS,2012,83.32792663574219,84.88020324707031,81.81876373291016
Timor,TLS,2013,88.95036315917969,91.17948913574219,86.78103637695312
Timor,TLS,2014,93.43956756591797,94.36937713623047,92.53411865234375
Timor,TLS,2015,100.095947265625,102.88636779785156,97.37950897216797
Timor,TLS,2016,99.28060150146484,101.11521911621094,97.49690246582031
Timor,TLS,2017,99.89826965332031,101.232421875,98.60266876220703
Timor,TLS,2018,103.84590911865234,106.3441390991211,101.42288208007812
Timor,TLS,2019,105.1983413696289,109.20826721191406,101.31427764892578
Togo,TGO,1971,25.26165008544922,13.004969596862793,37.588600158691406
Togo,TGO,1972,30.578500747680664,16.317100524902344,44.929710388183594
Togo,TGO,1976,42.7407112121582,22.864599227905273,62.75558853149414
Togo,TGO,1978,52.31446838378906,30.73464012145996,74.08393859863281
Togo,TGO,1979,51.795738220214844,31.820959091186523,71.9514389038086
Togo,TGO,1980,53.399471282958984,33.195350646972656,73.7892837524414
Togo,TGO,1981,50.063228607177734,31.1765193939209,69.12992095947266
Togo,TGO,1982,47.703800201416016,30.65654945373535,64.92156982421875
Togo,TGO,1983,46.68484115600586,30.176250457763672,63.35934829711914
Togo,TGO,1984,40.29664993286133,25.391799926757812,55.347049713134766
Togo,TGO,1985,33.93872833251953,20.026670455932617,47.98530960083008
Togo,TGO,1986,33.70658874511719,20.565950393676758,46.97932815551758
Togo,TGO,1987,32.35454177856445,19.49859046936035,45.33892822265625
Togo,TGO,1988,37.575279235839844,24.016389846801758,51.26264190673828
Togo,TGO,1989,30.37071990966797,18.641910552978516,42.201969146728516
Togo,TGO,1990,36.371849060058594,22.95029067993164,49.90314865112305
Togo,TGO,1991,36.377079010009766,23.27280044555664,49.58926010131836
Togo,TGO,1992,37.10565948486328,23.99968910217285,50.33710861206055
Togo,TGO,1994,28.43716049194336,18.615219116210938,38.3448486328125
Togo,TGO,1995,40.40428161621094,26.151470184326172,54.75627136230469
Togo,TGO,1996,47.02153015136719,30.168560028076172,63.96641159057617
Togo,TGO,1999,57.262359619140625,40.44684982299805,74.14678192138672
Togo,TGO,2000,66.62779235839844,49.304298400878906,83.9991683959961
Togo,TGO,2001,73.85542297363281,56.75226974487305,90.9940185546875
Togo,TGO,2003,74.66124725341797,60.855770111083984,88.49260711669922
Togo,TGO,2004,76.71295166015625,63.75185012817383,89.68878173828125
Togo,TGO,2005,76.04608154296875,63.504608154296875,88.58979034423828
Togo,TGO,2006,75.49735260009766,63.50027847290039,87.487060546875
Togo,TGO,2008,67.11387634277344,56.25743103027344,77.95533752441406
Togo,TGO,2009,66.0527114868164,55.971458435058594,76.11018371582031
Togo,TGO,2010,70.3570785522461,61.044960021972656,79.63786315917969
Togo,TGO,2011,71.9178695678711,62.914390563964844,80.88509368896484
Togo,TGO,2012,75.12908172607422,66.79046630859375,83.43269348144531
Togo,TGO,2013,78.34172821044922,71.56059265136719,85.09169006347656
Togo,TGO,2014,84.20050048828125,78.08489990234375,90.2843017578125
Togo,TGO,2016,92.71514892578125,89.02214050292969,96.38545989990234
Togo,TGO,2017,91.6078109741211,87.41532135009766,95.77526092529297
Togo,TGO,2018,89.67256164550781,86.8541488647461,92.47380065917969
Togo,TGO,2019,87.42386627197266,85.18628692626953,89.64704132080078
Togo,TGO,2020,88.35926055908203,86.40843200683594,90.29682159423828
Tonga,TON,1977,81.9529800415039,79.9850082397461,83.78755950927734
Tonga,TON,1978,92.83167266845703,95.28024291992188,90.5386734008789
Tonga,TON,1979,111.50035095214844,109.04448699951172,113.8144302368164
Tonga,TON,1981,129.62820434570312,126.76168060302734,132.31797790527344
Tonga,TON,1982,117.7671127319336,108.6021499633789,126.3565902709961
Tonga,TON,1984,116.79586791992188,114.22222137451172,119.2146987915039
Tonga,TON,1985,96.03073120117188,95.41040802001953,96.611572265625
Tonga,TON,1986,101.91805267333984,101.26239776611328,102.53164672851562
Tonga,TON,1990,127.82498168945312,119.84127044677734,135.2458953857422
Tonga,TON,1991,97.05159759521484,94.53925323486328,99.37007904052734
Tonga,TON,1993,111.0766830444336,117.8484115600586,104.94464874267578
Tonga,TON,1998,108.12361907958984,108.69564819335938,107.62220001220703
Tonga,TON,1999,107.39929962158203,110.83100128173828,104.36933135986328
Tonga,TON,2001,105.49630737304688,103.95529174804688,106.90196228027344
Tonga,TON,2005,108.05610656738281,108.08332824707031,108.03089141845703
Tonga,TON,2006,103.38845825195312,105.78373718261719,101.16641235351562
Tonga,TON,2012,103.56849670410156,104.03433227539062,103.14218139648438
Tonga,TON,2013,116.09716033935547,110.11139678955078,121.63233184814453
Tonga,TON,2020,108.44608306884766,105.30435180664062,111.24903106689453
Trinidad and Tobago,TTO,1982,112.80729675292969,113.93385314941406,111.69686889648438
Trinidad and Tobago,TTO,1985,95.09449768066406,92.88688659667969,97.25151824951172
Trinidad and Tobago,TTO,1988,96.63800048828125,99.60930633544922,93.7530288696289
Trinidad and Tobago,TTO,1991,99.78948211669922,102.95490264892578,96.72093963623047
Trinidad and Tobago,TTO,1992,99.22093963623047,101.29313659667969,97.20867156982422
Trinidad and Tobago,TTO,1993,97.29625701904297,97.7965087890625,96.80976104736328
Trinidad and Tobago,TTO,1996,87.818359375,89.42494201660156,86.25106048583984
Trinidad and Tobago,TTO,1997,89.82865142822266,91.99971771240234,87.71112060546875
Trinidad and Tobago,TTO,1999,100.1251220703125,101.54419708251953,98.74346160888672
Trinidad and Tobago,TTO,2000,93.35761260986328,94.56581115722656,92.18266296386719
Trinidad and Tobago,TTO,2001,86.68157196044922,87.95142364501953,85.446533203125
Trinidad and Tobago,TTO,2003,89.32759094238281,89.9608383178711,88.71066284179688
Trinidad and Tobago,TTO,2004,95.03304290771484,96.14485168457031,93.94851684570312
Trinidad and Tobago,TTO,2005,91.9303207397461,93.62663269042969,90.27337646484375
Trinidad and Tobago,TTO,2007,95.77249145507812,95.998291015625,95.55207824707031
Trinidad and Tobago,TTO,2008,93.45758819580078,93.25955200195312,93.65078735351562
Trinidad and Tobago,TTO,2009,95.770751953125,95.89385986328125,95.65071868896484
Trinidad and Tobago,TTO,2010,94.93678283691406,95.0982666015625,94.7794418334961
Tunisia,TUN,1971,56.92108917236328,,
Tunisia,TUN,1972,53.931148529052734,,
Tunisia,TUN,1973,59.99700164794922,42.42205810546875,76.95374298095703
Tunisia,TUN,1974,60.719261169433594,,
Tunisia,TUN,1975,66.41641235351562,,
Tunisia,TUN,1976,65.00080108642578,49.029170989990234,80.28224182128906
Tunisia,TUN,1977,67.4194107055664,52.15935134887695,82.06822204589844
Tunisia,TUN,1978,70.86165618896484,54.44818878173828,86.66094970703125
Tunisia,TUN,1979,59.45674133300781,46.391029357910156,72.06780242919922
Tunisia,TUN,1980,61.40460968017578,47.94137954711914,74.43041229248047
Tunisia,TUN,1981,81.5801010131836,64.18506622314453,98.42961883544922
Tunisia,TUN,1982,62.880958557128906,50.949859619140625,74.44393157958984
Tunisia,TUN,1983,63.45082092285156,53.2092399597168,73.37802124023438
Tunisia,TUN,1984,67.07488250732422,57.338138580322266,76.51046752929688
Tunisia,TUN,1985,67.6417465209961,58.98324966430664,76.02262878417969
Tunisia,TUN,1986,70.67913055419922,62.488529205322266,78.58753204345703
Tunisia,TUN,1987,72.01274108886719,63.80419921875,79.89089965820312
Tunisia,TUN,1988,71.6844711303711,64.68009948730469,78.39006805419922
Tunisia,TUN,1989,76.37142181396484,69.274169921875,83.17118072509766
Tunisia,TUN,1990,81.12670135498047,75.14334106445312,86.87255859375
Tunisia,TUN,1991,74.99286651611328,69.56404113769531,80.21038818359375
Tunisia,TUN,1992,69.5268325805664,,
Tunisia,TUN,1993,73.84490203857422,70.22335052490234,77.30673217773438
Tunisia,TUN,1994,80.247802734375,77.18714141845703,83.17337799072266
Tunisia,TUN,1995,89.96349334716797,87.05175018310547,92.74775695800781
Tunisia,TUN,1996,87.05094909667969,85.39058685302734,88.63761138916016
Tunisia,TUN,1997,89.25700378417969,87.78173065185547,90.66531372070312
Tunisia,TUN,1999,87.51792907714844,87.29212188720703,87.73245239257812
Tunisia,TUN,2000,86.63253021240234,86.32817840576172,86.92057037353516
Tunisia,TUN,2001,87.87538146972656,88.19725799560547,87.57189178466797
Tunisia,TUN,2002,93.2208480834961,93.72789764404297,92.7451400756836
Tunisia,TUN,2003,97.03581237792969,97.87814331054688,96.24907684326172
Tunisia,TUN,2004,100.49604797363281,101.91873168945312,99.17286682128906
Tunisia,TUN,2005,103.30935668945312,105.1028823852539,101.64674377441406
Tunisia,TUN,2007,102.61705017089844,103.03221130371094,102.23294067382812
Tunisia,TUN,2008,92.16458892822266,93.05365753173828,91.342041015625
Tunisia,TUN,2009,88.6451416015625,91.12207794189453,86.35050201416016
Tunisia,TUN,2010,98.96885681152344,100.22149658203125,97.8061294555664
Tunisia,TUN,2013,96.80471801757812,98.75804138183594,94.99787139892578
Tunisia,TUN,2014,99.71772766113281,101.86260223388672,97.73049926757812
Tunisia,TUN,2015,103.31140899658203,105.3232192993164,101.44393157958984
Tunisia,TUN,2016,99.01363372802734,102.67172241210938,95.61865997314453
Tunisia,TUN,2017,95.05377960205078,100.14846801757812,90.32640075683594
Tunisia,TUN,2020,106.46733856201172,108.99430847167969,104.11865234375
Turkey,TUR,1984,88.98677825927734,80.71704864501953,97.24765014648438
Turkey,TUR,1985,91.07624053955078,83.74735260009766,98.39250183105469
Turkey,TUR,1986,96.27607727050781,91.35816955566406,101.16976165771484
Turkey,TUR,1987,95.85669708251953,90.20214080810547,101.46797180175781
Turkey,TUR,1988,108.4543685913086,102.83798217773438,114.01055145263672
Turkey,TUR,1989,94.06997680664062,88.45121002197266,99.61070251464844
Turkey,TUR,1990,94.87223815917969,89.44577026367188,100.21038818359375
Turkey,TUR,1991,96.92405700683594,91.76133728027344,101.9959716796875
Turkey,TUR,1992,102.61165618896484,97.27020263671875,107.8537826538086
Turkey,TUR,1993,95.96916961669922,90.69731903076172,101.13739776611328
Turkey,TUR,1994,95.91146850585938,90.85356140136719,100.86509704589844
Turkey,TUR,1995,93.9520263671875,89.57874298095703,98.23135375976562
Turkey,TUR,2004,98.16687774658203,94.01499938964844,102.19515228271484
Turkey,TUR,2005,102.61311340332031,98.65045166015625,106.45230865478516
Turkey,TUR,2006,98.91187286376953,95.68247985839844,102.03640747070312
Turkey,TUR,2007,97.34625244140625,94.53885650634766,100.05919647216797
Turkey,TUR,2008,98.66828155517578,96.5611801147461,100.70237731933594
Turkey,TUR,2009,98.72959899902344,97.63804626464844,99.7823486328125
Turkey,TUR,2010,98.97466278076172,98.22415924072266,99.69782257080078
Turkey,TUR,2011,101.24823760986328,100.95655822753906,101.5290298461914
Turkey,TUR,2012,99.8199234008789,98.77326965332031,100.82698059082031
Turkey,TUR,2014,91.39781951904297,90.73625183105469,92.03343963623047
Turkey,TUR,2015,92.23309326171875,91.59396362304688,92.84706115722656
Turkey,TUR,2017,89.7489013671875,89.55996704101562,89.93018341064453
Turkey,TUR,2018,88.52777862548828,88.36860656738281,88.68035125732422
Turkey,TUR,2019,90.84677124023438,90.43994903564453,91.23628234863281
Turks and Caicos Islands,TCA,1994,67.4825210571289,68.08511352539062,66.89655303955078
Turks and Caicos Islands,TCA,1997,68.64685821533203,69.12751770019531,68.18182373046875
Turks and Caicos Islands,TCA,2000,97.10610961914062,89.54248046875,104.43038177490234
Turks and Caicos Islands,TCA,2001,103.93939208984375,89.50617218017578,117.85713958740234
Turks and Caicos Islands,TCA,2002,94.98606872558594,96.59091186523438,93.44261932373047
Turks and Caicos Islands,TCA,2004,88.75305938720703,84.57711029052734,92.78845977783203
Turks and Caicos Islands,TCA,2005,88.11189270019531,86.7298583984375,89.44953918457031
Turks and Caicos Islands,TCA,2018,129.4014129638672,118.70503997802734,139.65516662597656
Tuvalu,TUV,1990,76.60819244384766,63.09524154663086,89.65516662597656
Tuvalu,TUV,1993,105.76132202148438,112.17391204833984,100
Tuvalu,TUV,1994,83.84615325927734,82.92682647705078,84.6715316772461
Tuvalu,TUV,1998,86.17886352539062,83.62068939208984,88.46154022216797
Tuvalu,TUV,2001,108.55856323242188,110.2803726196289,106.9565200805664
Tuvalu,TUV,2002,95.39170837402344,100.95237731933594,90.17857360839844
Tuvalu,TUV,2003,104.73934173583984,108.65384674072266,100.93457794189453
Tuvalu,TUV,2004,113.0434799194336,115.53398132324219,110.57691955566406
Tuvalu,TUV,2005,121.6346206665039,124.27184295654297,119.04762268066406
Tuvalu,TUV,2006,113.2701416015625,125,101.8691635131836
Tuvalu,TUV,2014,86.97479248046875,88.69564819335938,85.36585235595703
Tuvalu,TUV,2015,91.70124053955078,99.14530181884766,84.67742156982422
Tuvalu,TUV,2016,84.7736587524414,79.66101837158203,89.5999984741211
Tuvalu,TUV,2018,78.71485900878906,69.42149353027344,87.5
Tuvalu,TUV,2019,76.8924331665039,75.40984344482422,78.29457092285156
Tuvalu,TUV,2020,89.37007904052734,88.70967864990234,90
Uganda,UGA,1975,39.976200103759766,,
Uganda,UGA,1976,40.07733917236328,,
Uganda,UGA,1979,42.05794906616211,,
Uganda,UGA,1982,42.972511291503906,28.52655029296875,57.29697036743164
Uganda,UGA,1986,38.81892013549805,29.15447998046875,48.40359115600586
Uganda,UGA,2001,60.412200927734375,53.561031341552734,67.35994720458984
Uganda,UGA,2002,62.56145095825195,56.922481536865234,68.26863098144531
Uganda,UGA,2003,62.29132080078125,56.816001892089844,67.82212829589844
Uganda,UGA,2004,58.699588775634766,54.20214080810547,63.236328125
Uganda,UGA,2005,57.472740173339844,53.75923156738281,61.21635055541992
Uganda,UGA,2007,53.52669906616211,51.0980110168457,55.985599517822266
Uganda,UGA,2008,58.370140075683594,56.59532165527344,60.17068862915039
Uganda,UGA,2009,75.11724090576172,74.14623260498047,76.10395050048828
Uganda,UGA,2010,57.17232894897461,55.98310852050781,58.38056182861328
Uganda,UGA,2011,55.07318115234375,53.85968017578125,56.302799224853516
Uganda,UGA,2012,56.388328552246094,55.44292068481445,57.34156036376953
Uganda,UGA,2013,56.457698822021484,55.76448059082031,57.152530670166016
Uganda,UGA,2014,59.89649963378906,59.848228454589844,59.94451904296875
Uganda,UGA,2015,53.77228927612305,54.10028076171875,53.448158264160156
Uganda,UGA,2016,54.743011474609375,55.708038330078125,53.7913818359375
Uganda,UGA,2017,52.67176055908203,53.81092834472656,51.54854965209961
Ukraine,UKR,1971,103.15086364746094,,
Ukraine,UKR,1972,98.80847930908203,,
Ukraine,UKR,1973,98.81639862060547,,
Ukraine,UKR,1974,96.8276596069336,,
Ukraine,UKR,1976,98.27971649169922,,
Ukraine,UKR,1977,99.26172637939453,,
Ukraine,UKR,1978,100.33763885498047,,
Ukraine,UKR,1979,100.19422149658203,,
Ukraine,UKR,1980,101.86898803710938,,
Ukraine,UKR,1982,100.83197784423828,,
Ukraine,UKR,1983,96.43402862548828,,
Ukraine,UKR,1984,96.3538818359375,,
Ukraine,UKR,1985,95.63127899169922,,
Ukraine,UKR,1988,94.32089233398438,,
Ukraine,UKR,1990,100.334228515625,,
Ukraine,UKR,1991,102.24066925048828,,
Ukraine,UKR,1992,93.8746566772461,,
Ukraine,UKR,1993,97.77938079833984,98.78868865966797,96.81134796142578
Ukraine,UKR,1994,95.12743377685547,95.93331909179688,94.35778045654297
Ukraine,UKR,1998,101.89016723632812,,
Ukraine,UKR,1999,99.6829833984375,99.5427474975586,99.81619262695312
Ukraine,UKR,2000,96.05645751953125,96.00450134277344,96.10578918457031
Ukraine,UKR,2001,99.4227066040039,98.97956085205078,99.84343719482422
Ukraine,UKR,2002,101.1217269897461,101.20915985107422,101.03868865966797
Ukraine,UKR,2005,117.71675109863281,117.37200164794922,118.04459381103516
Ukraine,UKR,2006,104.3438720703125,103.99465942382812,104.67622375488281
Ukraine,UKR,2007,100.37400817871094,100.41768646240234,100.33241271972656
Ukraine,UKR,2008,97.64618682861328,97.90705871582031,97.3974609375
Ukraine,UKR,2009,94.54981994628906,94.60360717773438,94.49852752685547
Ukraine,UKR,2010,96.1562271118164,96.11786651611328,96.19271850585938
Ukraine,UKR,2011,96.50829315185547,96.8406982421875,96.1932373046875
Ukraine,UKR,2012,97.5071792602539,98.19583892822266,96.8558578491211
Ukraine,UKR,2013,103.35034942626953,104.27906036376953,102.47428894042969
Ukraine,UKR,2014,102.59253692626953,103.59474182128906,101.64891052246094
United Arab Emirates,ARE,1974,39.540428161621094,33.17290115356445,44.959041595458984
United Arab Emirates,ARE,1975,41.73529052734375,41.29671096801758,42.10956954956055
United Arab Emirates,ARE,1976,49.50407028198242,45.379539489746094,53.051090240478516
United Arab Emirates,ARE,1977,56.757381439208984,53.369140625,59.79021072387695
United Arab Emirates,ARE,1978,60.69887161254883,56.59498977661133,64.40882110595703
United Arab Emirates,ARE,1979,65.70791625976562,62.90753173828125,68.21434783935547
United Arab Emirates,ARE,1980,68.13439178466797,67.54074096679688,68.66522216796875
United Arab Emirates,ARE,1981,72.32185363769531,71.1649398803711,73.39659881591797
United Arab Emirates,ARE,1982,81.88111877441406,78.10710144042969,85.48387145996094
United Arab Emirates,ARE,1983,81.29383850097656,78.79328155517578,83.7154769897461
United Arab Emirates,ARE,1984,78.24465942382812,77.71395874023438,78.75791931152344
United Arab Emirates,ARE,1985,74.31791687011719,72.79081726074219,75.77812957763672
United Arab Emirates,ARE,1986,75.94766998291016,77.28397369384766,74.68536376953125
United Arab Emirates,ARE,1987,76.38062286376953,78.4200668334961,74.43923950195312
United Arab Emirates,ARE,1988,74.71659088134766,75.67989349365234,73.79170989990234
United Arab Emirates,ARE,1989,82.19580078125,81.59207916259766,82.7853012084961
United Arab Emirates,ARE,1990,91.06539916992188,89.1069107055664,93.01180267333984
United Arab Emirates,ARE,1991,97.51193237304688,95.5206069946289,99.4971923828125
United Arab Emirates,ARE,1992,95.89749908447266,94.8190689086914,96.95796203613281
United Arab Emirates,ARE,1993,93.30294799804688,93.04724884033203,93.55058288574219
United Arab Emirates,ARE,1994,91.96444702148438,92.44745635986328,91.50743103027344
United Arab Emirates,ARE,1995,89.86238098144531,90.29075622558594,89.46542358398438
United Arab Emirates,ARE,1996,85.79583740234375,86.45726013183594,85.18551635742188
United Arab Emirates,ARE,1997,87.83367919921875,88.5481185913086,87.15998840332031
United Arab Emirates,ARE,1998,85.29476928710938,86.53864288330078,84.12355041503906
United Arab Emirates,ARE,1999,83.75656127929688,85.8249282836914,81.85436248779297
United Arab Emirates,ARE,2000,80.28414154052734,82.17166900634766,78.59526824951172
United Arab Emirates,ARE,2001,76.57745361328125,78.60256958007812,74.78601837158203
United Arab Emirates,ARE,2002,80.73298645019531,79.75221252441406,81.66857147216797
United Arab Emirates,ARE,2007,97.45088958740234,98.63421630859375,96.31902313232422
United Arab Emirates,ARE,2012,93.94155883789062,94.19589233398438,93.70369720458984
United Arab Emirates,ARE,2013,95.6869888305664,97.33055114746094,94.16026306152344
United Arab Emirates,ARE,2014,99.1491470336914,100.79582214355469,97.62124633789062
United Arab Emirates,ARE,2015,103.52020263671875,104.4197769165039,102.67487335205078
United Arab Emirates,ARE,2019,111.9388198852539,112.56179809570312,111.34044647216797
United Arab Emirates,ARE,2020,104.71119689941406,104.61860656738281,104.80042266845703
United Kingdom,GBR,2015,102.010498046875,101.88719940185547,102.12812042236328
United Kingdom,GBR,2016,100.88255310058594,100.82315063476562,100.93926239013672
United Kingdom,GBR,2017,100.12286376953125,100.00244903564453,100.23790740966797
United Kingdom,GBR,2018,100.59745788574219,100.38677215576172,100.79888153076172
United Kingdom,GBR,2019,101.59468841552734,101.4974365234375,101.68766784667969
United States,USA,2017,98.83219909667969,97.16603088378906,100.4294662475586
United States,USA,2018,100.09269714355469,95.4763412475586,104.51019287109375
United States,USA,2019,100.48905181884766,103.3436279296875,97.75263977050781
United States Virgin Islands,VIR,1993,59.65359115600586,,
Upper middle income,,1988,97.1712875366211,,
Upper middle income,,1989,96.49561309814453,,
Upper middle income,,1990,97.01072692871094,,
Upper middle income,,1991,97.71024322509766,,
Upper middle income,,1992,96.29634094238281,,
Upper middle income,,1993,97.18733978271484,,
Upper middle income,,1994,98.64949798583984,97.05697631835938,100.17106628417969
Upper middle income,,1995,96.15557098388672,94.65052795410156,97.59281921386719
Upper middle income,,1996,93.38742065429688,91.92841339111328,94.78048706054688
Upper middle income,,1997,92.16448974609375,90.8843002319336,93.38494110107422
Upper middle income,,1998,92.83365631103516,91.60675811767578,94.001708984375
Upper middle income,,1999,93.10095977783203,91.97621154785156,94.16771697998047
Upper middle income,,2000,93.79046630859375,92.83040618896484,94.70182800292969
Upper middle income,,2001,94.49432373046875,93.77168273925781,95.17704010009766
Upper middle income,,2002,94.80110168457031,94.26600646972656,95.31060791015625
Upper middle income,,2003,94.44387817382812,93.94396209716797,94.91941833496094
Upper middle income,,2004,94.07530212402344,93.62416076660156,94.50232696533203
Upper middle income,,2005,94.1729965209961,93.84867095947266,94.47457885742188
Upper middle income,,2006,93.87655639648438,93.71508026123047,94.02510070800781
Upper middle income,,2007,94.86917877197266,94.6546630859375,95.05964660644531
Upper middle income,,2008,98.09591674804688,97.7268295288086,98.43903350830078
Upper middle income,,2009,97.83087158203125,97.36286926269531,98.25971984863281
Upper middle income,,2010,96.82537841796875,96.25929260253906,97.34652709960938
Upper middle income,,2011,95.57312774658203,95.0318603515625,96.07498168945312
Upper middle income,,2012,95.54576110839844,95.0179214477539,96.02497863769531
Upper middle income,,2013,95.22503662109375,94.74017333984375,95.66911315917969
Upper middle income,,2014,92.23545837402344,91.80204772949219,92.63153839111328
Upper middle income,,2015,90.75161743164062,90.15656280517578,91.29532623291016
Upper middle income,,2016,92.38529968261719,92.15528869628906,92.59528350830078
Upper middle income,,2017,93.96974182128906,93.69654846191406,94.21694946289062
Upper middle income,,2018,94.94059753417969,94.938720703125,94.94172668457031
Upper middle income,,2019,95.97693634033203,95.91461181640625,96.03347778320312
Upper middle income,,2020,95.40643310546875,95.3228530883789,95.48298645019531
Uruguay,URY,1970,66.35449981689453,,
Uruguay,URY,1971,69.5316390991211,,
Uruguay,URY,1972,68.8804931640625,,
Uruguay,URY,1973,71.49137878417969,,
Uruguay,URY,1974,68.11018371582031,69.46353912353516,66.80975341796875
Uruguay,URY,1976,69.35128784179688,68.94728088378906,69.7405776977539
Uruguay,URY,1977,70.2430419921875,71.83074951171875,68.71116638183594
Uruguay,URY,1978,69.23204040527344,70.9654312133789,67.55986022949219
Uruguay,URY,1979,70.49775695800781,71.21016693115234,69.81147766113281
Uruguay,URY,1980,72.64544677734375,74.52802276611328,70.83706665039062
Uruguay,URY,1985,87.01560974121094,88.9655990600586,85.15625
Uruguay,URY,1986,88.06253814697266,91.27464294433594,84.98641204833984
Uruguay,URY,1987,91.8675765991211,94.6561508178711,89.18794250488281
Uruguay,URY,1988,92.2397232055664,94.56265258789062,90.00035095214844
Uruguay,URY,1989,93.01854705810547,94.74311828613281,91.3526382446289
Uruguay,URY,1990,94.6265869140625,97.2861328125,92.0591812133789
Uruguay,URY,1991,94.96589660644531,97.45784759521484,92.5630874633789
Uruguay,URY,1992,92.79884338378906,95.03553771972656,90.64466094970703
Uruguay,URY,1993,94.5015869140625,96.93737030029297,92.15886688232422
Uruguay,URY,1994,94.75856018066406,97.54081726074219,92.08660888671875
Uruguay,URY,1995,94.31974792480469,95.91747283935547,92.78700256347656
Uruguay,URY,1996,94.38105773925781,96.60588073730469,92.2466812133789
Uruguay,URY,1997,95.78414154052734,97.3575210571289,94.27510833740234
Uruguay,URY,1998,95.85620880126953,94.75984191894531,96.9074478149414
Uruguay,URY,1999,96.24835968017578,97.63899993896484,94.91506958007812
Uruguay,URY,2000,97.31546020507812,99.72315216064453,95.00655364990234
Uruguay,URY,2001,95.36992645263672,96.94335174560547,93.86038208007812
Uruguay,URY,2002,94.87438201904297,97.43531799316406,92.41580200195312
Uruguay,URY,2003,91.78016662597656,93.52410888671875,90.10453796386719
Uruguay,URY,2004,92.22673797607422,92.87467956542969,91.603759765625
Uruguay,URY,2005,95.4336929321289,97.51029968261719,93.43678283691406
Uruguay,URY,2006,99.69513702392578,100.92135620117188,98.51573944091797
Uruguay,URY,2007,104.36974334716797,105.82054901123047,102.9737319946289
Uruguay,URY,2008,106.77879333496094,108.38117218017578,105.23583984375
Uruguay,URY,2009,106.31304931640625,106.81523895263672,105.82920837402344
Uruguay,URY,2010,104.8093032836914,104.5132064819336,105.09445190429688
Uruguay,URY,2011,103.78695678710938,104.72425079345703,102.88523864746094
Uruguay,URY,2012,102.6577377319336,102.741943359375,102.57682037353516
Uruguay,URY,2013,103.42948913574219,102.71293640136719,104.11730194091797
Uruguay,URY,2014,103.90370178222656,104.28888702392578,103.53447723388672
Uruguay,URY,2015,103.510986328125,103.9030532836914,103.13574981689453
Uruguay,URY,2016,104.6961898803711,104.32125091552734,105.0548095703125
Uruguay,URY,2017,98.69988250732422,,
Uruguay,URY,2018,103.22464752197266,104.13170623779297,102.3586196899414
Uzbekistan,UZB,1995,99.75536346435547,,
Uzbekistan,UZB,1999,96.5272216796875,,
Uzbekistan,UZB,2000,95.76960754394531,,
Uzbekistan,UZB,2001,100.68831634521484,100.57417297363281,100.7979965209961
Uzbekistan,UZB,2002,102.26158905029297,101.69438171386719,102.80364990234375
Uzbekistan,UZB,2003,96.6686782836914,97.29210662841797,96.07601165771484
Uzbekistan,UZB,2004,94.92826080322266,95.38105773925781,94.49958038330078
Uzbekistan,UZB,2005,96.71703338623047,96.92749786376953,96.51795196533203
Uzbekistan,UZB,2006,98.63932037353516,98.67635345458984,98.60418701171875
Uzbekistan,UZB,2007,96.60794830322266,96.33711242675781,96.86563873291016
Uzbekistan,UZB,2008,95.21112060546875,95.2742691040039,95.15086364746094
Uzbekistan,UZB,2009,92.27764892578125,91.7332763671875,92.79834747314453
Uzbekistan,UZB,2010,91.94624328613281,91.5628662109375,92.31326293945312
Uzbekistan,UZB,2011,92.5531005859375,91.7975082397461,93.27557373046875
Uzbekistan,UZB,2012,92.9503402709961,92.44355010986328,93.43479919433594
Uzbekistan,UZB,2013,96.60858917236328,95.67549133300781,97.5002670288086
Uzbekistan,UZB,2014,96.30272674560547,95.64246368408203,96.93318176269531
Uzbekistan,UZB,2015,98.24262237548828,97.63825988769531,98.8189468383789
Uzbekistan,UZB,2016,96.81922149658203,96.44022369384766,97.18009948730469
Uzbekistan,UZB,2017,98.4035873413086,97.79827880859375,98.97914123535156
Uzbekistan,UZB,2018,103.02362823486328,102.46732330322266,103.5518569946289
Uzbekistan,UZB,2019,105.62268829345703,105.43447875976562,105.80123138427734
Uzbekistan,UZB,2020,105.99797821044922,105.55242919921875,106.42060089111328
Vanuatu,VUT,1992,83.69722747802734,81.98883819580078,85.2626724243164
Vanuatu,VUT,1994,74.95491027832031,72.63751983642578,77.08965301513672
Vanuatu,VUT,1998,94.29698944091797,96.76685333251953,92.00169372558594
Vanuatu,VUT,2000,92.11485290527344,94.44444274902344,89.94621276855469
Vanuatu,VUT,2001,106.0159912109375,105.80278778076172,106.21446228027344
Vanuatu,VUT,2004,90.82135009765625,90.20893096923828,91.38847351074219
Vanuatu,VUT,2007,83.68968963623047,85.82646179199219,81.70197296142578
Vanuatu,VUT,2008,81.14108276367188,84.47013092041016,78.11624908447266
Vanuatu,VUT,2009,84.42826843261719,87.17366790771484,82.00067138671875
Vanuatu,VUT,2010,83.6258316040039,86.75198364257812,80.89443969726562
Vanuatu,VUT,2013,91.67400360107422,94.92273712158203,88.69389343261719
Vanuatu,VUT,2014,89.28510284423828,,
Vanuatu,VUT,2019,89.78401947021484,89.51856994628906,90.03067016601562
Vanuatu,VUT,2020,94.18134307861328,93.2052001953125,95.08940124511719
Venezuela,VEN,1971,59.84941101074219,,
Venezuela,VEN,1972,62.99375915527344,,
Venezuela,VEN,1973,66.50565338134766,,
Venezuela,VEN,1974,67.8620834350586,,
Venezuela,VEN,1975,70.02030181884766,,
Venezuela,VEN,1976,69.51850128173828,,
Venezuela,VEN,1977,69.46814727783203,,
Venezuela,VEN,1978,69.40109252929688,,
Venezuela,VEN,1979,68.86705780029297,,
Venezuela,VEN,1980,71.9189224243164,,
Venezuela,VEN,1981,73.80445098876953,,
Venezuela,VEN,1982,77.38739013671875,,
Venezuela,VEN,1983,77.63603210449219,,
Venezuela,VEN,1984,76.64836883544922,,
Venezuela,VEN,1985,77.86640930175781,,
Venezuela,VEN,1986,78.54564666748047,,
Venezuela,VEN,1987,78.29936981201172,,
Venezuela,VEN,1988,78.40090942382812,82.7548828125,74.20996856689453
Venezuela,VEN,1989,78.79015350341797,83.75694274902344,74.00824737548828
Venezuela,VEN,1990,78.80394744873047,,
Venezuela,VEN,1991,81.58323669433594,86.91504669189453,76.45063781738281
Venezuela,VEN,1992,85.34736633300781,90.69715118408203,80.19930267333984
Venezuela,VEN,1993,84.76734161376953,89.8221206665039,79.90518951416016
Venezuela,VEN,1996,81.73387145996094,86.34575653076172,77.30348205566406
Venezuela,VEN,1997,81.65870666503906,85.54071044921875,77.93012237548828
Venezuela,VEN,1999,82.1106185913086,85.55354309082031,78.80587005615234
Venezuela,VEN,2000,83.8785629272461,86.9236831665039,80.95668029785156
Venezuela,VEN,2001,85.26969909667969,88.4162368774414,82.25135040283203
Venezuela,VEN,2002,91.95780181884766,94.64553833007812,89.3796615600586
Venezuela,VEN,2003,89.70028686523438,91.97766876220703,87.51622772216797
Venezuela,VEN,2004,89.74030303955078,92.33321380615234,87.2545166015625
Venezuela,VEN,2005,91.4727783203125,94.45178985595703,88.61786651611328
Venezuela,VEN,2006,95.29814910888672,98.27355194091797,92.44732666015625
Venezuela,VEN,2007,97.28839874267578,99.46324157714844,95.2040023803711
Venezuela,VEN,2008,95.04341888427734,96.23497009277344,93.9015121459961
Venezuela,VEN,2009,95.08796691894531,96.38665008544922,93.84406280517578
Venezuela,VEN,2010,93.87696838378906,95.02220153808594,92.78083801269531
Venezuela,VEN,2011,95.17514038085938,96.58500671386719,93.82646179199219
Venezuela,VEN,2012,96.3213882446289,97.75418090820312,94.9501724243164
Venezuela,VEN,2013,96.05863952636719,97.52660369873047,94.65445709228516
Venezuela,VEN,2014,96.83641052246094,97.74922180175781,95.96424865722656
Venezuela,VEN,2015,96.1170883178711,96.81314849853516,95.45262145996094
Venezuela,VEN,2016,94.05079650878906,94.6676025390625,93.46186828613281
Venezuela,VEN,2017,92.58873748779297,93.1026611328125,92.0978775024414
Vietnam,VNM,1979,81.4809799194336,,
Vietnam,VNM,1999,99.74948120117188,97.69454956054688,101.70362091064453
Vietnam,VNM,2000,99.77178192138672,97.99739837646484,101.45958709716797
Vietnam,VNM,2001,105.20234680175781,103.21214294433594,107.0969009399414
Vietnam,VNM,2002,102.19416809082031,100.08743286132812,104.2004165649414
Vietnam,VNM,2003,100.90921783447266,98.44403076171875,103.2577133178711
Vietnam,VNM,2005,93.7576904296875,,
Vietnam,VNM,2006,97.44434356689453,,
Vietnam,VNM,2011,103.22785949707031,,
Vietnam,VNM,2012,102.63968658447266,,
Vietnam,VNM,2013,100.01658630371094,100.45018768310547,99.61006927490234
Vietnam,VNM,2014,107.18287658691406,109.7989501953125,104.73745727539062
Vietnam,VNM,2015,105.16445922851562,105.55155181884766,104.80487060546875
Vietnam,VNM,2016,105.9639892578125,106.88960266113281,105.11225128173828
Vietnam,VNM,2018,110.02120971679688,111.5494384765625,108.63736724853516
World,OWID_WRL,1970,74.3306884765625,,
World,OWID_WRL,1971,74.30158996582031,,
World,OWID_WRL,1972,74.44290924072266,69.78752136230469,78.88539123535156
World,OWID_WRL,1973,74.91059112548828,70.20796966552734,79.398681640625
World,OWID_WRL,1974,75.04946899414062,70.31046295166016,79.5727767944336
World,OWID_WRL,1975,75.63758850097656,70.79569244384766,80.25900268554688
World,OWID_WRL,1976,76.1631088256836,71.28443145751953,80.82074737548828
World,OWID_WRL,1977,76.86759948730469,72.06736755371094,81.45162963867188
World,OWID_WRL,1978,77.36798095703125,72.52739715576172,81.99019622802734
World,OWID_WRL,1979,77.75660705566406,72.96063995361328,82.3344497680664
World,OWID_WRL,1980,78.73593139648438,74.02498626708984,83.2304916381836
World,OWID_WRL,1981,79.4055404663086,74.66845703125,83.92302703857422
World,OWID_WRL,1982,79.76966094970703,75.03157043457031,84.28704071044922
World,OWID_WRL,1983,80.25846099853516,75.54007720947266,84.75572967529297
World,OWID_WRL,1984,81.23519134521484,76.51744842529297,85.73139953613281
World,OWID_WRL,1985,81.62239837646484,76.92359161376953,86.10179138183594
World,OWID_WRL,1986,81.7615966796875,77.08444213867188,86.22271728515625
World,OWID_WRL,1987,81.57611083984375,76.92707061767578,86.01265716552734
World,OWID_WRL,1988,81.52226257324219,76.89543914794922,85.93702697753906
World,OWID_WRL,1989,81.08515930175781,76.4943618774414,85.46427917480469
World,OWID_WRL,1990,81.34335327148438,76.92986297607422,85.55255126953125
World,OWID_WRL,1991,81.5848617553711,77.18485260009766,85.78163146972656
World,OWID_WRL,1992,81.19856262207031,76.98298645019531,85.21916961669922
World,OWID_WRL,1993,81.9339370727539,77.80903625488281,85.86625671386719
World,OWID_WRL,1994,82.43746185302734,78.41734313964844,86.26640319824219
World,OWID_WRL,1995,81.84403991699219,77.96385955810547,85.53386688232422
World,OWID_WRL,1996,80.87516021728516,77.14122009277344,84.4240493774414
World,OWID_WRL,1997,80.47152709960938,76.85259246826172,83.90852355957031
World,OWID_WRL,1998,80.72783660888672,77.27839660644531,84.00100708007812
World,OWID_WRL,1999,80.95848083496094,77.68399810791016,84.06095886230469
World,OWID_WRL,2000,81.95020294189453,78.81273651123047,84.92124938964844
World,OWID_WRL,2001,82.76011657714844,79.93666076660156,85.42655181884766
World,OWID_WRL,2002,83.42852020263672,80.60597229003906,86.09210968017578
World,OWID_WRL,2003,84.15937042236328,82.00499725341797,86.18901824951172
World,OWID_WRL,2004,84.68721771240234,82.6949691772461,86.56114959716797
World,OWID_WRL,2005,85.47122955322266,83.62159729003906,87.20552062988281
World,OWID_WRL,2006,85.9400863647461,84.24748229980469,87.5252685546875
World,OWID_WRL,2007,86.90557861328125,85.37995147705078,88.32982635498047
World,OWID_WRL,2008,88.45838928222656,87.15850067138672,89.67543029785156
World,OWID_WRL,2009,89.154052734375,88.09867095947266,90.13921356201172
World,OWID_WRL,2010,88.9200668334961,87.94284057617188,89.83247375488281
World,OWID_WRL,2011,88.50173950195312,87.54035949707031,89.40026092529297
World,OWID_WRL,2012,89.24446868896484,88.73246002197266,89.71983337402344
World,OWID_WRL,2013,89.30233001708984,89.05998992919922,89.5274429321289
World,OWID_WRL,2014,89.05226135253906,88.68836212158203,89.39112091064453
World,OWID_WRL,2015,88.71566009521484,88.37850952148438,89.03060913085938
World,OWID_WRL,2016,88.90484619140625,88.60275268554688,89.18701171875
World,OWID_WRL,2017,89.16243743896484,88.8620834350586,89.4420394897461
World,OWID_WRL,2018,89.40734100341797,88.9275894165039,89.85442352294922
World,OWID_WRL,2019,89.63014221191406,89.47450256347656,89.77411651611328
World,OWID_WRL,2020,90.14006805419922,89.93853759765625,90.32923889160156
Yemen,YEM,1999,55.972320556640625,34.499271392822266,76.71392059326172
Yemen,YEM,2001,58.85403823852539,38.28998947143555,78.72071838378906
Yemen,YEM,2002,57.932899475097656,39.37519073486328,75.87056732177734
Yemen,YEM,2003,61.01327133178711,43.16569137573242,78.26029205322266
Yemen,YEM,2004,60.04838180541992,43.809791564941406,75.72843170166016
Yemen,YEM,2005,59.80574035644531,45.6639289855957,73.4500503540039
Yemen,YEM,2008,63.358741760253906,51.35419845581055,74.93463134765625
Yemen,YEM,2010,65.44632720947266,54.86650848388672,75.64179992675781
Yemen,YEM,2012,69.84921264648438,60.151790618896484,79.18898010253906
Yemen,YEM,2013,69.69535827636719,61.38690948486328,77.69525146484375
Yemen,YEM,2016,72.3003921508789,64.50009155273438,79.8050765991211
Zambia,ZMB,1972,66.56529235839844,49.02513122558594,83.955322265625
Zambia,ZMB,1973,68.2761001586914,51.47142028808594,84.93551635742188
Zambia,ZMB,1974,71.96932983398438,54.90195846557617,88.88201141357422
Zambia,ZMB,1975,73.44435119628906,56.689239501953125,90.03777313232422
Zambia,ZMB,1976,73.99745178222656,57.44361877441406,90.39214324951172
Zambia,ZMB,1977,76.2780532836914,60.65129089355469,91.75470733642578
Zambia,ZMB,1978,81.16918182373047,66.17777252197266,96.01722717285156
Zambia,ZMB,1979,80.45160675048828,66.06561279296875,94.69503784179688
Zambia,ZMB,1980,81.28121185302734,66.60472106933594,95.80262756347656
Zambia,ZMB,1981,82.08103942871094,68.7520980834961,95.26541137695312
Zambia,ZMB,1982,83.97135925292969,70.67912292480469,97.111328125
Zambia,ZMB,1983,85.91535949707031,72.28156280517578,99.38313293457031
Zambia,ZMB,1984,90.957763671875,74.8111801147461,106.8971176147461
Zambia,ZMB,1986,88.96376037597656,76.83358764648438,100.92669677734375
Zambia,ZMB,1998,63.696231842041016,57.378971099853516,69.9892807006836
Zambia,ZMB,1999,61.45302963256836,54.9887809753418,67.91802215576172
Zambia,ZMB,2000,59.03316879272461,53.619720458984375,64.47083282470703
Zambia,ZMB,2002,58.86299133300781,53.01361083984375,64.77226257324219
Zambia,ZMB,2004,69.95616149902344,64.33738708496094,75.64531707763672
Zambia,ZMB,2005,81.23763275146484,68.1570816040039,94.49019622802734
Zambia,ZMB,2006,82.83577728271484,76.99378967285156,88.75756072998047
Zambia,ZMB,2007,86.87957763671875,80.63481140136719,93.2058334350586
Zambia,ZMB,2008,91.00871276855469,84.81842803955078,97.27185821533203
Zambia,ZMB,2009,85.2304916381836,79.8182601928711,90.69624328613281
Zambia,ZMB,2010,98.03028106689453,102.00435638427734,94.02655792236328
Zambia,ZMB,2012,88.02960968017578,87.91346740722656,88.14610290527344
Zambia,ZMB,2013,79.973876953125,78.58247375488281,81.36598205566406
Zimbabwe,ZWE,1984,81.0879135131836,72.26502990722656,89.83049011230469
Zimbabwe,ZWE,1999,93.22599029541016,90.83676147460938,95.59893035888672
Zimbabwe,ZWE,2001,93.23384857177734,90.25724792480469,96.21470642089844
Zimbabwe,ZWE,2002,88.42466735839844,85.9915771484375,90.87596130371094
Zimbabwe,ZWE,2003,87.78112030029297,85.45497131347656,90.13330078125
Zimbabwe,ZWE,2012,97.0903091430664,97.96295928955078,96.21289825439453
Zimbabwe,ZWE,2013,98.49018096923828,98.85494995117188,98.12310028076172
Zimbabwe,ZWE,2014,97.80699920654297,97.41146850585938,98.20507049560547
Zimbabwe,ZWE,2015,100.6268310546875,100.91259765625,100.33963012695312
Zimbabwe,ZWE,2016,99.26583862304688,99.20713806152344,99.32470703125
Zimbabwe,ZWE,2017,95.47637176513672,96.01495361328125,94.93785858154297
Zimbabwe,ZWE,2018,92.19515228271484,93.23854064941406,91.15428924560547
Zimbabwe,ZWE,2019,88.5088119506836,89.32037353515625,87.70039367675781
Zimbabwe,ZWE,2020,90.01734924316406,90.90254974365234,89.13616180419922